property_id,location,area_sqft,bedrooms,bathrooms,age_years,price_lakhs,parking_spaces,amenities_count,price_per_sqft,rooms_ratio,amenities_density,age_category,price_category,size_category
1,Hyderabad,875.8621160600844,1,4,2.4266725364834487,483.07402860894456,1,9,55154.1184110086,0.2,10.27558999866892,Recent,Luxury,Compact
2,Chennai,1450.0667415111684,5,2,37.21404696470821,30.858347421008325,1,5,2128.063939239769,1.6666666666666667,3.4481171499660177,Old,Budget,Standard
3,Bangalore,3886.1075191392247,3,4,37.30467310971134,303.18111030852253,3,8,7801.665517882463,0.6,2.0586151980097567,Old,Luxury,Spacious
4,Chennai,730.8223204154701,5,4,33.53628700393616,392.6563816635468,2,2,53728.022625297344,1.0,2.7366432908932046,Old,Luxury,Compact
5,Chennai,2716.409213214302,4,1,32.18168940598103,398.19023026146704,0,7,14658.698266977684,2.0,2.5769313275583268,Old,Luxury,Large
6,Delhi,2489.48165605874,4,4,12.18585660837631,36.45686508473781,2,4,1464.435979916198,0.8,1.60676018249223,Old,Budget,Large
7,Bangalore,2004.805305449369,4,3,1.1172466883145604,455.0792636674108,1,6,22699.424349608187,1.0,2.9928093185363576,Brand New,Luxury,Large
8,Bangalore,2275.5754189351574,5,1,40.43576984427199,460.8568025250186,3,2,20252.319421725602,2.5,0.8788985780730083,Old,Luxury,Large
9,Bangalore,2884.732641186048,5,3,24.556926784791344,289.4673791140989,0,7,10034.461252363593,1.25,2.4265680292375285,Old,Premium,Large
10,Chennai,1226.1531127477242,5,1,15.341906535130915,251.3999354658301,0,1,20503.143763380438,2.5,0.8155588316038844,Old,Premium,Standard
11,Hyderabad,3073.981452276168,1,2,5.096595339028504,41.53638227004791,1,7,1351.2242319904622,0.3333333333333333,2.2771770450393456,Medium,Budget,Spacious
12,Bangalore,4124.445481849938,5,2,3.1360795450694203,289.73798840473694,0,1,7024.895581230491,1.6666666666666667,0.2424568355674979,Recent,Premium,Spacious
13,Chennai,3920.724184055716,4,2,17.443336089758866,216.50195924971075,2,6,5521.98902769423,1.3333333333333333,1.530329530549486,Old,Premium,Spacious
14,Delhi,1192.5495711219814,2,4,40.236853238347024,390.94707555615497,1,1,32782.459113069985,0.4,0.8385395661659365,Old,Luxury,Standard
15,Hyderabad,1171.6226138366326,5,2,45.93618746669152,213.86411210532216,1,6,18253.668850330225,1.6666666666666667,5.1211029295109025,Old,Premium,Standard
16,Delhi,1706.78465485211,2,1,44.83756823065323,348.1187999958607,0,0,20396.175874104316,1.0,0.0,Old,Luxury,Standard
17,Hyderabad,2124.8362685346674,4,2,46.000041737482746,68.67591019401479,1,5,3232.0565688280144,1.3333333333333333,2.353122484796491,Old,Budget,Large
18,Chennai,2338.0501163381714,5,1,45.386267156467134,83.81708996766413,3,9,3584.9141719398876,2.5,3.849361455987822,Old,Budget,Large
19,Mumbai,3558.637475750054,1,3,26.361237580019797,87.06089151159601,2,6,2446.4670004984478,0.25,1.6860385585456075,Old,Budget,Spacious
20,Hyderabad,755.0619447462593,1,4,10.970781927845191,41.85223990387689,1,3,5542.88826169639,0.2,3.973183949838921,Old,Budget,Compact
21,Delhi,656.0271690172988,2,3,39.90232914184102,279.8378524495058,3,0,42656.44254775167,0.5,0.0,Old,Premium,Compact
22,Chennai,2263.597533247591,1,3,10.68564874262895,401.10450850094526,0,5,17719.780244038317,0.25,2.208873232348192,Old,Luxury,Large
23,Hyderabad,3637.236614620912,1,2,13.360363837828451,312.99737777295974,1,3,8605.362007925944,0.3333333333333333,0.8248019905938048,Old,Luxury,Spacious
24,Mumbai,1370.4590433041717,1,2,11.662716091127423,295.978345065371,3,2,21597.02229055808,0.3333333333333333,1.4593650279237877,Old,Premium,Standard
25,Mumbai,3386.7701656531326,4,2,25.749120184790293,346.6994856333135,0,3,10236.876690050007,1.3333333333333333,0.8857997009730524,Old,Luxury,Spacious
26,Bangalore,1669.2266207313476,1,3,16.091375408453995,183.0297550745671,3,5,10964.943453536302,0.25,2.995399149463194,Old,Mid-Range,Standard
27,Bangalore,4487.387489660823,3,4,7.707802481267073,193.73795439114988,0,4,4317.388566009339,0.6,0.8913872513163195,Medium,Mid-Range,Spacious
28,Delhi,4530.604749199774,5,4,22.65867059469412,170.84964714604283,2,1,3771.011964268554,1.0,0.22072108589402478,Old,Mid-Range,Spacious
29,Hyderabad,1837.792419265969,1,3,43.69536193925835,361.81228776971625,1,1,19687.331603763352,0.25,0.5441310941958336,Old,Luxury,Standard
30,Hyderabad,1534.9718928345824,1,4,28.52764274749861,97.58736112197168,2,2,6357.599222338873,0.2,1.302955454322141,Old,Budget,Standard
31,Bangalore,2350.867874298041,1,3,43.91678029437935,26.252134550203703,2,5,1116.6997021490406,0.25,2.126874102396324,Old,Budget,Large
32,Hyderabad,1582.3921333106694,3,3,9.79360925395687,306.17429442679634,1,0,19348.82561544468,0.75,0.0,Medium,Luxury,Standard
33,Hyderabad,3525.7272948126665,1,4,8.348693683627701,472.3430550724186,2,6,13397.038839826542,0.2,1.7017765409218355,Medium,Luxury,Spacious
34,Mumbai,4217.291080467285,1,1,28.77885628492101,312.5158001582263,2,7,7410.34455993962,0.5,1.6598332594164653,Old,Luxury,Spacious
35,Bangalore,3528.9145891004764,5,1,23.166445077313654,395.8023934116296,3,6,11215.981101784615,2.5,1.7002395066550493,Old,Luxury,Spacious
36,Chennai,4209.577012622072,3,2,33.008632082347845,342.9395405436945,0,2,8146.650827753438,1.0,0.4751071174142114,Old,Luxury,Spacious
37,Bangalore,2286.464729933634,3,4,39.73133955133908,258.7695936910478,2,5,11317.453984893034,0.6,2.1867820371517945,Old,Premium,Large
38,Chennai,1203.4263681898738,1,2,37.565364782608825,364.82835285624606,1,3,30315.80182217549,0.3333333333333333,2.49288205684942,Old,Luxury,Standard
39,Mumbai,3820.7792632891646,3,3,47.113058682928056,415.5699794505065,3,4,10876.576499547844,0.75,1.0469068544296252,Old,Luxury,Spacious
40,Delhi,2122.1352731369925,2,1,19.91282045785058,127.87118920241504,0,2,6025.590866947548,1.0,0.9424469897451687,Old,Mid-Range,Large
41,Hyderabad,3520.7187135310965,3,4,10.319337112409038,181.34263063190983,2,4,5150.72760385429,0.6,1.136131661023328,Old,Mid-Range,Spacious
42,Mumbai,1717.8977389179456,3,4,27.54563199739429,127.38835160157626,2,5,7415.362900577221,0.6,2.9105341294350597,Old,Mid-Range,Standard
43,Hyderabad,865.533356630027,3,4,5.53715600955928,237.04301868341167,1,7,27386.930482534357,0.6,8.087498819519391,Medium,Premium,Compact
44,Delhi,4966.618079694935,4,1,14.442556166581571,444.83098444000046,2,5,8956.416162913887,2.0,1.0067212577591864,Old,Luxury,Spacious
45,Delhi,1202.9067856876968,4,2,10.394402763157224,185.69940840095956,1,8,15437.55597777229,1.3333333333333333,6.65055688037077,Old,Mid-Range,Standard
46,Mumbai,4947.894472835665,4,1,19.828185839854047,199.74410678266565,2,9,4036.9516342613356,2.0,1.8189555273279814,Old,Mid-Range,Spacious
47,Delhi,4897.759696549013,3,2,5.560828750110769,432.9762726425273,2,9,8840.292286034462,1.0,1.8375748418897413,Medium,Luxury,Spacious
48,Chennai,4072.1814675861774,2,3,1.5920872274048925,267.3796787574441,1,9,6566.005981946964,0.5,2.21011761672174,Brand New,Premium,Spacious
49,Delhi,3467.403329368989,3,3,32.83970023150159,277.01551983076854,0,9,7989.1346208397645,0.75,2.5956022836368025,Old,Premium,Spacious
50,Hyderabad,3100.131726129881,1,2,30.512448914490243,433.18457759946216,3,3,13973.102302341129,0.3333333333333333,0.9677008156505392,Old,Luxury,Spacious
51,Hyderabad,4397.456954200256,2,3,35.417946801933056,255.45283377222717,1,1,5809.103680440349,0.5,0.2274041589070802,Old,Premium,Spacious
52,Hyderabad,1802.477847287696,4,3,33.0193220135672,347.1476166221097,0,8,19259.466469698087,1.0,4.438334713537874,Old,Luxury,Standard
53,Hyderabad,2604.5654561819465,5,4,5.714734057119175,61.10943961954915,0,2,2346.2431890319995,1.0,0.7678824101936053,Medium,Budget,Large
54,Chennai,3287.2548621492588,2,4,14.553944068782316,105.74322230090496,1,6,3216.7637355555808,0.4,1.8252311584009966,Old,Mid-Range,Spacious
55,Bangalore,2350.35714141271,4,1,6.476330495017618,214.10057634379788,3,3,9109.278439918719,2.0,1.2764017634344773,Medium,Premium,Large
56,Mumbai,2423.689043406206,2,1,42.14862010242816,257.52275255354,1,0,10625.238961827481,1.0,0.0,Old,Premium,Large
57,Hyderabad,1986.28100375938,2,1,37.345182767776166,483.5521765933901,2,7,24344.600571529612,1.0,3.5241740653770997,Old,Luxury,Standard
58,Delhi,3039.0431750804123,3,4,10.07635014591212,485.9127838629392,2,3,15989.005613586982,0.6,0.9871528067121392,Old,Luxury,Spacious
59,Hyderabad,4327.585376068022,1,1,17.06546202449467,428.5746019898056,0,5,9903.319397460436,0.5,1.1553787078703281,Old,Luxury,Spacious
60,Delhi,1406.877701028408,5,1,48.33074961321071,171.48744093707575,2,6,12189.221622584595,2.5,4.264763024969465,Old,Mid-Range,Standard
61,Delhi,4704.948674390486,4,4,29.707967893982573,482.73357959957104,3,7,10260.124243801829,0.8,1.4877951885217604,Old,Luxury,Spacious
62,Hyderabad,3600.894441867033,2,2,40.05777986505786,350.88361504458203,1,9,9744.346042608566,0.6666666666666666,2.4993790141022787,Old,Luxury,Spacious
63,Chennai,4204.729457060135,5,4,13.229551738436458,208.6112613523522,3,1,4961.348012583172,1.0,0.23782742985304467,Old,Premium,Spacious
64,Delhi,3002.8581168350524,2,2,10.50264600896526,356.80396015268786,0,8,11882.145152057717,0.6666666666666666,2.6641285364597334,Old,Luxury,Spacious
65,Delhi,4007.8251564082857,1,4,39.19584644232742,27.93091029753276,2,9,696.9094011716757,0.2,2.2456069436086823,Old,Budget,Spacious
66,Hyderabad,572.9017880276025,5,1,34.29362276157201,90.15424749162251,2,2,15736.422782342384,2.5,3.490999752131407,Old,Budget,Compact
67,Delhi,4182.711911507909,4,3,34.04889646058818,418.2491415470565,1,0,9999.472839530887,1.0,0.0,Old,Luxury,Spacious
68,Delhi,680.6248658841494,2,3,27.631729091459693,329.87534569912214,3,1,48466.54335359986,0.5,1.4692381223847502,Old,Luxury,Compact
69,Hyderabad,4504.610193632881,1,2,28.17891713882744,194.81345662010432,3,7,4324.757265244987,0.3333333333333333,1.5539635393744546,Old,Mid-Range,Spacious
70,Hyderabad,4963.832362573895,5,2,36.78487526531269,260.319987306905,1,9,5244.334785953998,1.6666666666666667,1.8131152187688369,Old,Premium,Spacious
71,Mumbai,1823.3035797955,2,2,13.500124056059764,454.46823182996815,2,5,24925.53828479517,0.6666666666666666,2.7422750963724845,Old,Luxury,Standard
72,Chennai,1446.4335032860713,2,3,17.638423292847786,323.15749254996155,0,0,22341.676393404752,0.5,0.0,Old,Luxury,Standard
73,Chennai,3944.1351373611833,4,2,43.58183852600276,211.1116562884785,0,8,5352.54622207804,1.3333333333333333,2.0283280672153605,Old,Premium,Spacious
74,Delhi,1638.6185341411394,1,4,15.443260050607888,77.7567955508168,1,6,4745.265229870723,0.2,3.6616209782741302,Old,Budget,Standard
75,Chennai,4395.030724274915,3,4,27.315478568964952,160.99846478026927,1,9,3663.1931579233847,0.6,2.0477672545701724,Old,Mid-Range,Spacious
76,Delhi,962.7916647086452,2,3,35.1319732003342,489.60331174236,1,2,50852.46680968319,0.5,2.077292599542009,Old,Luxury,Compact
77,Mumbai,1066.7983837071122,5,4,49.99624134165882,229.9342701688532,3,6,21553.676278532992,1.0,5.624305484181621,Old,Premium,Standard
78,Hyderabad,4906.18199795277,4,2,21.7645665747666,246.48294264553323,2,5,5023.925788900301,1.3333333333333333,1.019122405586743,Old,Premium,Spacious
79,Hyderabad,3532.275042215021,4,3,21.40464383124719,259.32705555056737,2,2,7341.6439108305785,1.0,0.5662073242025454,Old,Premium,Spacious
80,Hyderabad,4310.992509930287,2,2,42.12941897168337,444.3699310151413,1,7,10307.83352073899,0.6666666666666666,1.6237560106809827,Old,Luxury,Spacious
81,Chennai,1959.482198081831,2,4,40.27515556299316,309.88557650494874,0,0,15814.666589382683,0.4,0.0,Old,Luxury,Standard
82,Mumbai,3544.17687284272,2,2,36.55379408672743,352.96497749692264,3,4,9959.011363160773,0.6666666666666666,1.1286118451508524,Old,Luxury,Spacious
83,Chennai,3174.088222888688,3,3,23.161481870451446,206.91850042356992,1,7,6518.990207375416,0.75,2.2053577306144976,Old,Premium,Spacious
84,Chennai,3214.1755405532613,2,2,16.19695600803579,33.96205692270769,3,2,1056.6335439433324,0.6666666666666666,0.6222435504116047,Old,Budget,Spacious
85,Mumbai,3571.396067919747,1,4,30.436524129242432,466.8669988365653,1,9,13072.394939061021,0.2,2.5200229346845546,Old,Luxury,Spacious
86,Mumbai,3089.1162790809435,5,1,43.81116465658205,475.5812868398751,3,5,15395.383141141172,2.5,1.6185858829139226,Old,Luxury,Spacious
87,Mumbai,2430.780661861997,2,3,44.188872910429325,475.59346560706456,0,9,19565.461955039427,0.5,3.7025142338864625,Old,Luxury,Large
88,Mumbai,1741.6521247124608,3,2,5.4249172535219214,472.9698015904239,0,1,27156.38759769602,1.0,0.5741674734069502,Medium,Luxury,Standard
89,Hyderabad,3958.615989109409,5,3,21.41751419065753,411.3161317133893,0,8,10390.402424609145,1.25,2.0209083230121045,Old,Luxury,Spacious
90,Bangalore,1518.225935014338,4,2,23.236097809937476,348.6061040558369,0,1,22961.411474804292,1.3333333333333333,0.6586634946336601,Old,Luxury,Standard
91,Bangalore,3615.594377694864,2,1,48.88076837618766,425.3647607682971,2,4,11764.725694686194,1.0,1.10631879081254,Old,Luxury,Spacious
92,Mumbai,1549.9977019219698,5,4,33.89990076212923,308.2621947204974,2,2,19887.91301679078,1.0,1.2903244937202392,Old,Luxury,Standard
93,Bangalore,3313.9857647950425,4,2,20.362320863103527,84.49741466817133,3,9,2549.721714733955,1.3333333333333333,2.7157630233685133,Old,Budget,Spacious
94,Bangalore,3861.85220208063,3,2,1.30289429927965,207.7847192198821,1,8,5380.442035247621,1.0,2.0715448394658607,Brand New,Premium,Spacious
95,Mumbai,1484.2125000794265,1,1,28.269258004959795,486.22155774701,2,8,32759.564935680723,0.5,5.390063754059399,Old,Luxury,Standard
96,Bangalore,769.7448538758872,2,3,4.803798781917807,188.54615052591504,1,6,24494.62956153988,0.5,7.794790663150615,Recent,Mid-Range,Compact
97,Chennai,1089.3818434737832,1,4,41.72249786738816,436.5573985910573,3,9,40073.86401805432,0.2,8.261566000862572,Old,Luxury,Standard
98,Delhi,3226.986352719615,3,2,37.625933028518105,64.7415059719374,1,4,2006.2528593396453,1.0,1.2395466118500658,Old,Budget,Spacious
99,Delhi,4322.50882801581,5,2,23.02545799540894,180.40824434022545,0,8,4173.692906557682,1.6666666666666667,1.8507770182327874,Old,Mid-Range,Spacious
100,Mumbai,702.4856955594097,5,4,21.460538977084987,188.4575958691422,0,6,26827.250299960626,1.0,8.541099182413994,Old,Mid-Range,Compact
101,Hyderabad,3803.680665687408,3,1,44.86694827843844,44.76922069231048,2,1,1176.9973514382737,1.5,0.2629032476413943,Old,Budget,Spacious
102,Mumbai,2035.9339067752344,3,3,14.42291752090642,77.16527848964239,3,9,3790.16618529952,0.75,4.420575722055398,Old,Budget,Large
103,Hyderabad,2653.3776646378515,2,4,12.45099810533854,112.71930133845008,2,0,4248.14389751919,0.4,0.0,Old,Mid-Range,Large
104,Delhi,4679.867974305045,4,3,46.9598716412881,422.1514835888542,2,9,9020.585322207582,1.0,1.923131175797003,Old,Luxury,Spacious
105,Mumbai,1993.8717713113049,1,1,40.46229183767413,50.43295517110707,2,9,2529.3981236285294,0.5,4.513830893990235,Old,Budget,Standard
106,Chennai,2594.0162027276874,1,1,41.03127965335973,163.37643264530587,3,3,6298.204015592137,0.5,1.1565078108785167,Old,Mid-Range,Large
107,Bangalore,561.570866423065,5,4,9.759690713796276,24.88400124284841,0,9,4431.141772248171,1.0,16.026472415361663,Medium,Budget,Compact
108,Hyderabad,867.1942400217727,5,2,7.1647995715467205,353.9013177934519,0,7,40809.92486580244,1.6666666666666667,8.072009334176679,Medium,Luxury,Compact
109,Bangalore,1663.662160106528,2,1,1.301477490856745,317.7454832208223,2,5,19099.159122575482,1.0,3.005417878639398,Brand New,Luxury,Standard
110,Bangalore,625.3350836948348,3,1,11.852075445934002,329.59148578550804,1,1,52706.38004797274,1.5,1.5991426453980992,Old,Luxury,Compact
111,Mumbai,3341.188967217129,1,4,38.70952458571624,199.703736663017,0,4,5977.026101260891,0.2,1.1971786209181676,Old,Mid-Range,Spacious
112,Bangalore,2418.792605607301,2,4,12.001920938207489,119.96855420843316,0,8,4959.8528592455295,0.4,3.3074352805007816,Old,Mid-Range,Large
113,Chennai,2966.653412276099,5,4,36.45516417974381,365.753702377296,3,5,12328.831567037674,1.0,1.6854007884135884,Old,Luxury,Large
114,Bangalore,1285.912336533483,5,1,12.595413268371075,409.33657891553366,0,5,31832.386025551998,2.5,3.8882899385496392,Old,Luxury,Standard
115,Mumbai,1831.6941324647728,1,3,19.764624897533583,86.52871908713685,0,6,4723.972062448094,0.25,3.2756560681483715,Old,Budget,Standard
116,Chennai,3487.210136837263,5,1,49.15811449557042,253.67812540996223,2,4,7274.529364612265,2.5,1.1470487418426163,Old,Premium,Spacious
117,Delhi,4843.862256336799,5,4,12.24058656420678,139.383527349854,2,2,2877.528715179933,1.0,0.4128936567887693,Old,Mid-Range,Spacious
118,Bangalore,726.8754812099414,4,2,18.818531364913383,100.69129337894418,3,2,13852.61932502326,1.3333333333333333,2.751502907583074,Old,Mid-Range,Compact
119,Mumbai,4506.729443848697,3,2,15.054359023260682,372.4761504775996,3,4,8264.888210362793,1.0,0.887561600898776,Old,Luxury,Spacious
120,Delhi,3095.965405900438,5,4,5.481249316500114,278.2865290269618,1,3,8988.683416700655,1.0,0.969003075513201,Medium,Premium,Spacious
121,Delhi,3037.638050400307,4,2,24.49470710654125,123.76895954176052,0,4,4074.5130752312625,1.3333333333333333,1.3168125805748552,Old,Mid-Range,Spacious
122,Hyderabad,2751.2534084349213,2,1,18.934533166650112,168.80000538154164,2,8,6135.38559785248,1.0,2.9077655934830378,Old,Mid-Range,Large
123,Chennai,812.2733865688252,5,3,34.74435429036401,483.99376223731633,2,4,59585.081850555835,1.25,4.924450395816426,Old,Luxury,Compact
124,Bangalore,904.445832812723,2,1,40.87972734757731,427.3661910601072,0,3,47251.71763255819,1.0,3.316948225268885,Old,Luxury,Compact
125,Mumbai,3204.1040254658874,5,4,27.212485724781928,442.3744365791016,3,3,13806.494204406454,1.0,0.9362991888391607,Old,Luxury,Spacious
126,Hyderabad,2034.3135714600123,1,1,1.6098211043668431,240.80580659873985,2,0,11837.201991722211,0.5,0.0,Brand New,Premium,Large
127,Chennai,4627.706299599563,4,2,30.94611781173608,319.42748668202,3,9,6902.501282539477,1.3333333333333333,1.9448079496269617,Old,Luxury,Spacious
128,Hyderabad,2329.657418117625,4,1,2.76953650104696,200.8485152981176,2,3,8621.375560892735,2.0,1.2877429860155212,Recent,Premium,Large
129,Chennai,1144.7665641618848,1,3,30.817816179951247,57.301748330667465,2,3,5005.540004797367,0.25,2.62062161310274,Old,Budget,Standard
130,Chennai,3716.234750759162,3,2,34.25149746345942,212.5132691152556,1,8,5718.510357071573,1.0,2.1527165361030383,Old,Premium,Spacious
131,Bangalore,1820.0903964845445,4,3,9.888381380875922,305.11076153942946,2,3,16763.4949411712,1.0,1.6482697814319658,Medium,Luxury,Standard
132,Chennai,2864.616383101519,2,3,40.96730743608856,157.8292499687031,0,6,5509.612068818144,0.5,2.0945212892707823,Old,Mid-Range,Large
133,Hyderabad,3640.247534773265,4,3,45.55425657870243,427.0162758691596,0,0,11730.418653954435,1.0,0.0,Old,Luxury,Spacious
134,Chennai,4551.1885004093165,3,1,40.65434820569098,92.52807640380736,0,6,2033.0530452756625,1.5,1.3183369573596837,Old,Budget,Spacious
135,Bangalore,4064.860376607543,2,1,15.255459510604108,196.22196292972157,3,1,4827.274364918895,1.0,0.2460109099330446,Old,Mid-Range,Spacious
136,Bangalore,3543.6248054272583,2,1,29.332150622281723,79.9538745556174,2,7,2256.2737012440934,1.0,1.975378428686669,Old,Budget,Spacious
137,Hyderabad,3558.349320778146,1,1,45.74075745956139,214.31942431290813,3,0,6023.001256831085,0.5,0.0,Old,Premium,Spacious
138,Delhi,4756.66089814439,5,2,16.033236311142495,39.037426387649816,1,9,820.6897069933789,1.6666666666666667,1.892083583992916,Old,Budget,Spacious
139,Delhi,1831.208438734412,1,1,41.00139111327125,150.8237096295898,2,2,8236.293937888762,0.5,1.092174958183484,Old,Mid-Range,Standard
140,Chennai,505.00442388284335,5,2,0.4737565630848261,212.35292245456816,0,7,42049.71529196588,1.6666666666666667,13.861264711661098,Brand New,Premium,Compact
141,Mumbai,1723.7955172918942,1,3,0.1823351392338135,249.519374372812,1,9,14474.99844789075,0.25,5.221036897774929,Brand New,Premium,Standard
142,Chennai,1480.511208320348,5,2,37.98558301694837,280.9742520680681,1,7,18978.19148473963,1.6666666666666667,4.728096593028537,Old,Premium,Standard
143,Hyderabad,3478.255633012992,4,4,38.07237910635606,151.9957422991611,2,4,4369.8841699998,0.8,1.150001731337686,Old,Mid-Range,Spacious
144,Hyderabad,3351.702198944881,2,1,39.448859392614686,271.05984061513874,0,4,8087.229250273746,1.0,1.1934234495114764,Old,Premium,Spacious
145,Hyderabad,3170.576222171257,5,4,46.501341894408114,264.3222183497887,3,7,8336.724930359094,1.0,2.2078005729842687,Old,Premium,Spacious
146,Hyderabad,573.0954944425416,4,2,5.895315591014211,171.76546442058003,2,9,29971.525877665263,1.3333333333333333,15.70418907019053,Medium,Mid-Range,Compact
147,Hyderabad,3779.5012450279137,3,1,11.599249249184416,418.4961587151096,0,4,11072.787957555463,1.5,1.0583407017690922,Old,Luxury,Spacious
148,Bangalore,1955.886856184712,1,4,45.186246018690376,281.90774076491124,1,8,14413.294913940981,0.2,4.090216146554281,Old,Premium,Standard
149,Delhi,3492.75195052984,3,1,8.861809888617673,179.4894649983416,2,0,5138.9124547225165,1.5,0.0,Medium,Mid-Range,Spacious
150,Hyderabad,3004.60292825969,4,2,34.1114633788292,474.7224857987727,1,4,15799.84101505682,1.3333333333333333,1.3312907214388086,Old,Luxury,Spacious
151,Mumbai,2042.2891644255824,3,4,26.52315000204077,425.6539582741573,0,2,20842.002478815353,0.6,0.9792932532952665,Old,Luxury,Large
152,Mumbai,1105.593201968485,3,2,4.159683842575363,491.6421495448644,3,2,44468.62993273712,1.0,1.8089836265626842,Recent,Luxury,Standard
153,Mumbai,924.8850394721644,4,4,14.263183097076643,352.27225982980195,3,1,38088.22121621138,0.8,1.0812154563238519,Old,Luxury,Compact
154,Mumbai,4241.832499005006,2,3,26.018610822048394,201.5469946429025,1,2,4751.413326438014,0.5,0.4714943365795642,Old,Premium,Spacious
155,Bangalore,4632.788939367011,5,3,42.6175058341917,154.81312000592592,1,6,3341.6829912195053,1.25,1.2951161985850783,Old,Mid-Range,Spacious
156,Mumbai,3424.046210439348,1,3,35.376924480733685,338.3925649637509,1,7,9882.827046318715,0.25,2.044364932534544,Old,Luxury,Spacious
157,Hyderabad,965.4535168721752,5,3,31.09415807274665,490.79195959774574,2,7,50835.379541398055,1.25,7.250478534355778,Old,Luxury,Compact
158,Chennai,2309.1224759970837,1,3,24.80164449707074,320.8232384498474,0,7,13893.7298382718,0.25,3.031454620863012,Old,Luxury,Large
159,Mumbai,3780.226400473208,5,2,14.934199190706716,443.17517167512233,1,0,11723.508719468382,1.6666666666666667,0.0,Old,Luxury,Spacious
160,Bangalore,4009.193978045306,3,3,5.962245565963059,177.96964690292893,1,6,4439.038067938497,0.75,1.4965601646756233,Medium,Mid-Range,Spacious
161,Bangalore,1031.9838003098987,2,2,20.45380172830477,215.3378155876427,1,1,20866.39494951161,0.6666666666666666,0.9690074589346324,Old,Premium,Standard
162,Mumbai,500.1382348042209,3,3,1.4259246955646288,455.0121150028896,3,9,90977.27055021179,0.75,17.995024922505774,Brand New,Luxury,Compact
163,Chennai,3704.6167064627225,2,1,10.55279446334253,383.296016939753,1,3,10346.441948261237,1.0,0.8098003755061852,Old,Luxury,Spacious
164,Mumbai,2104.6827919379257,4,3,21.624168793632997,491.0769537765948,0,4,23332.587488132907,1.0,1.9005239247083527,Old,Luxury,Large
165,Bangalore,1645.1659922821711,1,1,20.930259283595756,391.8868206714761,3,0,23820.5033722981,0.5,0.0,Old,Luxury,Standard
166,Delhi,558.0386140528644,1,2,2.21477154984962,235.28753946475123,0,3,42163.30797539789,0.3333333333333333,5.375972064391592,Recent,Premium,Compact
167,Hyderabad,2931.3473304267486,4,3,29.45300767626457,274.9126495147343,3,3,9378.37173579537,1.0,1.0234201757194215,Old,Premium,Large
168,Bangalore,4330.178309416918,5,4,27.48421279266181,452.2474363823056,3,8,10444.083454919046,1.0,1.8474989777215995,Old,Luxury,Spacious
169,Mumbai,4809.342408226646,4,2,3.905215201045642,284.790433327063,2,8,5921.608593306088,1.3333333333333333,1.6634290763567923,Recent,Premium,Spacious
170,Hyderabad,3045.8522777598014,4,3,47.15815262302196,142.59073959893368,3,9,4681.472592748588,1.0,2.9548379826941,Old,Mid-Range,Spacious
171,Mumbai,2815.075974829524,2,2,4.969138947543006,229.0975101295757,3,0,8138.235421637223,0.6666666666666666,0.0,Recent,Premium,Large
172,Mumbai,882.753734701585,4,4,42.7417075618668,267.8316746475766,0,7,30340.47482541857,0.8,7.929731390336571,Old,Premium,Compact
173,Delhi,2969.9276069416987,1,3,0.0154865957502969,66.42552010454219,0,3,2236.6040151714096,0.25,1.010125631678029,Brand New,Budget,Large
174,Hyderabad,2209.905855344276,3,4,44.11405475226916,377.0060836413873,1,3,17059.825545493855,0.6,1.3575238930405191,Old,Luxury,Large
175,Hyderabad,3232.1087639760963,2,3,0.9859866102156278,72.48988801038705,2,4,2242.8047229824956,0.5,1.2375821149902313,Brand New,Budget,Spacious
176,Delhi,2249.2685654444604,2,1,37.8906015946058,214.3605024170267,3,1,9530.231547723988,1.0,0.44458897232772104,Old,Premium,Large
177,Bangalore,1581.3460555266504,5,2,18.084540565012645,406.2187719393942,2,0,25688.164239553964,1.6666666666666667,0.0,Old,Luxury,Standard
178,Mumbai,927.3437385276944,3,4,36.910840006816,244.4337735743825,1,4,26358.48644025569,0.6,4.313395167093742,Old,Premium,Compact
179,Chennai,1917.133000650031,2,2,20.08726027124893,424.1674494648838,2,6,22125.09248555337,0.6666666666666666,3.1296733184216308,Old,Luxury,Standard
180,Mumbai,934.9017542948852,4,4,3.5453961165920864,184.1030345869352,3,9,19692.233300576918,0.8,9.62667997856942,Recent,Mid-Range,Compact
181,Mumbai,1296.0362787079275,2,2,38.3753347697682,479.665421119249,0,8,37010.184745557235,0.6666666666666666,6.17266671576164,Old,Luxury,Standard
182,Bangalore,4943.012713607956,2,2,3.5626342660682484,120.54484726651307,2,1,2438.6918312926236,0.6666666666666666,0.20230577138655376,Recent,Mid-Range,Spacious
183,Mumbai,2498.466006079784,2,2,46.1060217980609,38.36678959486463,3,7,1535.6138327078543,0.6666666666666666,2.8017191280434286,Old,Budget,Large
184,Delhi,2893.4229492725744,5,1,2.5487017895830686,438.7647406354009,1,6,15164.210290988025,2.5,2.0736684906395864,Recent,Luxury,Large
185,Delhi,4431.283379317469,2,3,23.96626388857577,381.0573036561959,3,1,8599.253783559392,0.5,0.22566825779353017,Old,Luxury,Spacious
186,Hyderabad,4980.060052208095,2,1,36.15172154253978,131.35224179233893,2,4,2637.563411190173,1.0,0.8032031658386231,Old,Mid-Range,Spacious
187,Chennai,3122.215022051067,5,2,19.66232323960189,492.6759714256035,3,6,15779.693837420313,1.6666666666666667,1.9217126167237637,Old,Luxury,Spacious
188,Mumbai,4156.132194698772,3,4,10.861673729621735,261.0944620488933,3,2,6282.150081316577,0.6,0.48121664718726687,Old,Premium,Spacious
189,Mumbai,1971.2346095150388,1,2,37.95454806980136,476.5114112691985,2,1,24173.247008200073,0.3333333333333333,0.5072962879066024,Old,Luxury,Standard
190,Bangalore,1875.84780851281,5,3,39.21473523943632,262.4138102657597,2,5,13989.077849220823,1.25,2.665461439520538,Old,Premium,Standard
191,Delhi,2312.166744475521,5,1,46.13474919771837,246.4998016502197,1,9,10660.987242342435,2.5,3.8924528352048022,Old,Premium,Large
192,Chennai,3526.282682031421,2,3,18.808255521553885,235.5864978293432,3,5,6680.8738570450205,0.5,1.4179237601903203,Old,Premium,Spacious
193,Hyderabad,3569.8626016479443,2,4,25.312586724866343,180.7401325438161,0,3,5062.943667926647,0.4,0.8403684776593697,Old,Mid-Range,Spacious
194,Delhi,1918.5774559225283,1,3,18.1564221423036,276.1767186447448,2,0,14394.869375338723,0.25,0.0,Old,Premium,Standard
195,Hyderabad,1099.4446586148292,2,1,12.85409109256841,237.22623773531257,3,4,21576.91484300717,1.0,3.6382004029557327,Old,Premium,Standard
196,Bangalore,3345.7831540947886,4,4,37.551648076880426,37.63850077930599,0,0,1124.953382984236,0.8,0.0,Old,Budget,Spacious
197,Bangalore,1077.4663798494405,2,3,16.982592250847773,145.0089120432812,0,7,13458.323596467484,0.5,6.496722432284285,Old,Mid-Range,Standard
198,Mumbai,3103.2162870319853,2,1,21.407472099617603,122.29894405066804,3,1,3941.0383530707313,1.0,0.3222463107643817,Old,Mid-Range,Spacious
199,Chennai,3620.3995762533914,4,1,20.183682881201392,436.369089114112,3,8,12053.064307495395,2.0,2.209700844203193,Old,Luxury,Spacious
200,Hyderabad,3652.751733775032,1,2,35.633061282337295,307.45758906888386,3,8,8417.149904440228,0.3333333333333333,2.190129683884152,Old,Luxury,Spacious
201,Delhi,3890.6244979681856,4,3,45.88978130553399,386.5678882158692,0,2,9935.882746272426,1.0,0.5140562912315149,Old,Luxury,Spacious
202,Bangalore,4427.867397045491,5,4,33.33780306536887,479.27649811965466,3,5,10824.093296909783,1.0,1.129211774349039,Old,Luxury,Spacious
203,Mumbai,2749.815463841548,4,2,23.57912980471163,329.1388508126768,2,8,11969.48868535575,1.3333333333333333,2.9092861339952747,Old,Luxury,Large
204,Mumbai,3786.1213528830704,3,3,38.96025573694417,491.6527958742773,0,6,12985.658674143966,0.75,1.584735258269283,Old,Luxury,Spacious
205,Hyderabad,3286.277309146265,5,3,32.04856620610688,169.6467447930222,2,3,5162.277216255203,1.25,0.9128870505390684,Old,Mid-Range,Spacious
206,Bangalore,1339.8797290895716,2,4,3.0305178558906745,109.40824751018906,2,2,8165.527482420407,0.4,1.4926712872646937,Recent,Mid-Range,Standard
207,Chennai,615.6034019123367,5,2,4.783179320942082,213.5887462365975,3,1,34695.8359185632,1.6666666666666667,1.6244224721526186,Recent,Premium,Compact
208,Bangalore,1780.436235546202,1,2,1.8958472036816665,245.98371916918785,2,9,13815.924112200795,0.3333333333333333,5.054940929821607,Brand New,Premium,Standard
209,Hyderabad,2493.651678519287,1,4,22.840816310315997,449.7735405692408,3,9,18036.742839573857,0.2,3.6091648555118723,Old,Luxury,Large
210,Hyderabad,3276.9767499289533,4,2,41.29267171694824,288.77141073760464,0,0,8812.128763008934,1.3333333333333333,0.0,Old,Premium,Spacious
211,Bangalore,4324.816987264425,5,1,15.654158467567605,160.24687972064817,2,9,3705.2869564778757,2.5,2.081012913726268,Old,Mid-Range,Spacious
212,Hyderabad,1383.1057251777454,2,4,19.208009154624083,376.46445577641,3,0,27218.776476977553,0.4,0.0,Old,Luxury,Standard
213,Bangalore,1064.9740545431468,1,3,45.473855418394535,262.79932982675405,1,3,24676.59458046514,0.25,2.8169700352812272,Old,Premium,Standard
214,Delhi,4835.659763634474,2,4,41.84517226583274,97.82333373208168,3,3,2022.95733185657,0.4,0.6203910420995387,Old,Budget,Spacious
215,Bangalore,986.200517193832,3,1,33.252405619128,296.8734980438011,1,8,30102.75221600318,1.5,8.11194058462215,Old,Premium,Compact
216,Bangalore,2653.209815482351,1,4,13.340189104612566,457.46937766749625,3,9,17242.11085749842,0.2,3.3921177087021324,Old,Luxury,Large
217,Hyderabad,3135.0367795698585,4,3,5.852074134422175,424.45885638839366,1,0,13539.198619756906,1.0,0.0,Medium,Luxury,Spacious
218,Hyderabad,2936.184894083472,3,3,0.8029411340056858,301.6687868649589,2,3,10274.175426514637,0.75,1.0217340216023583,Brand New,Luxury,Large
219,Mumbai,887.1447066482444,5,4,5.350533630221044,200.9999234647943,1,2,22656.94896881027,1.0,2.2544236413879726,Medium,Premium,Compact
220,Mumbai,756.6211130162872,2,4,14.629822181197138,61.74980051082136,2,8,8161.257920051211,0.4,10.573323771138,Old,Budget,Compact
221,Delhi,974.6754235746604,1,1,27.589503178974784,245.4314831991794,2,4,25180.842490010655,0.5,4.10393029643637,Old,Premium,Compact
222,Mumbai,3135.1445774267563,3,1,3.200004137619344,380.998130014198,3,8,12152.489960348532,1.5,2.5517164527596328,Recent,Luxury,Spacious
223,Bangalore,2949.551994354445,3,3,6.811388915922451,192.9313854718451,2,9,6541.0403288744565,0.75,3.051310848978537,Medium,Mid-Range,Large
224,Hyderabad,1551.8335641653491,1,2,9.054035115397053,133.01447626479893,0,5,8571.439575502449,0.3333333333333333,3.221995009941186,Medium,Mid-Range,Standard
225,Mumbai,3369.983638305162,5,2,31.599104649165312,467.0622652500576,1,8,13859.48168831328,1.6666666666666667,2.373898765877503,Old,Luxury,Spacious
226,Mumbai,4190.303759250422,5,2,30.78948994900622,414.3467362198364,3,0,9888.22672592968,1.6666666666666667,0.0,Old,Luxury,Spacious
227,Delhi,687.1053193096719,4,2,27.538286318607646,326.3722973216694,2,3,47499.60277553556,1.3333333333333333,4.366142883326927,Old,Luxury,Compact
228,Delhi,2741.584745966191,5,3,12.52507123479698,85.6560050818493,1,3,3124.324542871731,1.25,1.0942576203103063,Old,Budget,Large
229,Bangalore,3601.896854462106,4,2,18.5559845609366,89.55624339496305,1,9,2486.3633527989255,1.3333333333333333,2.498683433660964,Old,Budget,Spacious
230,Hyderabad,1635.403671813592,3,2,4.834485816887152,69.54540389877391,0,9,4252.491607876303,1.0,5.503228441464479,Recent,Budget,Standard
231,Delhi,1884.969073819171,1,4,11.323030187902743,315.8224001085167,1,5,16754.778871179198,0.2,2.6525634130799856,Old,Luxury,Standard
232,Mumbai,3261.370563452227,5,2,44.885261323629024,75.47014230720129,3,9,2314.0621661622718,1.6666666666666667,2.7595760202340567,Old,Budget,Spacious
233,Hyderabad,4540.708820496816,4,4,48.98458732179142,424.4610554540639,3,0,9347.902986820945,0.8,0.0,Old,Luxury,Spacious
234,Hyderabad,4144.659891363047,3,3,32.38297928201474,496.6232008732746,2,9,11982.242545598861,0.75,2.1714688866883565,Old,Luxury,Spacious
235,Mumbai,3124.0859859481257,5,4,45.84116460117101,195.8471286601593,2,4,6268.941685378159,1.0,1.2803744896880755,Old,Mid-Range,Spacious
236,Delhi,3785.997729907621,2,1,32.13709502007126,237.7615265442068,3,2,6280.022955798449,1.0,0.5282623347079505,Old,Premium,Spacious
237,Mumbai,2141.701115935094,3,4,1.659824305273494,361.6002449531258,1,0,16883.786549984892,0.6,0.0,Brand New,Luxury,Large
238,Hyderabad,3384.3448764444097,5,2,49.83812924932045,469.8334430363676,1,5,13882.552168559556,1.6666666666666667,1.4773908045840165,Old,Luxury,Spacious
239,Chennai,2597.8171600740066,3,4,4.9476150843267455,449.1650113070648,0,2,17290.09332182058,0.6,0.769877122508123,Recent,Luxury,Large
240,Chennai,1354.712614059024,1,4,34.132090072253035,47.64407779992732,2,3,3516.9140159679278,0.2,2.2144918183136455,Old,Budget,Standard
241,Bangalore,3657.822232447658,1,3,12.641810153739502,101.1544652272472,1,8,2765.4286840385616,0.25,2.187093710851755,Old,Mid-Range,Spacious
242,Mumbai,3004.090868069699,1,3,19.59905564534801,382.2066553077403,1,1,12722.872645770865,0.25,0.33287941141492755,Old,Luxury,Spacious
243,Mumbai,2113.797118791161,2,2,32.29670924004691,350.6686918555747,2,0,16589.515083458682,0.6666666666666666,0.0,Old,Luxury,Large
244,Bangalore,4601.026355353838,1,1,21.824367465385357,83.94492513925917,3,9,1824.4825970531408,0.5,1.9560852959530293,Old,Budget,Spacious
245,Bangalore,594.2035302202997,2,1,12.527302946556413,260.9909993607525,1,5,43922.82880985083,1.0,8.414625201143219,Old,Premium,Compact
246,Bangalore,1920.979180622732,1,4,16.722309343916237,394.7910229209419,0,0,20551.551360018424,0.2,0.0,Old,Luxury,Standard
247,Hyderabad,755.9662899994096,3,1,17.077405846158815,125.01472748609297,1,0,16537.07700196402,1.5,0.0,Old,Mid-Range,Compact
248,Mumbai,3949.3729229973214,5,3,47.96619522541069,438.21806515263984,1,6,11095.889744948683,1.25,1.5192285248784214,Old,Luxury,Spacious
249,Hyderabad,3659.4835435120663,5,2,39.93065079617255,45.426451913776624,0,1,1241.3350510706248,1.6666666666666667,0.2732626033454665,Old,Budget,Spacious
250,Bangalore,1991.0849843134267,1,2,22.927438573970004,395.4536408326755,3,3,19861.213556840583,0.3333333333333333,1.506716199275879,Old,Luxury,Standard
251,Mumbai,3540.483059931829,5,3,9.991046017068204,315.5930718991377,0,3,8913.842166645316,1.25,0.8473420008561668,Medium,Luxury,Spacious
252,Hyderabad,2281.7175178817743,1,2,40.5508055131328,171.29568639408757,0,1,7507.313462409204,0.3333333333333333,0.43826634636541123,Old,Mid-Range,Large
253,Hyderabad,3903.1420614009535,1,4,7.859123580418675,366.04762320411743,2,5,9378.280816987022,0.2,1.281019220244664,Medium,Luxury,Spacious
254,Bangalore,2543.8264823151776,4,2,10.523110857100171,395.5355816725567,1,9,15548.842832730217,1.3333333333333333,3.537977162581056,Old,Luxury,Large
255,Mumbai,2355.258775242495,4,1,18.30066959200756,468.2715062259052,3,1,19881.95569625645,2.0,0.4245817956445321,Old,Luxury,Large
256,Bangalore,4706.284619697354,4,2,44.0174097925995,196.5318426340465,1,7,4175.944689182118,1.3333333333333333,1.4873728568609492,Old,Mid-Range,Spacious
257,Mumbai,1628.955949508151,2,2,6.589333431705513,349.2880332703784,3,3,21442.448052437692,0.6666666666666666,1.8416704275556521,Medium,Luxury,Standard
258,Chennai,1042.0130299845446,4,3,6.111709642726304,309.2558129286516,0,0,29678.689616121075,1.0,0.0,Medium,Luxury,Standard
259,Delhi,3130.4440096675617,1,3,24.6987494152633,272.09891333940243,2,6,8692.023000542278,0.25,1.9166610172456564,Old,Premium,Spacious
260,Delhi,4861.948155278805,3,1,13.820527054683737,447.3999075944182,0,5,9202.070719504873,1.5,1.0283943473505177,Old,Luxury,Spacious
261,Delhi,2200.27646177234,4,3,28.436397082407996,21.520310786432155,1,5,978.0730358355682,1.0,2.2724417076081704,Old,Budget,Large
262,Bangalore,779.1654363295169,4,1,22.58183423416117,155.41357092972686,2,2,19946.158246167495,2.0,2.5668489729492823,Old,Mid-Range,Compact
263,Chennai,2026.8737028930536,3,4,21.74795531756084,278.37307498151847,2,9,13734.110545920215,0.6,4.440335866587972,Old,Premium,Large
264,Mumbai,2776.692444438013,1,1,5.598648524349664,105.58076558554512,1,6,3802.393232172102,0.5,2.1608442850840714,Medium,Mid-Range,Large
265,Hyderabad,1228.6535298449617,2,2,7.052484512492008,455.775936191724,3,5,37095.56234695687,0.6666666666666666,4.069495491239852,Medium,Luxury,Standard
266,Mumbai,3461.459981254214,4,1,41.0539288723425,330.8456564542474,2,9,9557.980107988129,2.0,2.6000589487499925,Old,Luxury,Spacious
267,Hyderabad,4989.872250545903,3,4,44.29413687858722,249.38383742335515,3,9,4997.8000417961,0.6,1.8036533899270428,Old,Premium,Spacious
268,Mumbai,2532.827641916497,1,2,11.734176644262512,411.0568443519942,3,8,16229.167652361952,0.3333333333333333,3.158525225959195,Old,Luxury,Large
269,Chennai,2096.278505285957,5,1,5.673025076238453,236.4253719032498,3,2,11278.337840467366,2.5,0.9540717013301514,Medium,Premium,Large
270,Hyderabad,2303.1687507551,2,3,2.6708335967255303,288.1534457264046,2,2,12511.173817894703,0.5,0.8683688502391735,Recent,Premium,Large
271,Bangalore,1018.1578027784052,3,3,30.414880687094843,21.32047786588208,0,3,2094.024895522244,0.75,2.9464980691730047,Old,Budget,Standard
272,Mumbai,4474.731206418007,3,3,35.76766062501028,195.53625449363528,2,2,4369.787714023627,0.75,0.4469542208773221,Old,Mid-Range,Spacious
273,Mumbai,2366.715449846084,3,1,18.640499460160274,86.61942672846548,0,3,3659.900337157078,1.5,1.2675795056795276,Old,Budget,Large
274,Hyderabad,2242.7348514117857,4,1,33.98379337453198,351.0505667178997,2,5,15652.789561678048,2.0,2.229420921894773,Old,Luxury,Large
275,Bangalore,3468.6062281871345,5,4,35.6479407779763,249.93294030835224,0,0,7205.572609462205,1.0,0.0,Old,Premium,Spacious
276,Bangalore,2489.1503941900555,2,2,46.76711406984527,164.84362748011077,0,1,6622.485642686497,0.6666666666666666,0.4017435034596975,Old,Mid-Range,Large
277,Chennai,3417.0506096353074,1,2,3.2436818917553625,244.55952289843637,2,9,7157.035433096426,0.3333333333333333,2.633850366342846,Recent,Premium,Spacious
278,Bangalore,776.5083055885439,1,2,9.614586161553987,120.62234621664616,3,5,15533.941536558596,0.3333333333333333,6.439081158585057,Medium,Mid-Range,Compact
279,Bangalore,4161.755046750024,5,2,3.426299379849407,464.04158359334747,3,5,11150.141668134082,1.6666666666666667,1.2014162159554715,Recent,Luxury,Spacious
280,Bangalore,4732.267787957312,3,1,43.399696666805525,45.906863624438245,0,0,970.0816961639862,1.5,0.0,Old,Budget,Spacious
281,Delhi,3419.444237717237,3,1,39.629358001678426,435.40017694213776,1,5,12733.068495154159,1.5,1.4622259210572521,Old,Luxury,Spacious
282,Chennai,4795.5466798646485,3,4,28.73210353109195,265.4522185920084,1,8,5535.390150753379,0.6,1.668214394323401,Old,Premium,Spacious
283,Mumbai,1181.445414664835,3,2,4.183170502559158,317.0943181466323,2,7,26839.523367788348,1.0,5.92494575975466,Recent,Luxury,Standard
284,Hyderabad,2648.3728526615914,3,1,13.66561793268598,165.25069803617782,2,9,6239.706688961954,1.5,3.3983130400068404,Old,Mid-Range,Large
285,Mumbai,3208.1303027545127,5,1,14.885992402925844,484.0148560612743,2,4,15087.132079569754,2.5,1.2468321491074053,Old,Luxury,Spacious
286,Chennai,3117.81491339534,4,1,28.03715980077085,155.2884600893551,1,3,4980.68244597124,2.0,0.9622123452905553,Old,Mid-Range,Spacious
287,Hyderabad,2306.5780059006947,2,1,12.902194701835771,302.66143862734606,3,5,13121.664988267323,1.0,2.1677133776568516,Old,Luxury,Large
288,Chennai,2021.3798421481763,3,2,3.647993195647742,496.8400184514219,2,4,24579.250672818434,1.0,1.9788462893491057,Recent,Luxury,Large
289,Bangalore,1070.7081014768846,4,2,36.53811509266497,442.925310264054,2,5,41367.512737888464,1.3333333333333333,4.669806825131176,Old,Luxury,Standard
290,Hyderabad,2262.841027530252,1,1,14.954010582770566,277.4383161373309,3,9,12260.61896359274,0.5,3.97730105230721,Old,Premium,Large
291,Bangalore,1231.973667974683,5,3,22.61870885116503,495.3797710242618,0,2,40210.25642850362,1.25,1.6234113211915664,Old,Luxury,Standard
292,Mumbai,3804.645544214983,4,4,6.383331749115268,356.65753363165504,2,6,9374.26442192382,0.8,1.577019443801561,Medium,Luxury,Spacious
293,Mumbai,1439.7392097256547,3,2,40.12741516972898,120.17619974806848,1,7,8347.08111970975,1.0,4.861991638981523,Old,Mid-Range,Standard
294,Hyderabad,763.5438737804024,3,2,28.27659384620288,214.68618100918707,1,4,28117.072034937377,1.0,5.238729740827457,Old,Premium,Compact
295,Hyderabad,2985.6476201775545,3,3,45.07928131049314,180.5568003255445,2,4,6047.4919781326,0.75,1.3397428326662753,Old,Mid-Range,Large
296,Chennai,3178.533797237307,4,2,24.77357815326667,185.1265799701708,1,3,5824.275964316556,1.3333333333333333,0.9438313988064296,Old,Mid-Range,Spacious
297,Chennai,4423.608775762275,3,3,47.071283590893984,385.0190908927358,3,9,8703.73286630415,0.75,2.0345379657696157,Old,Luxury,Spacious
298,Bangalore,3096.4172558795685,4,3,44.5934102190663,300.4462050909409,0,4,9703.027087852735,1.0,1.2918155627781371,Old,Luxury,Spacious
299,Hyderabad,2054.663841755506,3,1,28.82299282296169,38.2845015629737,0,9,1863.297576223632,1.5,4.380278572630351,Old,Budget,Large
300,Mumbai,4113.553466868442,1,2,46.694671907493166,441.1752721524685,2,7,10724.918873810713,0.3333333333333333,1.7016917505460178,Old,Luxury,Spacious
301,Chennai,2931.255019343395,1,4,16.154437364727613,162.46214743047898,2,4,5542.409185089284,0.2,1.3646032070235927,Old,Mid-Range,Large
302,Chennai,856.7612808403628,2,3,18.282108135210567,498.59594091830894,0,8,58195.433438501816,0.5,9.337490125782901,Old,Luxury,Compact
303,Mumbai,3046.3275214096097,3,4,2.273897565301847,478.0115505606972,0,0,15691.40373781968,0.6,0.0,Recent,Luxury,Spacious
304,Chennai,4586.083454397481,3,1,29.460045338192653,471.45474400734327,2,6,10280.116982068374,1.5,1.3083058909987237,Old,Luxury,Spacious
305,Bangalore,2283.4068147419925,4,2,36.09619849644667,409.3412499507074,1,4,17926.77709937376,1.3333333333333333,1.7517684427389122,Old,Luxury,Large
306,Hyderabad,1833.4661085491,4,1,38.67595951210516,125.89439920810044,2,3,6866.469940244821,2.0,1.6362451348359137,Old,Mid-Range,Standard
307,Mumbai,1145.6125565810903,3,1,7.490814302305165,275.66371713381534,3,2,24062.56072790373,1.5,1.745790920770545,Medium,Premium,Standard
308,Hyderabad,1181.504848709108,2,4,22.207953615625016,127.6652608759878,2,9,10805.30994142535,0.4,7.617404202643135,Old,Mid-Range,Standard
309,Chennai,2447.471679538185,3,4,8.843160604695782,144.64421868269562,2,6,5909.944531410824,0.6,2.4515094700226086,Medium,Mid-Range,Large
310,Chennai,3180.559208726883,4,3,33.10636744271244,313.2568493294132,2,1,9849.112334393672,1.0,0.3144101192193435,Old,Luxury,Spacious
311,Mumbai,862.7693232632079,3,2,7.897318621088406,39.60010176947043,2,4,4589.882915597069,1.0,4.6362334544661445,Medium,Budget,Compact
312,Bangalore,4728.058650613246,4,1,45.20818419780375,485.3401120739397,2,1,10265.103458710042,2.0,0.2115032984775467,Old,Luxury,Spacious
313,Delhi,3898.1012785033818,3,3,11.531732283070667,460.9631228374229,2,6,11825.324431139532,0.75,1.539210905855071,Old,Luxury,Spacious
314,Mumbai,3139.807632276482,5,3,14.57011331441224,202.76843463570552,1,5,6457.989099436979,1.25,1.592454247388018,Old,Premium,Spacious
315,Delhi,4227.9740192254585,4,1,42.54531610754999,267.40277504331823,2,9,6324.607810440258,2.0,2.1286791165402548,Old,Premium,Spacious
316,Delhi,860.8404056545098,2,1,22.92338050728619,243.73732124852432,0,6,28313.880209097202,1.0,6.969933056799431,Old,Premium,Compact
317,Bangalore,2645.77494979906,5,3,1.199797290003651,443.4558937363855,2,8,16760.9075658557,1.25,3.023688768618654,Brand New,Luxury,Large
318,Delhi,3335.4190708774854,3,1,24.72931256013229,350.5289006317333,1,1,10509.29113202905,1.5,0.299812401005706,Old,Luxury,Spacious
319,Delhi,4228.938077532302,4,1,4.227166769006152,153.4933987636911,3,8,3629.596743900743,2.0,1.8917278648516447,Recent,Mid-Range,Spacious
320,Bangalore,4025.6130202217046,5,4,49.26723593436553,234.4838021433425,0,6,5824.797390247626,1.0,1.490456228619203,Old,Premium,Spacious
321,Delhi,1746.8116237102984,2,2,29.40557852278012,225.9036683296466,2,1,12932.342861894753,0.6666666666666666,0.5724715741677742,Old,Premium,Standard
322,Delhi,4733.960763016419,4,3,12.826630880548922,480.48088077628097,2,9,10149.659129623304,1.0,1.9011564418344091,Old,Luxury,Spacious
323,Delhi,1059.556286438917,5,1,28.18588397738089,104.14923704702704,0,1,9829.514333501264,2.5,0.943791295279762,Old,Mid-Range,Standard
324,Mumbai,4438.101283795184,5,3,3.843355169087742,62.99664190132594,2,3,1419.4502980665459,1.25,0.6759647444175924,Recent,Budget,Spacious
325,Mumbai,4869.231123220783,5,2,39.99456521344085,442.6970394376113,1,1,9091.723687677135,1.6666666666666667,0.20537123309491703,Old,Luxury,Spacious
326,Mumbai,1297.190854501815,1,3,46.266402693208185,450.409274962818,2,0,34721.89719806476,0.25,0.0,Old,Luxury,Standard
327,Bangalore,3749.2972889170337,3,3,43.72221941030798,438.4347621978391,3,5,11693.784952552505,0.75,1.333583232991435,Old,Luxury,Spacious
328,Chennai,681.2848345009932,4,3,17.08788011492814,265.2689195002671,1,9,38936.566039160876,1.0,13.210333687512723,Old,Premium,Compact
329,Delhi,2324.4027131261973,4,4,16.288405982168424,336.677325569341,2,4,14484.46621009696,0.8,1.720872195429601,Old,Luxury,Large
330,Delhi,2823.274846389533,4,2,1.7543805608149998,290.4142628292723,3,2,10286.432551923186,1.3333333333333333,0.7083972014122694,Brand New,Premium,Large
331,Bangalore,3112.9035165933533,5,2,32.57001793504584,53.33495650611244,0,0,1713.350774343313,1.6666666666666667,0.0,Old,Budget,Spacious
332,Delhi,4711.717617118517,3,3,26.745239209489743,306.0007505123468,1,8,6494.462855766039,0.75,1.6978946214719153,Old,Luxury,Spacious
333,Mumbai,3525.128092823876,2,3,22.96731856636707,26.534790682928424,2,7,752.7326662808495,0.5,1.9857434441176591,Old,Budget,Spacious
334,Chennai,2665.7507804865663,4,2,45.38154766673535,175.99395658740136,2,5,6602.040891282345,1.3333333333333333,1.875644203726867,Old,Mid-Range,Large
335,Hyderabad,4143.537663196502,3,1,8.393945054142316,467.5004364191202,0,5,11282.639966604536,1.5,1.2066983351957243,Medium,Luxury,Spacious
336,Delhi,4777.39769429484,3,4,0.4833133345091167,165.94172942518765,0,3,3473.475311116656,0.6,0.6279569321981703,Brand New,Mid-Range,Spacious
337,Mumbai,599.2976690703088,1,2,3.665822606038272,471.116788469239,1,1,78611.4835387368,0.3333333333333333,1.6686198722436236,Recent,Luxury,Compact
338,Hyderabad,4921.345725152174,4,3,11.168571891368446,140.06429943163724,1,3,2846.0568969132173,1.0,0.6095893618421283,Old,Mid-Range,Spacious
339,Chennai,887.5946257865614,5,1,1.6642774631728474,170.9898754215356,1,1,19264.4108530974,2.5,1.1266404402953973,Brand New,Mid-Range,Compact
340,Hyderabad,4164.740506709426,3,1,25.142185532156773,321.6355982905057,2,6,7722.824453824878,1.5,1.440665988753431,Old,Luxury,Spacious
341,Mumbai,1761.5063864813562,3,1,15.704522761678902,385.58094693886153,2,8,21889.27328893011,1.5,4.541567411504058,Old,Luxury,Standard
342,Hyderabad,1094.808459892423,2,4,9.024150403406631,260.66612864234435,1,1,23809.29068340938,0.4,0.9134017836309569,Medium,Premium,Standard
343,Bangalore,2479.350378712257,1,4,37.50420374743311,443.4155298531946,2,8,17884.343159416578,0.2,3.2266516538719703,Old,Luxury,Large
344,Hyderabad,3397.804607514261,3,2,10.2225663116265,39.31540237309724,0,8,1157.0824963316325,1.0,2.3544614608821126,Old,Budget,Spacious
345,Delhi,2214.283302605638,3,2,34.38025504968966,462.6535225444979,3,7,20894.052807067397,1.0,3.1612937656906026,Old,Luxury,Large
346,Delhi,745.5443372721453,5,2,17.463245292381945,114.22774394979584,2,0,15321.38844588922,1.6666666666666667,0.0,Old,Mid-Range,Compact
347,Bangalore,3197.5751284642247,5,2,25.59138803312773,444.4345976406349,1,4,13899.113540268685,1.6666666666666667,1.2509479337616611,Old,Luxury,Spacious
348,Mumbai,4560.814742498036,2,3,46.693351992566,212.41432615346264,2,9,4657.376765913533,0.5,1.973331632205378,Old,Premium,Spacious
349,Delhi,2224.4691467626326,2,4,1.8675817407906412,419.7233868180981,0,3,18868.474189850644,0.4,1.3486363721277193,Brand New,Luxury,Large
350,Chennai,1473.4974993387218,2,1,25.01322537387309,342.39946390577364,1,6,23237.193416306178,1.0,4.071944474077959,Old,Luxury,Standard
351,Delhi,2491.5980566976696,5,3,42.72114801638091,104.4519835895658,3,7,4192.168287689429,1.25,2.809441908651071,Old,Mid-Range,Large
352,Delhi,717.6321997195139,5,2,29.398712418517427,460.6628335430953,1,9,64192.051823085014,1.6666666666666667,12.54124327687309,Old,Luxury,Compact
353,Mumbai,4192.194130161237,1,2,13.843525848257832,137.84834743446063,1,7,3288.2147905006204,0.3333333333333333,1.669770001736721,Old,Mid-Range,Spacious
354,Hyderabad,4218.53364927584,4,3,19.88405675725172,137.18725697359957,1,1,3252.0128646395733,1.0,0.2370491936627462,Old,Mid-Range,Spacious
355,Delhi,3146.002085433328,4,1,34.01328143642873,410.8058703859426,2,2,13058.029182118566,2.0,0.6357274870415484,Old,Luxury,Spacious
356,Bangalore,2088.9630002227527,1,4,44.54059471569016,70.81916267481009,3,9,3390.1587853522738,0.2,4.30835778280434,Old,Budget,Large
357,Hyderabad,4099.025140006025,4,4,2.05331868733058,126.57723505782096,0,9,3087.9838677358025,0.8,2.1956440110993736,Recent,Mid-Range,Spacious
358,Chennai,2996.0916115476525,5,1,3.576941094518821,261.76523524210995,2,6,8736.890228362987,2.5,2.002608991285369,Recent,Premium,Large
359,Mumbai,4216.695388475073,4,4,16.252576180479377,418.62897376957966,3,3,9927.892228444152,0.8,0.7114576045022122,Old,Luxury,Spacious
360,Chennai,3341.564566623593,5,2,11.63898422187395,90.7923078738884,3,5,2717.059810268081,1.6666666666666667,1.4963050691706774,Old,Budget,Spacious
361,Hyderabad,4029.824629457588,1,2,13.2465443111203,282.88075256592623,2,7,7019.678983003333,0.3333333333333333,1.7370482945661574,Old,Premium,Spacious
362,Hyderabad,3193.53346947992,2,2,11.063499931294048,361.395484065411,1,7,11316.477109734684,0.6666666666666666,2.1919294308006667,Old,Luxury,Spacious
363,Hyderabad,2363.634806970498,1,2,9.791252442757886,433.08570786365664,3,6,18322.86893840205,0.3333333333333333,2.538463210266513,Medium,Luxury,Large
364,Chennai,4810.756369667619,4,1,6.531198343464589,469.0714688970654,0,1,9750.472334342598,2.0,0.2078675208549568,Medium,Luxury,Spacious
365,Hyderabad,2935.0122119548014,5,4,46.6977065897619,396.6271589450876,2,1,13513.645951098879,1.0,0.3407140849114122,Old,Luxury,Large
366,Chennai,3222.9028334324225,4,4,7.209473195307653,333.3576311465609,3,2,10343.396880865062,0.8,0.620558578202614,Medium,Luxury,Spacious
367,Hyderabad,1492.1943773663716,4,3,10.220188738276809,228.1376409501276,0,3,15288.734792901183,1.0,2.0104619381389237,Old,Premium,Standard
368,Bangalore,3315.4285524227444,2,1,12.313286199039286,73.81287401044142,0,0,2226.3448855353186,1.0,0.0,Old,Budget,Spacious
369,Hyderabad,3072.2344226732475,4,4,46.65074365652103,360.6738524122502,0,4,11739.789442838694,0.8,1.3019839796337789,Old,Luxury,Spacious
370,Chennai,1331.7727907616122,2,4,37.78570668005424,496.5139061482337,0,6,37282.178280897904,0.4,4.505273002738499,Old,Luxury,Standard
371,Delhi,768.1419380891467,5,3,39.48497151577573,373.6450854714079,2,9,48642.713923535906,1.25,11.716584596837238,Old,Luxury,Compact
372,Hyderabad,3219.61693871647,5,2,5.237912976924902,28.02132499410861,0,4,870.3310215928847,1.6666666666666667,1.242383822714834,Medium,Budget,Spacious
373,Delhi,3936.615212076442,2,4,41.81549375078358,258.20478946008257,2,6,6559.055827147698,0.4,1.5241520130272492,Old,Premium,Spacious
374,Bangalore,2855.306169149037,1,2,20.409654090870895,315.03038359179385,0,4,11033.1559885111,0.3333333333333333,1.4009005560311294,Old,Luxury,Large
375,Mumbai,1520.4768139384057,5,3,13.141151310619437,351.04361652936467,0,9,23087.732302873865,1.25,5.919195819032456,Old,Luxury,Standard
376,Bangalore,3499.3488951186573,1,4,28.787504176015528,365.4684010883401,2,7,10443.897194650768,0.2,2.0003721291593703,Old,Luxury,Spacious
377,Hyderabad,860.4757697432101,5,2,41.10914529083669,287.89205178393155,1,6,33457.31070031717,1.6666666666666667,6.972886641294463,Old,Premium,Compact
378,Delhi,2488.251671608796,5,1,38.93260755374547,127.21295971243534,3,0,5112.543926482522,2.5,0.0,Old,Mid-Range,Large
379,Delhi,1235.1504127928908,3,2,44.49987412905661,472.2563175087424,3,0,38234.72126288558,1.0,0.0,Old,Luxury,Standard
380,Chennai,1330.0657297694752,4,2,46.4066093007722,354.39990447855774,2,4,26645.29252550412,1.3333333333333333,3.0073701701142794,Old,Luxury,Standard
381,Delhi,1410.3227712119165,4,2,11.906103571387478,133.68321769731654,0,1,9478.909397629599,1.3333333333333333,0.7090575437143949,Old,Mid-Range,Standard
382,Chennai,2240.1817566979007,1,2,21.192894708463584,174.714479489731,2,8,7799.120717207595,0.3333333333333333,3.5711388042871377,Old,Mid-Range,Large
383,Mumbai,730.1759252917893,4,1,0.7314269602535006,462.5252819025775,0,1,63344.362075173245,2.0,1.369532965086989,Brand New,Luxury,Compact
384,Hyderabad,2290.070484180942,1,3,43.966082963253,445.9928896195212,2,8,19475.072610222884,0.25,3.4933422596646624,Old,Luxury,Large
385,Chennai,2802.6835120161536,5,2,7.728607573738378,214.470290411883,3,9,7652.319268028964,1.6666666666666667,3.2112081015974976,Medium,Premium,Large
386,Mumbai,2674.8242823484634,3,2,43.07374061713472,38.38746655589647,2,1,1435.1397513930424,1.0,0.3738563338904685,Old,Budget,Large
387,Delhi,2222.5284518136823,3,4,16.469366099329818,43.278737069090326,3,3,1947.27482718041,0.6,1.3498139911558236,Old,Budget,Large
388,Delhi,4276.159736318386,5,4,18.40667949905691,156.28077964082675,3,2,3654.699292767268,1.0,0.46770937554403086,Old,Mid-Range,Spacious
389,Mumbai,1153.9701158922685,2,1,1.9566127241929687,321.97866528271976,3,5,27901.820060024744,1.0,4.332867836992398,Brand New,Luxury,Standard
390,Delhi,2775.635347016183,2,1,16.34393948826598,300.4134249605897,2,3,10823.230986863426,1.0,1.080833620030459,Old,Luxury,Large
391,Mumbai,779.1863763044944,4,1,44.4181841400632,324.2373377330925,1,8,41612.29554229082,2.0,10.267119964214723,Old,Luxury,Compact
392,Chennai,820.2005549505939,1,4,1.277370056080207,364.2958265274112,2,8,44415.45721087145,0.2,9.753712005817764,Brand New,Luxury,Compact
393,Chennai,3082.396323546933,3,2,20.316373652336267,29.13548172451444,2,9,945.2217906550075,1.0,2.9198062336265838,Old,Budget,Spacious
394,Mumbai,3047.082911995194,4,4,1.5699814906370568,70.44108568277258,1,8,2311.7548067193416,0.8,2.6254618699435697,Brand New,Budget,Spacious
395,Chennai,4451.150807800057,5,3,18.54617125545325,192.55205687706209,1,2,4325.893801208441,1.25,0.4493220037603001,Old,Mid-Range,Spacious
396,Chennai,3010.4315404703293,3,1,8.63203203901456,94.33279881035924,3,2,3133.530775977099,1.5,0.6643565791526133,Medium,Budget,Spacious
397,Chennai,4819.059591821826,1,1,12.6109196634186,56.153620421386,0,3,1165.2402165078302,0.5,0.622528097617042,Old,Budget,Spacious
398,Bangalore,719.126817799684,1,1,43.87991865807095,327.66291007871934,0,8,45563.99538558042,0.5,11.124602506797954,Old,Luxury,Compact
399,Hyderabad,941.0345815133348,2,3,21.80246103109455,411.36150919572754,3,5,43713.750512142935,0.5,5.313301018076505,Old,Luxury,Compact
400,Delhi,698.2963770667163,4,2,13.689899570095609,381.2607955684556,2,8,54598.70738123984,1.3333333333333333,11.456453538546237,Old,Luxury,Compact
401,Bangalore,1333.74582650093,5,2,29.46691889752739,412.1790937324061,0,7,30903.871303106847,1.6666666666666667,5.2483763104732155,Old,Luxury,Standard
402,Chennai,2935.7154992375517,3,2,7.105347991629119,339.61114114778104,2,6,11568.257933576431,1.0,2.043794775603524,Medium,Luxury,Large
403,Mumbai,3405.074816423426,1,1,12.969580371042792,372.96575447081705,1,4,10953.232295276483,0.5,1.174717213468297,Old,Luxury,Spacious
404,Chennai,705.1332107690096,3,2,27.312398380144423,150.45381161998463,1,8,21336.934542609553,1.0,11.345374005679437,Old,Mid-Range,Compact
405,Hyderabad,4756.8690043051965,5,4,11.87615209240344,496.6438574163989,3,3,10440.56199502051,1.0,0.6306669360213314,Old,Luxury,Spacious
406,Chennai,4289.744194926714,3,1,33.956386870043666,107.9195141570658,2,3,2515.756400689284,1.5,0.6993423998447189,Old,Mid-Range,Spacious
407,Mumbai,1834.756169706919,4,3,24.574565112976128,122.9570597069036,3,7,6701.547689933347,1.0,3.8152208536342833,Old,Mid-Range,Standard
408,Hyderabad,847.3438860191059,2,3,38.59945351273454,158.6824792716065,0,3,18727.04599511662,0.5,3.5404751830974517,Old,Mid-Range,Compact
409,Chennai,1264.4918294857578,3,2,47.41222678612343,488.1595664511578,0,6,38605.19736609781,1.0,4.744989141163589,Old,Luxury,Standard
410,Hyderabad,1071.249861897377,2,1,5.790244467370387,494.3785228898749,0,3,46149.69303372802,1.0,2.8004671054859767,Medium,Luxury,Standard
411,Delhi,1054.777006845261,5,4,16.733250499227243,401.5489998591188,2,0,38069.56325869428,1.0,0.0,Old,Luxury,Standard
412,Delhi,2833.5275989958027,2,4,15.977453143920329,321.9476473086242,3,9,11362.079106719197,0.4,3.1762528105212686,Old,Luxury,Large
413,Chennai,1606.313491220301,3,1,7.559145966862713,269.6300360886145,3,8,16785.642252421043,1.5,4.980347885842928,Medium,Premium,Standard
414,Hyderabad,2111.6287243811503,3,2,40.51515686667354,485.898005929686,0,3,23010.579479216303,1.0,1.420704295864891,Old,Luxury,Large
415,Mumbai,4952.774000229451,1,3,37.9939352019395,353.8989453719588,3,2,7145.469293683973,0.25,0.4038141049656908,Old,Luxury,Spacious
416,Chennai,3579.4141201640514,3,3,24.221273541719956,473.4704615964945,1,2,13227.596631786053,0.75,0.5587506594258884,Old,Luxury,Spacious
417,Delhi,4770.413001711506,2,4,26.88853888973048,171.94438374925946,1,8,3604.3919821526997,0.4,1.67700364667164,Old,Mid-Range,Spacious
418,Delhi,1141.5044976490203,1,4,2.9772069001248127,180.2119002893915,1,7,15787.226477035,0.2,6.132257923132859,Recent,Mid-Range,Standard
419,Chennai,2219.6276367465616,3,4,27.77536761635228,430.2678051768491,1,9,19384.68408185428,0.6,4.054734159461011,Old,Luxury,Large
420,Hyderabad,2996.2931147705945,3,3,39.56707620098182,91.93036188094128,3,6,3068.1364726220972,0.75,2.0024743141524652,Old,Budget,Large
421,Delhi,845.411278499321,5,4,28.69137867919286,474.0453734221164,1,6,56072.75245530062,1.0,7.097137396428546,Old,Luxury,Compact
422,Hyderabad,518.8434963258104,1,3,13.265318506020945,263.5876902384356,1,3,50802.92845627467,0.25,5.782090401526657,Old,Premium,Compact
423,Delhi,3516.9545020861287,5,3,33.37741361671686,464.6786617201749,1,2,13212.529802263423,1.25,0.5686738337995766,Old,Luxury,Spacious
424,Delhi,3388.1878256064592,5,2,18.07442149826238,181.6605385883903,1,3,5361.58406613348,1.6666666666666667,0.8854290713541016,Old,Mid-Range,Spacious
425,Bangalore,2348.549644998253,5,2,27.24366421428676,363.66027398691057,1,5,15484.461857615153,1.6666666666666667,2.1289735180385,Old,Luxury,Large
426,Delhi,2703.3983421441467,4,2,24.37826816394624,251.78005854689104,2,3,9313.46500520514,1.3333333333333333,1.1097143743975997,Old,Premium,Large
427,Mumbai,2369.4935026644034,5,4,19.058750048259004,320.8657425178271,2,3,13541.532912288048,1.0,1.2660933640993808,Old,Luxury,Large
428,Chennai,608.0227018019998,2,3,35.943899019706755,262.09879670679305,1,1,43106.74518073249,0.5,1.644675432407861,Old,Premium,Compact
429,Chennai,2009.1722279785808,3,4,44.19380559929409,484.2154963382535,1,6,24100.248330896975,0.6,2.9863044673062067,Old,Luxury,Large
430,Hyderabad,1296.8701492878042,4,3,0.2606259238462471,352.2105909506803,3,5,27158.508594256877,1.0,3.855436107266271,Brand New,Luxury,Standard
431,Delhi,942.9088509561592,5,2,46.680825961518366,140.6331049406314,1,1,14914.814385083142,1.6666666666666667,1.0605478981196828,Old,Mid-Range,Compact
432,Mumbai,4805.241952502074,3,2,25.575756804161248,456.64492251444057,0,4,9503.057848661856,1.0,0.8324242649045409,Old,Luxury,Spacious
433,Hyderabad,3197.1187626897454,1,4,35.03659401816326,161.1342743144501,2,5,5039.984006690053,0.2,1.56390812200967,Old,Mid-Range,Spacious
434,Bangalore,3778.953279064712,1,3,42.78122830879386,198.37044766441105,1,4,5249.349039676605,0.25,1.0584941661385125,Old,Mid-Range,Spacious
435,Hyderabad,1919.1368446975289,3,4,23.355184615713497,69.01937504970242,2,3,3596.3759041153953,0.6,1.563202753513298,Old,Budget,Standard
436,Hyderabad,2269.162082723068,2,1,41.74870366824452,451.9839295021716,1,8,19918.53878325766,1.0,3.525530441791862,Old,Luxury,Large
437,Delhi,1566.1579725352556,3,4,8.880990972760111,157.33377114937423,0,2,10045.843006161533,0.6,1.277010387887278,Medium,Mid-Range,Standard
438,Bangalore,936.3455193444112,3,2,7.958376723990723,144.2804566070635,1,1,15408.890588602642,1.0,1.0679818286524798,Medium,Mid-Range,Compact
439,Hyderabad,1305.642368487127,4,3,32.873568442807674,461.7260470375778,2,8,35363.898888528616,1.0,6.1272521427669,Old,Luxury,Standard
440,Mumbai,4088.8132038341855,1,3,43.50715027758686,406.652893954416,2,7,9945.499431793243,0.25,1.711988210524247,Old,Luxury,Spacious
441,Mumbai,3548.956123326991,1,4,44.62130887680197,87.71788232929971,2,8,2471.653051801273,0.2,2.254183969031533,Old,Budget,Spacious
442,Chennai,2961.179941934646,5,2,32.187022918862326,389.2757618737667,3,9,13145.967806989762,1.6666666666666667,3.039328975773074,Old,Luxury,Large
443,Bangalore,2637.9044279004565,3,1,26.274461510465876,458.25588706581954,2,2,17371.96701362496,1.5,0.7581775817374198,Old,Luxury,Large
444,Bangalore,4650.95427645256,3,4,16.56965438482581,57.68538474115708,1,0,1240.291374895125,0.6,0.0,Old,Budget,Spacious
445,Chennai,827.3072650040078,2,3,49.00002077996657,416.1031975541951,0,0,50296.08890865709,0.5,0.0,Old,Luxury,Compact
446,Hyderabad,1762.7036595706218,1,2,15.984784333312524,282.7616248990669,0,2,16041.359156646045,0.3333333333333333,1.1346206658963773,Old,Premium,Standard
447,Bangalore,2074.720341068213,2,3,37.20930536157966,341.2147757018243,1,3,16446.30213275601,0.5,1.4459780147792773,Old,Luxury,Large
448,Mumbai,4020.916154957545,4,3,26.59908999525004,256.5700826743697,3,1,6380.886165906106,1.0,0.24869954046842307,Old,Premium,Spacious
449,Mumbai,4966.315790728871,5,3,30.425617126267333,354.9454807545338,1,7,7147.058216014912,1.25,1.409495548605188,Old,Luxury,Spacious
450,Delhi,1583.017316407189,2,3,19.67402752943131,36.36697360004155,2,2,2297.3200117974648,0.5,1.2634100582924725,Old,Budget,Standard
451,Bangalore,4434.383003616863,1,1,48.24115627361239,386.0992271471762,3,3,8706.943600321803,0.5,0.6765315484821853,Old,Luxury,Spacious
452,Hyderabad,4237.802421943061,4,2,28.58411630496355,36.00497497230003,1,5,849.6142903186956,1.3333333333333333,1.179856798917838,Old,Budget,Spacious
453,Chennai,1510.9582893879497,3,4,46.8893815229395,238.54392691872485,3,9,15787.591794830607,0.6,5.956484744291431,Old,Premium,Standard
454,Chennai,2296.996610896502,4,2,0.3795708086957061,92.46319670254154,0,5,4025.395434364781,1.3333333333333333,2.1767554972789163,Brand New,Budget,Large
455,Hyderabad,2343.527911816336,2,2,28.633529159556048,415.31565312862745,1,1,17721.813810476007,0.6666666666666666,0.4267071004180856,Old,Luxury,Large
456,Delhi,4901.993008369513,1,2,35.85934448626357,170.55723640432092,1,5,3479.3447504538813,0.3333333333333333,1.0199932948625494,Old,Mid-Range,Spacious
457,Chennai,1314.0135562050425,2,4,37.2540085581109,237.9649014100796,0,3,18109.77522159953,0.4,2.2830814688580516,Old,Premium,Standard
458,Bangalore,4096.210869971519,3,2,45.24884408908407,225.8003558231896,3,4,5512.420209576749,1.0,0.9765122272691523,Old,Premium,Spacious
459,Delhi,2003.8672137789947,3,4,0.2200804501893138,390.8009435286591,0,6,19502.337322624626,0.6,2.994210374191858,Brand New,Luxury,Large
460,Bangalore,3788.916555992722,1,4,0.0165079629738218,250.94929270206825,3,6,6623.2467512422645,0.2,1.583566149143646,Brand New,Premium,Spacious
461,Mumbai,2390.049519330483,5,1,23.613173039760767,398.7000008049661,1,5,16681.66276808577,2.5,2.092006864109089,Old,Luxury,Large
462,Delhi,3102.61893402443,4,3,1.4646852502685326,55.28397286528411,3,9,1781.8486266237944,1.0,2.9007751810261895,Brand New,Budget,Spacious
463,Chennai,4246.75297996759,4,4,48.72662768311873,111.96510459343764,3,5,2636.487338010701,0.8,1.1773701045447098,Old,Mid-Range,Spacious
464,Delhi,4118.745042427478,3,3,11.103258727069598,284.7364398302531,2,5,6913.184401975925,0.75,1.213962007479136,Old,Premium,Spacious
465,Delhi,4398.904325928651,2,2,23.633236468242234,474.6023958812936,2,3,10789.10475692377,0.6666666666666666,0.681988008313109,Old,Luxury,Spacious
466,Delhi,768.2779640509656,2,3,3.0568815006111807,55.88376642645456,2,2,7273.899427206189,0.5,2.603224475493775,Recent,Budget,Compact
467,Delhi,3614.227488678852,5,3,26.102420808562925,40.68042375529487,0,0,1125.5634539530668,1.25,0.0,Old,Budget,Spacious
468,Bangalore,1129.9431952479329,2,3,18.997806257370424,95.14432396537072,0,2,8420.274962981133,0.5,1.7700004818040067,Old,Budget,Standard
469,Mumbai,2371.183556082849,4,2,2.233001443861188,327.7535018528751,2,2,13822.358923335221,1.3333333333333333,0.8434606400965274,Recent,Luxury,Large
470,Hyderabad,2968.647867746098,2,2,16.75621333481124,211.51660000171864,1,8,7125.014802187013,0.6666666666666666,2.6948295508264106,Old,Premium,Large
471,Delhi,2312.327681360738,5,4,19.57180101114278,416.2651421204894,1,2,18001.996234181195,1.0,0.8649293160833752,Old,Luxury,Large
472,Chennai,2838.252541113534,4,4,49.496074563747,54.52791271105559,1,7,1921.1790325628535,0.8,2.46630625661439,Old,Budget,Large
473,Delhi,4984.368389593787,2,1,10.394293595968772,114.27876167105651,0,7,2292.7430867598846,1.0,1.404390577272416,Old,Mid-Range,Spacious
474,Chennai,1108.4779117078465,4,2,27.238980768504984,164.01267462314993,3,2,14796.205940671694,1.3333333333333333,1.8042759164398448,Old,Mid-Range,Standard
475,Bangalore,3539.552204013915,3,1,49.36577745993143,320.83044161061696,0,9,9064.1534046818,1.5,2.542694522147135,Old,Luxury,Spacious
476,Chennai,2282.0043487352686,3,2,39.60096039700676,348.8828913447427,2,9,15288.441125806812,1.0,3.943901336116198,Old,Luxury,Large
477,Hyderabad,1098.5440950829795,3,3,49.66837504410445,79.61758110261144,3,5,7247.554418523132,0.75,4.551478654684608,Old,Budget,Standard
478,Mumbai,1214.3154351843928,2,1,48.41491573300846,473.02626031603495,1,7,38954.15034761592,1.0,5.764564788667991,Old,Luxury,Standard
479,Chennai,4771.728978105276,5,1,24.476977104707714,183.7011848913004,0,7,3849.7824527377734,2.5,1.4669735083696036,Old,Mid-Range,Spacious
480,Chennai,4458.206735202929,4,1,34.81879249352829,362.3210062401359,0,9,8127.057082821524,2.0,2.0187489128608873,Old,Luxury,Spacious
481,Mumbai,4581.688821867598,1,2,5.522156347057555,271.61970509489544,2,9,5928.3752270233235,0.3333333333333333,1.9643411741636791,Medium,Premium,Spacious
482,Hyderabad,4961.89749122324,3,4,22.05744125234009,126.92389450261118,1,8,2557.9709118763167,0.6,1.612286431582001,Old,Mid-Range,Spacious
483,Delhi,1437.419255038331,3,1,40.45092711333487,426.1895950953973,0,8,29649.637264949004,1.5,5.565530009396366,Old,Luxury,Standard
484,Chennai,2099.477018138278,1,4,25.26676604885717,412.7542535321264,0,7,19659.860525557855,0.2,3.3341636700587878,Old,Luxury,Large
485,Mumbai,3511.4856346619003,1,2,35.134951640861594,210.11448988001123,3,6,5983.635182954176,0.3333333333333333,1.7086784980049345,Old,Premium,Spacious
486,Bangalore,2677.1114293729124,2,1,37.287566499213845,302.5316411330506,0,9,11300.674219747203,1.0,3.3618324217861053,Old,Luxury,Large
487,Mumbai,2382.7529002025008,4,2,12.673457062144694,143.75633404925108,3,2,6033.203612386068,1.3333333333333333,0.8393652568128352,Old,Mid-Range,Large
488,Bangalore,2110.1506220101687,3,4,43.784968647128274,351.1287817982247,0,6,16639.98665003984,0.6,2.8433989201606322,Old,Luxury,Large
489,Hyderabad,3172.012843745535,5,4,22.99112154545895,168.33287005780707,1,3,5306.815525344419,1.0,0.945771706415154,Old,Mid-Range,Spacious
490,Delhi,3090.170428880369,2,1,10.509255181077188,425.1577925034728,2,1,13758.39301709699,1.0,0.32360674694642005,Old,Luxury,Spacious
491,Mumbai,1226.5602532890805,2,4,43.27079408942219,124.34485005309168,1,7,10137.68787302988,0.4,5.707016823045719,Old,Mid-Range,Standard
492,Chennai,2622.829268832976,5,3,20.89094030531268,27.105642952862787,2,1,1033.4505289748959,1.25,0.38126766842317134,Old,Budget,Large
493,Hyderabad,2990.6229929443243,5,3,37.51562191898599,148.88386014460085,0,0,4978.35603136395,1.25,0.0,Old,Mid-Range,Large
494,Mumbai,3066.291224291257,5,1,27.401653611079645,111.7051935005536,1,4,3643.006659498664,2.5,1.3045075328500673,Old,Mid-Range,Spacious
495,Chennai,1445.4823681055832,1,2,19.09358761172502,263.9774910679637,3,9,18262.242203198002,0.3333333333333333,6.226295248274248,Old,Premium,Standard
496,Mumbai,3840.22126513529,3,2,40.49382075192847,117.77757999515664,2,8,3066.9477580481903,1.0,2.083213296231295,Old,Mid-Range,Spacious
497,Bangalore,613.3959266948134,1,2,29.22349658223065,386.3311379453575,2,4,62982.34486607068,0.3333333333333333,6.521073626219472,Old,Luxury,Compact
498,Mumbai,2096.743349944232,3,3,19.528105121351587,135.85790624192188,0,1,6479.472380133475,0.75,0.47693009257742375,Old,Mid-Range,Large
499,Mumbai,4010.956918410351,1,4,5.479893516756351,359.34472635807475,2,9,8959.077189502515,0.2,2.2438535698775195,Medium,Luxury,Spacious
500,Mumbai,3037.5181447493105,4,3,44.7722656883354,297.6660430465876,2,3,9799.646581902289,1.0,0.9876484211907787,Old,Premium,Spacious
501,Hyderabad,1675.230946298871,3,4,1.7734792670833277,493.3999311065045,2,7,29452.65142078381,0.6,4.178528348861554,Brand New,Luxury,Standard
502,Mumbai,3627.289037043715,2,3,43.15936741840281,499.9524689644312,0,6,13783.08879878783,0.5,1.6541279006787046,Old,Luxury,Spacious
503,Chennai,3053.2592487023303,3,2,17.998076244157772,437.3725199923184,1,4,14324.77508021,1.0,1.3100754551714024,Old,Luxury,Spacious
504,Bangalore,4083.0962425537423,3,2,31.966938175070293,384.7920172634005,0,3,9424.025161423458,1.0,0.7347365385939745,Old,Luxury,Spacious
505,Bangalore,3807.613337854205,3,2,46.109986191784266,205.4990787202754,3,4,5397.057434305691,1.0,1.0505268379625479,Old,Premium,Spacious
506,Mumbai,3245.485649163056,4,1,7.585330775194921,381.5728290230257,2,6,11757.03331553555,2.0,1.8487217780634082,Medium,Luxury,Spacious
507,Hyderabad,2696.7995388986637,1,1,28.34752378194051,479.20425779815554,2,4,17769.368871735125,0.5,1.4832396484440018,Old,Luxury,Large
508,Hyderabad,1099.3195655038553,2,4,38.2216431185096,31.2212361898132,1,7,2840.0509887680796,0.4,6.367575198019571,Old,Budget,Standard
509,Chennai,1675.998580484227,1,1,37.87919163595287,278.1990560949146,2,6,16599.003085941622,0.5,3.57995529940514,Old,Premium,Standard
510,Mumbai,2385.9476281268835,1,3,26.2815957299752,124.6391861064486,1,6,5223.886083547361,0.25,2.514724099250398,Old,Mid-Range,Large
511,Bangalore,3196.846791528749,5,3,31.236972995322905,287.78063161704824,2,8,9002.015122514835,1.25,2.5024658739352215,Old,Premium,Spacious
512,Hyderabad,2811.685348468872,4,4,37.87634970664222,243.89460308426771,2,7,8674.320660278814,0.8,2.489610014083515,Old,Premium,Large
513,Mumbai,1796.8303668178826,5,4,42.05138188787059,296.3689191450965,0,7,16493.98433030462,1.0,3.8957489417305045,Old,Premium,Standard
514,Hyderabad,529.0896100536975,4,2,38.09065484379319,284.46186628098764,0,5,53764.402262996155,1.3333333333333333,9.450195023660639,Old,Premium,Compact
515,Hyderabad,2733.0764985536625,1,1,17.700247159062133,480.85137880090974,3,6,17593.776795321137,0.5,2.195328232918173,Old,Luxury,Large
516,Bangalore,1785.316948530094,1,2,49.836320052886656,285.0493322886733,1,7,15966.315254182915,0.3333333333333333,3.9208724287098233,Old,Premium,Standard
517,Delhi,3805.737353197408,4,1,21.72513468596522,426.1914022999362,3,4,11198.65515527154,2.0,1.0510446803795805,Old,Luxury,Spacious
518,Chennai,607.7581937171757,1,1,1.223235137946671,173.51373766440634,0,9,28549.79816942659,0.5,14.808521041821132,Brand New,Mid-Range,Compact
519,Chennai,3131.7251508760587,1,4,18.1308475792731,230.2883306197035,1,1,7353.401704338051,0.2,0.31931282338753875,Old,Premium,Spacious
520,Bangalore,4736.634068777295,2,2,6.389147728692163,245.79846850150875,0,6,5189.306687669851,0.6666666666666666,1.2667222996073302,Medium,Premium,Spacious
521,Hyderabad,1284.8417020017478,5,2,6.07213078641875,153.78946080098223,1,9,11969.525939373116,1.6666666666666667,7.00475395994561,Medium,Mid-Range,Standard
522,Mumbai,2622.422708377679,5,1,14.076752005344716,202.2993255094185,2,2,7714.21498384476,2.5,0.7626535545206855,Old,Premium,Large
523,Hyderabad,911.3989631771216,5,1,2.668774708863042,307.2862781440521,3,9,33715.89068664915,2.5,9.874928942892529,Recent,Luxury,Compact
524,Bangalore,3315.5686051760867,3,4,34.42560942047815,298.4901263861755,3,7,9002.682855670333,0.6,2.1112517439910543,Old,Premium,Spacious
525,Chennai,2977.392562683015,2,3,3.699444210095254,325.4889653952706,1,5,10932.013785308949,0.5,1.679321720174633,Recent,Luxury,Large
526,Hyderabad,2333.144858957746,5,2,10.16447777179781,188.8725994016677,3,3,8095.193861475032,1.6666666666666667,1.2858181473310444,Old,Mid-Range,Large
527,Chennai,2846.1965966318357,5,2,4.644985724705969,171.5991176734674,0,1,6029.067629289428,1.6666666666666667,0.3513460739793559,Recent,Mid-Range,Large
528,Mumbai,4534.585963110546,2,4,3.1583865451515534,313.57658372199825,3,6,6915.219741625478,0.4,1.3231638012402434,Recent,Luxury,Spacious
529,Chennai,1383.3243603998017,1,4,13.387583276977082,83.77363924521198,1,0,6055.965010332076,0.2,0.0,Old,Budget,Standard
530,Chennai,601.5403026740626,5,2,28.594948383018497,141.45514089542718,3,6,23515.488532789626,1.6666666666666667,9.974394023688598,Old,Mid-Range,Compact
531,Delhi,4377.491981145955,1,2,48.23427782234209,40.2213137374377,3,9,918.8209575408159,0.3333333333333333,2.0559717844746226,Old,Budget,Spacious
532,Delhi,3097.02687074558,5,1,43.77783271748032,54.85320924611847,0,9,1771.1570333554478,2.5,2.90601288771942,Old,Budget,Spacious
533,Delhi,4507.963049578291,4,3,43.79669627226624,136.82397404509226,2,6,3035.161835629771,1.0,1.3309780790153738,Old,Mid-Range,Spacious
534,Chennai,3186.2535053592765,3,2,8.803351801882881,29.374054542521133,0,9,921.8994814164657,1.0,2.8246340050664536,Medium,Budget,Spacious
535,Bangalore,4145.724904818661,5,4,13.245359674891006,137.79708420198153,3,2,3323.8356949786307,1.0,0.48242467744913775,Old,Mid-Range,Spacious
536,Chennai,2433.530135098166,4,1,3.819665839765285,334.3886350697725,3,3,13740.887373736328,2.0,1.232777008483186,Recent,Luxury,Large
537,Bangalore,3874.3696907972094,2,1,38.92341699575925,49.33139766508786,2,3,1273.2754383832996,1.0,0.7743194995371505,Old,Budget,Spacious
538,Bangalore,4608.686601004352,4,4,3.490815074278097,229.63360534142768,2,3,4982.625750498734,0.8,0.6509446746381544,Recent,Premium,Spacious
539,Delhi,3074.5533367499283,2,4,27.83478354104266,458.2922177213837,0,8,14905.977146125511,0.4,2.6020039738379364,Old,Luxury,Spacious
540,Hyderabad,1313.533177530708,5,1,12.393778616197537,399.8167178841925,2,5,30438.265642882514,2.5,3.806527376338851,Old,Luxury,Standard
541,Mumbai,1709.5892676358917,2,4,12.172281701437235,166.61000110153145,0,9,9745.615760207033,0.4,5.2644223793272085,Old,Mid-Range,Standard
542,Delhi,1393.900596038326,4,1,49.53625276238026,463.90663001199056,1,8,33281.18456441461,2.0,5.739290178035074,Old,Luxury,Standard
543,Delhi,1610.856624180798,3,4,37.83899034892687,178.23031843890791,3,3,11064.319180457604,0.6,1.8623631395659757,Old,Mid-Range,Standard
544,Hyderabad,1878.869522079664,1,1,41.84696791455251,54.80743824203,2,6,2917.0433389842474,0.5,3.193409616522376,Old,Budget,Standard
545,Mumbai,2998.102040389348,1,2,28.599134267200636,497.1468592486945,1,9,16582.052663695617,0.3333333333333333,3.001899161121019,Old,Luxury,Large
546,Chennai,3145.962332587248,3,2,43.55071436968746,437.6108130508025,1,8,13910.236893742785,1.0,2.542942080753007,Old,Luxury,Spacious
547,Chennai,2419.2488625883752,1,4,32.274526958317644,243.64773598452436,0,9,10071.21424142548,0.2,3.7201629560221523,Old,Premium,Large
548,Delhi,3269.39350919376,5,3,47.30868523981727,339.86073161235385,0,2,10395.22255906614,1.25,0.6117342541899169,Old,Luxury,Spacious
549,Mumbai,867.0871652511466,5,2,14.06692930228184,342.1894773712017,2,2,39464.253547345324,1.6666666666666667,2.3065731798956013,Old,Luxury,Compact
550,Delhi,895.0470667617199,4,1,29.76597728914475,113.35147075062096,0,5,12664.302801496971,2.0,5.586298403378941,Old,Mid-Range,Compact
551,Bangalore,1273.2325716094629,4,3,34.50656739684461,116.0233439137435,1,7,9112.502028367147,1.0,5.4978172535685825,Old,Mid-Range,Standard
552,Delhi,2831.3487411815518,2,1,19.64686525139033,245.3987376088764,1,0,8667.202808314913,1.0,0.0,Old,Premium,Large
553,Delhi,1462.9760541424112,4,1,43.985399120202665,457.55510726609504,3,3,31275.638857555427,2.0,2.05061456167072,Old,Luxury,Standard
554,Chennai,1774.779815716598,5,2,48.99015815520772,24.79701193211397,1,7,1397.1880744035705,1.6666666666666667,3.9441512338665112,Old,Budget,Standard
555,Chennai,2301.4077627784736,4,4,24.68847456863308,395.60270525569246,2,5,17189.59637027052,0.8,2.172583268757004,Old,Luxury,Large
556,Chennai,4153.397558046709,1,4,19.532032740216955,47.61285618303398,3,1,1146.3592280201976,0.2,0.24076674241371868,Old,Budget,Spacious
557,Bangalore,562.3796116078705,2,1,23.596896427822934,249.54661514389656,0,7,44373.33964338265,1.0,12.447108421990373,Old,Premium,Compact
558,Chennai,3422.204691064801,2,2,42.63683728659658,326.1789598752687,3,0,9531.252199113193,0.6666666666666666,0.0,Old,Luxury,Spacious
559,Mumbai,3509.944389683084,5,1,32.27342127590838,349.6444481995831,1,0,9961.538115170903,2.5,0.0,Old,Luxury,Spacious
560,Hyderabad,4093.951011604865,4,3,2.2386186259047536,48.07004653563746,2,6,1174.1724900805195,1.0,1.4655768921006083,Recent,Budget,Spacious
561,Mumbai,4697.388225771409,1,1,27.108495522285743,220.9297363443048,0,9,4703.246266344603,0.5,1.915958308624153,Old,Premium,Spacious
562,Mumbai,590.6203202718042,4,2,0.8650061370484907,300.24188504111584,0,2,50835.00765820996,1.3333333333333333,3.386270216845227,Brand New,Luxury,Compact
563,Chennai,1192.0266748094728,3,1,38.92676855017027,51.701857906883326,1,7,4337.3071257106785,1.5,5.872351808837536,Old,Budget,Standard
564,Hyderabad,4487.770823251969,4,2,16.415613677123186,84.84538716574869,2,8,1890.5909082110225,1.3333333333333333,1.7826222227192448,Old,Budget,Spacious
565,Hyderabad,2563.333529841569,5,4,23.600374105866468,338.5515149619385,1,7,13207.470312412415,1.0,2.7308190364258396,Old,Luxury,Large
566,Hyderabad,3040.6578752005857,4,2,39.9339052953816,270.3863343635128,1,0,8892.362951082616,1.3333333333333333,0.0,Old,Premium,Spacious
567,Bangalore,3483.622416754163,2,3,2.322440864288078,97.67775740877946,2,0,2803.9134476517092,0.5,0.0,Recent,Budget,Spacious
568,Chennai,3555.799720230368,1,2,7.927076779580522,276.91488171907207,1,5,7787.69625700774,0.3333333333333333,1.4061534375946425,Medium,Premium,Spacious
569,Hyderabad,4692.831814924287,5,3,19.898018822255743,458.0923392533196,2,0,9761.533277124494,1.25,0.0,Old,Luxury,Spacious
570,Bangalore,4986.272378352513,3,3,11.49625817727803,27.482040692174685,2,7,551.1540206163963,0.75,1.4038543161801424,Old,Budget,Spacious
571,Delhi,3740.708574189231,1,1,16.895071288753154,328.4642112732102,1,5,8780.801945909465,0.5,1.336645157150129,Old,Luxury,Spacious
572,Delhi,1792.4954414231786,1,3,49.90873689462325,55.352208610564126,1,4,3087.9971759714163,0.25,2.2315258982327677,Old,Budget,Standard
573,Bangalore,4458.885810324546,2,2,41.27072187869054,23.095732623056406,3,5,517.9709372592198,0.6666666666666666,1.1213563685399848,Old,Budget,Spacious
574,Bangalore,721.4941154334272,2,4,44.19509074800543,92.31415455710422,0,3,12794.858971461996,0.4,4.158038071035123,Old,Budget,Compact
575,Chennai,1539.8638379352328,2,2,46.85273167828877,222.99518328988125,0,0,14481.487115697855,0.6666666666666666,0.0,Old,Premium,Standard
576,Chennai,4538.2357285867165,5,4,17.046794015709782,405.1251195113374,2,6,8926.929841026576,1.0,1.3220996790020207,Old,Luxury,Spacious
577,Delhi,1652.8618149770973,4,3,14.853847889823635,155.25703837018816,3,9,9393.225553603794,1.0,5.445101289441252,Old,Mid-Range,Standard
578,Hyderabad,1492.929768297868,1,1,11.703124628603746,320.3231419466041,2,8,21456.008765356306,0.5,5.358590986581391,Old,Luxury,Standard
579,Delhi,1121.5638191311127,4,3,41.50584556540613,217.3551862185472,3,3,19379.653882463375,1.0,2.6748366422199066,Old,Premium,Standard
580,Hyderabad,4366.002909411124,4,3,33.97759311425925,132.4792601436838,2,3,3034.337422408,1.0,0.6871273478845741,Old,Mid-Range,Spacious
581,Hyderabad,2750.26216635989,2,4,11.808599124143864,266.8386148557721,0,8,9702.297407121241,0.4,2.908813602518628,Old,Premium,Large
582,Chennai,3537.0194137436965,4,2,18.849691460522745,402.7829553788591,3,3,11387.637676337787,1.3333333333333333,0.8481717652843478,Old,Luxury,Spacious
583,Mumbai,1575.7987283376335,1,1,25.335588196639915,419.5963376269492,1,9,26627.533712354012,0.5,5.711389302550347,Old,Luxury,Standard
584,Mumbai,3911.181894550474,1,1,26.407002863687683,426.3293753010736,1,3,10900.269708629163,0.5,0.7670315727785401,Old,Luxury,Spacious
585,Bangalore,3920.0249523294433,3,1,44.43638642758573,182.5077500263901,0,7,4655.780313794593,1.5,1.785702919018489,Old,Mid-Range,Spacious
586,Chennai,1906.6911120873503,5,1,19.02830664736081,400.85891106356144,3,3,21023.799215423052,2.5,1.5734064007440354,Old,Luxury,Standard
587,Hyderabad,2348.071848546273,4,2,45.42620152502562,121.8456584522758,1,8,5189.17930589357,1.3333333333333333,3.4070507701682646,Old,Mid-Range,Large
588,Mumbai,1443.6062484359038,5,1,22.06837801598948,374.444048596584,1,7,25938.101127110036,2.5,4.848967651382953,Old,Luxury,Standard
589,Hyderabad,4894.52460495307,5,4,37.31863373961769,475.224524610856,1,4,9709.309135558276,1.0,0.817239736817781,Old,Luxury,Spacious
590,Mumbai,3405.2115967628524,5,4,46.512715999252805,26.59704065165945,0,8,781.0686618400982,1.0,2.349340054992518,Old,Budget,Spacious
591,Mumbai,4705.44746321982,5,1,45.37878519816332,231.37468696582303,2,7,4917.166513373398,2.5,1.487637478627819,Old,Premium,Spacious
592,Mumbai,1865.2349463310995,1,1,2.847643364784058,330.9300744387222,1,9,17742.00483910398,0.5,4.825129412089839,Recent,Luxury,Standard
593,Chennai,4018.509108486004,4,2,10.285214748828492,356.85236983402547,1,3,8880.218016190378,1.3333333333333333,0.7465455269629255,Old,Luxury,Spacious
594,Delhi,3946.363897481339,3,2,23.845271276613754,104.52212396921706,2,3,2648.56781291572,1.0,0.7601934535015055,Old,Mid-Range,Spacious
595,Hyderabad,3612.450433399437,5,1,21.577714497655364,486.6479721145246,1,0,13471.408980872091,2.5,0.0,Old,Luxury,Spacious
596,Chennai,4845.375388700602,3,2,32.04458324186035,315.327376626067,3,3,6507.800765270103,1.0,0.6191470751669703,Old,Luxury,Spacious
597,Chennai,2270.99901247842,1,3,47.23545254127061,98.88348858956851,1,7,4354.184570148867,0.25,3.0823439206874235,Old,Budget,Large
598,Chennai,1088.2279561539078,1,1,5.620235563897441,29.85080562200734,2,4,2743.065499576777,0.5,3.67570046090075,Medium,Budget,Standard
599,Chennai,3522.689866598273,2,2,22.592933256712023,395.9668154190924,0,5,11240.467665734719,0.6666666666666666,1.419369910308996,Old,Luxury,Spacious
600,Chennai,3781.894102147428,5,4,9.620551894356966,58.25827493382036,0,3,1540.4523067089651,1.0,0.7932533061400492,Medium,Budget,Spacious
601,Bangalore,3087.772580564666,2,1,44.705379919897375,87.70444211371354,3,4,2840.378940656144,1.0,1.2954321912103104,Old,Budget,Spacious
602,Hyderabad,1430.6805191002832,3,1,48.22900929008264,295.9184128907315,1,9,20683.752168291678,1.5,6.2907126223119745,Old,Premium,Standard
603,Chennai,2770.051737512099,4,4,23.935084094517507,309.68264165581746,1,7,11179.669948473836,0.8,2.5270286129337776,Old,Luxury,Large
604,Hyderabad,1904.8538145610823,2,4,5.200514886407037,349.70581692435127,2,8,18358.669534172666,0.4,4.199797348671276,Medium,Luxury,Standard
605,Bangalore,2423.599376750101,1,2,39.26473333613366,208.88672607853795,2,2,8618.86366543972,0.3333333333333333,0.8252188951632254,Old,Premium,Large
606,Bangalore,3403.4835913009874,5,4,34.85706752461995,391.471361104075,3,9,11502.07869679884,1.0,2.644349460947374,Old,Luxury,Spacious
607,Hyderabad,3853.4663421087553,3,3,17.73354133051552,487.6921278156266,3,3,12655.933243437748,0.75,0.778519839973039,Old,Luxury,Spacious
608,Mumbai,1545.011109056044,1,1,44.37037369844818,150.12557267834384,1,0,9716.795678580338,0.5,0.0,Old,Mid-Range,Standard
609,Delhi,2323.9641229112904,4,3,48.79159448913536,357.45373593821404,1,4,15381.207154369598,1.0,1.7211969670982252,Old,Luxury,Large
610,Mumbai,1711.2270694623314,5,2,27.89269245650977,465.6649531496753,3,3,27212.341451329863,1.6666666666666667,1.7531279475041275,Old,Luxury,Standard
611,Mumbai,1393.842262378411,4,4,28.28639556721462,349.4176460561805,0,5,25068.66490473209,0.8,3.58720648308378,Old,Luxury,Standard
612,Mumbai,4025.2424899812727,4,1,14.875675255688892,346.93255934924457,0,5,8618.923213017624,2.0,1.2421611896537599,Old,Luxury,Spacious
613,Chennai,4591.637124966466,5,4,29.22530179916571,127.41083316089916,0,9,2774.845435152493,1.0,1.9600852060071556,Old,Mid-Range,Spacious
614,Bangalore,2166.044835580595,5,4,21.982116026242327,276.86249615345264,0,5,12781.93745602876,1.0,2.308354803126585,Old,Premium,Large
615,Mumbai,3880.755159681951,4,2,15.109551346402592,290.0109649301985,3,2,7473.054933822891,1.3333333333333333,0.5153636129324662,Old,Premium,Spacious
616,Bangalore,4536.47880213985,3,2,3.359259826195066,356.06218997885736,2,6,7848.867051046362,1.0,1.3226117131132211,Recent,Luxury,Spacious
617,Hyderabad,4307.558947386042,5,2,12.635392985456246,498.4742959501676,0,2,11572.082983394968,1.6666666666666667,0.4643000883861754,Old,Luxury,Spacious
618,Delhi,1322.6602484265163,1,2,9.89273248388322,36.1490348210058,3,5,2733.05520930337,0.3333333333333333,3.7802602791973055,Medium,Budget,Standard
619,Hyderabad,4803.313466810126,2,1,27.102099227697448,51.31167740839368,0,9,1068.2558563572095,1.0,1.8737065698893245,Old,Budget,Spacious
620,Hyderabad,2195.043981932581,3,3,30.08350108817969,57.416033326841,1,0,2615.7122043764357,0.75,0.0,Old,Budget,Large
621,Chennai,2026.5829752822635,5,3,30.428586215300825,376.62998455469926,0,7,18584.48379110863,1.25,3.454090005382107,Old,Luxury,Large
622,Delhi,780.9409727500115,5,1,19.40905005228396,85.44982165316361,3,6,10941.90529564097,2.5,7.683039063594722,Old,Budget,Compact
623,Hyderabad,2687.781443471973,3,4,21.0614866842748,318.7768997553657,1,8,11860.223997364234,0.6,2.976432484653926,Old,Luxury,Large
624,Hyderabad,990.5612703841792,2,1,41.711921482032,175.84106138886006,1,2,17751.65925078636,1.0,2.019057336275948,Old,Mid-Range,Compact
625,Delhi,1618.429194173417,4,3,23.81164067585812,239.51357898114128,0,7,14799.13856246695,1.0,4.3251814940072935,Old,Premium,Standard
626,Delhi,1926.2417979527663,1,3,49.38866660685612,123.51831671235868,0,1,6412.399359396909,0.25,0.5191456239101511,Old,Mid-Range,Standard
627,Hyderabad,4139.718455712578,5,1,21.980861500443243,435.7311494261802,1,8,10525.62279506945,2.5,1.9324985709983369,Old,Luxury,Spacious
628,Delhi,4439.698926781534,2,2,32.47904723089195,301.35215559825264,2,0,6787.670978777642,0.6666666666666666,0.0,Old,Luxury,Spacious
629,Hyderabad,1861.0984285766133,1,4,2.51814994966979,473.3903665194812,3,9,25436.073624624725,0.2,4.835853849429817,Recent,Luxury,Standard
630,Hyderabad,4364.141545600583,3,1,32.66699622094054,295.8061998580782,3,6,6778.107372715153,1.5,1.374840833484995,Old,Premium,Spacious
631,Chennai,4357.53921816406,5,3,42.5713197207503,79.4758546865344,3,9,1823.870095196058,1.25,2.065385886255299,Old,Budget,Spacious
632,Mumbai,3940.9292767319303,4,2,47.12289192666481,102.01780824246822,3,0,2588.673916195418,1.3333333333333333,0.0,Old,Mid-Range,Spacious
633,Hyderabad,1160.128013068317,3,4,49.866030581988525,494.7555086565667,3,5,42646.63063759945,0.6,4.309869207257529,Old,Luxury,Standard
634,Bangalore,3606.4528110532806,5,3,14.108932282461655,368.2712947188165,1,0,10211.454690052113,1.25,0.0,Old,Luxury,Spacious
635,Mumbai,4752.608290612559,2,4,28.76850324128584,43.65380001396304,3,3,918.5229950507144,0.4,0.6312323289772599,Old,Budget,Spacious
636,Mumbai,3571.4321544522068,1,2,22.535899276607367,357.8148824166391,2,6,10018.806656332,0.3333333333333333,1.6799983145473727,Old,Luxury,Spacious
637,Mumbai,1992.2758209852527,1,3,28.19087402875855,217.8430624686136,2,1,10934.382688079922,0.25,0.5019385315359917,Old,Premium,Standard
638,Chennai,2752.606928438741,5,2,7.872647859492332,167.46002567513145,0,2,6083.688300897855,1.6666666666666667,0.7265839446006139,Medium,Mid-Range,Large
639,Hyderabad,3405.762695079741,3,1,42.80747862979708,93.94918099065646,0,3,2758.535734929024,1.5,0.8808599625376304,Old,Budget,Spacious
640,Chennai,2797.566839278266,4,1,45.47844716722938,423.1538981871515,0,5,15125.783314486223,2.0,1.7872673960097167,Old,Luxury,Large
641,Hyderabad,1039.7882377893643,2,4,22.483083155646128,50.64386191476834,0,8,4870.593845381385,0.4,7.693874299836621,Old,Budget,Standard
642,Chennai,1904.2882009340929,5,2,14.021493078678844,159.12102194222734,1,3,8355.931726309873,1.6666666666666667,1.5753917912889646,Old,Mid-Range,Standard
643,Chennai,4110.7821374913465,2,2,7.041671382650616,167.0637890363381,2,5,4064.038994250636,0.6666666666666666,1.216313546368407,Medium,Mid-Range,Spacious
644,Bangalore,4376.3812074298285,1,4,34.18824123889022,97.23453630248017,1,6,2221.8022538211267,0.2,1.3709957418274572,Old,Budget,Spacious
645,Chennai,1117.850147220066,4,4,15.61159198103676,263.92874397769776,2,3,23610.38683351708,0.8,2.6837228652342824,Old,Premium,Standard
646,Delhi,4785.740385794261,2,4,45.47692849566943,25.61726086922846,1,5,535.2831287144071,0.4,1.0447704214883313,Old,Budget,Spacious
647,Bangalore,1979.701780318742,5,1,33.5506237422435,164.4682473969964,2,2,8307.728418091141,2.5,1.0102531703931639,Old,Mid-Range,Standard
648,Chennai,3480.41182428824,4,4,32.28426625871204,468.1421331358707,0,4,13450.768379446243,0.8,1.149289280103517,Old,Luxury,Spacious
649,Mumbai,3883.213156805065,3,1,27.970105794912044,169.05419328416275,2,9,4353.4615911544,1.5,2.317668290814301,Old,Mid-Range,Spacious
650,Delhi,4153.758055870476,5,4,2.2888169714362805,193.0205058112408,0,3,4646.888509513605,1.0,0.7222375399934818,Recent,Mid-Range,Spacious
651,Delhi,4755.873660016686,2,2,46.59612178427935,247.11922315235435,2,6,5196.084690598937,0.6666666666666666,1.261597853290945,Old,Premium,Spacious
652,Delhi,1908.1379661297017,4,2,31.396874664973,289.6128199287079,1,5,15177.771475095846,1.3333333333333333,2.620355597316455,Old,Premium,Standard
653,Bangalore,4363.279045481995,5,4,49.70309916915552,408.18014951395713,3,6,9354.89445573305,1.0,1.3751126016597004,Old,Luxury,Spacious
654,Chennai,1092.5910654629315,4,4,26.867820238644352,111.35418711488846,2,5,10191.753404802705,0.8,4.576277582758282,Old,Mid-Range,Standard
655,Chennai,3672.6840785911672,4,1,35.50554459531065,438.4382610524274,1,1,11937.815822715991,2.0,0.27228042995290724,Old,Luxury,Spacious
656,Mumbai,3838.899782812936,4,3,2.8104778933111083,383.6236914290669,3,6,9993.063459134339,1.0,1.5629478078230863,Recent,Luxury,Spacious
657,Mumbai,3549.754585405942,2,1,31.586808841170544,366.8721606375465,1,7,10335.141537554822,1.0,1.9719673097343136,Old,Luxury,Spacious
658,Delhi,1635.4163126081885,5,2,38.23248057951786,61.66619538302491,3,6,3770.67263592832,1.6666666666666667,3.6687906031896564,Old,Budget,Standard
659,Mumbai,4428.694161568415,1,4,38.92571474262787,30.387531187800647,0,3,686.1510431562281,0.2,0.6774005814250118,Old,Budget,Spacious
660,Bangalore,1259.8630851667776,1,2,38.50558261151427,305.1260964358803,2,3,24218.988557434273,0.3333333333333333,2.381211129464014,Old,Luxury,Standard
661,Chennai,741.3565618437387,2,3,11.314131364683384,434.3043020111174,1,4,58582.37781439628,0.5,5.395514393306348,Old,Luxury,Compact
662,Delhi,3728.592457753605,2,1,48.769923880261295,300.53190278750526,2,8,8060.197143899421,1.0,2.145581768628,Old,Luxury,Spacious
663,Mumbai,2639.6407185473017,4,2,49.75910603124694,122.3527354138548,0,4,4635.204122824349,1.3333333333333333,1.5153577423981237,Old,Mid-Range,Large
664,Bangalore,4320.941089814042,5,1,3.7797937580800633,63.44955101562235,0,1,1468.419719148566,2.5,0.23143106541242764,Recent,Budget,Spacious
665,Bangalore,2225.2871347621654,5,4,46.82232114058786,355.8062973525128,2,4,15989.230863483184,1.0,1.7975208401263296,Old,Luxury,Large
666,Mumbai,1257.2536482847077,3,2,14.472459715218466,366.4497331125486,1,2,29146.841897217968,1.0,1.5907688975320404,Old,Luxury,Standard
667,Chennai,4263.989866114414,3,3,34.46420408754824,102.81521632981216,1,9,2411.244387489671,0.75,2.1106992001839116,Old,Mid-Range,Spacious
668,Mumbai,2970.0933423803226,1,1,16.905546036806605,33.53135143833741,1,7,1128.9662503153645,0.5,2.3568282855346188,Old,Budget,Large
669,Delhi,1351.3810657565969,3,1,48.38771616865608,215.97608634713453,2,9,15981.878969587022,1.5,6.659853558745235,Old,Premium,Standard
670,Mumbai,3741.727993639006,3,3,5.075192915176774,299.70497702385063,1,9,8009.801287890345,0.75,2.405305787940795,Medium,Premium,Spacious
671,Bangalore,2800.011373202753,1,2,24.8873408478188,358.8811565922518,1,1,12817.13210263681,0.3333333333333333,0.35714140648513304,Old,Luxury,Large
672,Mumbai,3219.408420081439,1,2,21.40238959710373,408.7736043933933,3,3,12697.165163749334,0.3333333333333333,0.9318482182276553,Old,Luxury,Spacious
673,Chennai,2574.0425219296185,3,1,16.301172613899244,313.0579651072315,1,4,12162.113191220677,1.5,1.553975882652249,Old,Luxury,Large
674,Hyderabad,4229.190427181029,5,3,32.27669954400743,73.22269212727281,0,3,1731.3642738021485,1.25,0.7093556205743266,Old,Budget,Spacious
675,Mumbai,4233.032220573725,3,1,6.552787171083374,347.6392026283591,1,4,8212.533817690663,1.5,0.9449491030469547,Medium,Luxury,Spacious
676,Chennai,3692.249698209738,4,1,35.83312090668485,492.4047885895434,2,9,13336.172492025547,2.0,2.437538285767572,Old,Luxury,Spacious
677,Chennai,974.3061982840802,4,4,49.02960619023936,454.6806006067538,2,3,46667.11567754819,0.8,3.0791141483894005,Old,Luxury,Compact
678,Bangalore,4274.84237856831,4,2,40.22793572343151,438.4010764493661,1,2,10255.37406121138,1.3333333333333333,0.46785350730751885,Old,Luxury,Spacious
679,Chennai,3519.5584123980943,2,2,43.00083764547727,165.04167361200362,2,0,4689.272183425717,0.6666666666666666,0.0,Old,Mid-Range,Spacious
680,Chennai,3636.608747019348,4,4,17.981837158950125,380.37832469792033,2,3,10459.698888688192,0.8,0.8249443942681137,Old,Luxury,Spacious
681,Chennai,2133.422781817422,5,2,16.244330324060936,428.52965406326985,1,8,20086.4853284361,1.6666666666666667,3.749842772928933,Old,Luxury,Large
682,Chennai,4456.7580027065305,2,2,25.85241773450666,345.5965782230063,3,0,7754.438944477803,0.6666666666666666,0.0,Old,Luxury,Spacious
683,Delhi,3764.1722010568583,2,2,2.286330738113634,140.26964315263064,3,6,3726.440653093592,0.6666666666666666,1.5939759605884642,Recent,Mid-Range,Spacious
684,Delhi,1006.657099381375,4,3,47.26790672282663,477.84030649998,3,2,47468.03124853827,1.0,1.9867738490386326,Old,Luxury,Standard
685,Bangalore,2335.001154827732,3,4,7.18925865080961,236.3933175001644,3,7,10123.905806702038,0.6,2.997857189717936,Medium,Premium,Large
686,Mumbai,4488.711628820638,1,1,45.15065195840462,82.3066681596221,0,5,1833.6367974978896,0.5,1.1139053727346921,Old,Budget,Spacious
687,Chennai,712.3851576382054,3,3,4.179111100017785,72.69338962754816,1,0,10204.225740546168,0.75,0.0,Recent,Budget,Compact
688,Mumbai,4826.374788389223,3,1,41.13124638392801,330.809113903542,2,9,6854.194471166376,1.5,1.864753649395658,Old,Luxury,Spacious
689,Mumbai,3556.2315574380327,2,4,7.598126293910756,230.1006302800348,2,4,6470.3500478974165,0.4,1.124786149437824,Medium,Premium,Spacious
690,Bangalore,3341.191899395195,2,4,1.906580704573635,65.35226008590254,1,7,1955.9564985696352,0.4,2.0950607480124397,Brand New,Budget,Spacious
691,Chennai,1717.516654195961,2,4,35.97447251297044,375.37499463492543,2,2,21855.68295468166,0.4,1.164471968940692,Old,Luxury,Standard
692,Chennai,1619.5630493262968,5,2,14.013265008721415,403.6760802841375,0,3,24924.99939734103,1.6666666666666667,1.8523514729778106,Old,Luxury,Standard
693,Hyderabad,4739.26198769868,5,3,35.724807639217474,368.1995027774967,3,6,7769.131643981752,1.25,1.266019902586883,Old,Luxury,Spacious
694,Mumbai,1842.2260440535524,1,4,27.75426252364099,117.0852212883262,1,5,6355.638151260584,0.2,2.7141077590012905,Old,Mid-Range,Standard
695,Mumbai,3989.773835235497,2,1,5.440369511503279,351.0922188781133,2,6,8799.80252959351,1.0,1.5038446407691801,Medium,Luxury,Spacious
696,Delhi,2269.048091931856,4,2,46.606503665058185,25.146945389304847,0,8,1108.2596917500705,1.3333333333333333,3.525707554831436,Old,Budget,Large
697,Hyderabad,1126.643318531168,2,2,22.61570873817388,166.45382704563642,2,8,14774.314488692506,0.6666666666666666,7.100738865988033,Old,Mid-Range,Standard
698,Delhi,548.2188396291152,5,3,36.7223638899344,211.434335075621,0,1,38567.506220446936,1.25,1.824089082156547,Old,Premium,Compact
699,Delhi,2949.1580165686287,2,3,25.05102860078125,420.9185354650408,2,2,14272.498560615726,0.5,0.678159660745143,Old,Luxury,Large
700,Delhi,4891.004683470197,5,3,30.21807374806024,207.38929907331405,3,3,4240.21877906218,1.25,0.6133709113260309,Old,Premium,Spacious
701,Bangalore,2161.11287214142,2,2,15.138679617834622,25.40933417091118,1,5,1175.752294036053,0.6666666666666666,2.313622793355333,Old,Budget,Large
702,Bangalore,2107.365502968701,4,4,10.018015200172512,189.1262776774445,3,4,8974.536093099056,0.8,1.8981045264170335,Old,Mid-Range,Large
703,Delhi,2048.412280322489,1,1,27.12851017040339,259.48356721245784,3,5,12667.545967436125,0.5,2.440914872475199,Old,Premium,Large
704,Hyderabad,2842.447267871863,4,4,22.010948648550094,475.5222976029313,2,7,16729.326977416695,0.8,2.4626666179953065,Old,Luxury,Large
705,Mumbai,2482.9919754093207,5,1,19.505660671696656,471.6964658189815,3,1,18997.099889588746,2.5,0.4027399242138711,Old,Luxury,Large
706,Hyderabad,4459.615820271565,3,4,33.62835975473115,106.81953834627755,1,5,2395.2632390601943,0.6,1.1211728098353388,Old,Mid-Range,Spacious
707,Chennai,2774.8435627557064,4,3,34.5253316005568,108.87034003493676,0,8,3923.4766779723345,1.0,2.8830454110555963,Old,Mid-Range,Large
708,Bangalore,2784.91027184856,2,1,2.296002804563152,98.42309910298424,0,4,3534.15692052632,1.0,1.436311984782508,Recent,Budget,Large
709,Mumbai,1122.6721762425047,1,2,16.937224712183607,398.6825275587696,2,0,35511.92734580174,0.3333333333333333,0.0,Old,Luxury,Standard
710,Mumbai,4922.3279340967365,2,1,20.58822751131887,22.890579376835056,1,7,465.0356433644552,1.0,1.4220913546843001,Old,Budget,Spacious
711,Chennai,1624.8780089097336,2,2,4.844608058208405,81.04505513210113,1,3,4987.7624466393645,0.6666666666666666,1.8462924499870306,Recent,Budget,Standard
712,Chennai,830.138303568212,4,4,11.795043334914418,278.2206231891675,0,7,33514.97238391268,0.8,8.432329853846834,Old,Premium,Compact
713,Delhi,3484.15812038844,1,3,2.582089861137832,138.82979210564744,0,3,3984.6007933236297,0.25,0.8610401412165352,Recent,Mid-Range,Spacious
714,Bangalore,3179.1486657059268,3,1,49.81210493085103,64.3310999548458,3,7,2023.5322949441604,1.5,2.2018473296044045,Old,Budget,Spacious
715,Bangalore,2368.155442967356,2,2,36.82786014849223,192.7414459202405,2,8,8138.884906927005,0.6666666666666666,3.37815662555318,Old,Mid-Range,Large
716,Hyderabad,2399.865052463051,1,4,4.372507825137683,151.61965042891748,0,4,6317.840674970696,0.2,1.6667603855036282,Recent,Mid-Range,Large
717,Delhi,4032.78764470894,3,3,1.0124689895046055,265.33006712685653,0,4,6579.321563707237,0.75,0.9918697319081609,Brand New,Premium,Spacious
718,Delhi,1380.7068804484206,2,3,35.964390007614014,490.032125038494,1,1,35491.3944427758,0.5,0.7242666884336985,Old,Luxury,Standard
719,Delhi,4191.139935252004,1,3,21.959608284133346,79.66622567116084,1,8,1900.824761327629,0.25,1.9087885691220612,Old,Budget,Spacious
720,Delhi,3419.3620125275816,4,4,39.3398354532288,198.90881832036527,1,3,5817.132482364233,0.8,0.8773566498688478,Old,Mid-Range,Spacious
721,Bangalore,2385.36398200786,2,4,46.17380189091919,467.3528085787879,0,2,19592.515528191954,0.4,0.8384464656486164,Old,Luxury,Large
722,Bangalore,2561.128774627409,2,4,29.965019450818627,440.8990608770348,2,1,17215.028984287466,0.4,0.3904528385713363,Old,Luxury,Large
723,Delhi,1654.912432337431,1,3,9.355421145862651,209.2500966964547,3,2,12644.179390259684,0.25,1.2085231586393732,Medium,Premium,Standard
724,Hyderabad,3884.5144971363866,2,1,39.10970180232263,355.4975669694735,2,3,9151.660194125718,1.0,0.7722972850819738,Old,Luxury,Spacious
725,Mumbai,2807.9363403737048,3,2,47.79058715871872,62.17136651904588,0,8,2214.1302003581595,1.0,2.8490674396611464,Old,Budget,Large
726,Mumbai,1943.845442374296,2,4,29.0115643529978,362.0197066609352,3,5,18623.8935858372,0.4,2.57222096520842,Old,Luxury,Standard
727,Hyderabad,3182.225520924276,5,1,34.09987236403668,486.9717101526759,2,9,15302.866090120324,2.5,2.8282093587716415,Old,Luxury,Spacious
728,Delhi,4980.805034230953,3,2,16.873734751833652,277.994313360412,0,4,5581.312889179066,1.0,0.8030830302550896,Old,Premium,Spacious
729,Bangalore,2458.680258454492,1,3,19.07638473301556,259.27530897651883,2,8,10545.304054277369,0.25,3.2537781081907493,Old,Premium,Large
730,Mumbai,4643.111303503788,3,1,36.7327248926532,109.91293745691696,0,7,2367.225988616176,1.5,1.5076097776759423,Old,Mid-Range,Spacious
731,Chennai,2052.575779660548,5,3,46.38855492034096,324.2183354755001,1,5,15795.681635155943,1.25,2.4359636557861424,Old,Luxury,Large
732,Chennai,746.2971811624365,5,2,31.44941936121761,303.4098947738792,2,2,40655.3719392704,1.6666666666666667,2.679897566924733,Old,Luxury,Compact
733,Hyderabad,1419.08947865793,2,4,39.49239542426737,332.92786854836027,1,6,23460.667812379164,0.4,4.228063198435068,Old,Luxury,Standard
734,Delhi,2384.128144974579,2,3,8.581750870768651,32.51997760866647,1,9,1364.0197015925594,0.5,3.7749648729959366,Medium,Budget,Large
735,Mumbai,1488.3571786755606,4,1,10.597954512898678,283.3872744075553,3,5,19040.273293789076,2.0,3.3594086632143862,Old,Premium,Standard
736,Delhi,501.02167198214994,3,4,26.601734341669506,305.56872487873903,3,7,60989.123218930465,0.6,13.971451518866417,Old,Luxury,Compact
737,Mumbai,4617.506919863873,4,1,8.827709612142026,119.61446499814504,2,5,2590.4555656122625,2.0,1.0828354102710047,Medium,Mid-Range,Spacious
738,Hyderabad,4297.45735053918,5,2,31.74975351104618,119.99977159449728,0,9,2792.3435139953517,1.6666666666666667,2.0942616216705017,Old,Mid-Range,Spacious
739,Hyderabad,3840.315041691262,2,2,14.582659269734949,152.5847208852559,3,3,3973.234467192517,0.6666666666666666,0.7811859098619185,Old,Mid-Range,Spacious
740,Chennai,1255.165680407129,2,4,39.5766309333446,361.62636402907407,3,9,28811.046196847572,0.4,7.170368135847003,Old,Luxury,Standard
741,Delhi,1041.6360929449372,2,1,40.40551733071717,311.0077104955384,1,6,29857.61655169324,1.0,5.7601690654138755,Old,Luxury,Standard
742,Chennai,804.2213726257241,1,1,23.189372787767653,425.9660701365462,1,6,52966.27080996343,0.5,7.4606323634628575,Old,Luxury,Compact
743,Delhi,3758.1313494781457,5,1,9.040531751881764,161.9161144846871,0,7,4308.420846098707,2.5,1.8626278192676848,Medium,Mid-Range,Spacious
744,Chennai,4679.635823095484,2,1,32.33874805409663,457.7926687463928,3,1,9782.655874353322,1.0,0.21369184222940674,Old,Luxury,Spacious
745,Bangalore,2437.4111941086667,5,2,49.63935091317932,376.978957752012,3,5,15466.366883978675,1.6666666666666667,2.0513567887458737,Old,Luxury,Large
746,Bangalore,1036.1330239822169,2,1,31.129544897126166,209.6056016065745,0,2,20229.603415301623,1.0,1.930254082929728,Old,Premium,Standard
747,Bangalore,2805.76769329448,3,2,1.7887345357003923,65.72579150021883,3,7,2342.524352864183,1.0,2.4948608599098705,Brand New,Budget,Large
748,Bangalore,2069.7435835638357,5,1,0.864698788354129,143.3521579939916,2,3,6926.08297628624,2.5,1.4494549101750955,Brand New,Mid-Range,Large
749,Mumbai,2186.712159574989,4,1,16.01809852461531,479.2487442631281,2,3,21916.40734079401,2.0,1.3719226770948592,Old,Luxury,Large
750,Bangalore,3295.9878087006828,1,3,9.789190343020245,168.9744204243581,0,1,5126.670067719996,0.25,0.30339918047033426,Medium,Mid-Range,Spacious
751,Hyderabad,3734.231509679911,4,3,40.652560357165406,178.35246087155093,1,5,4776.148999043684,1.0,1.3389635824771313,Old,Mid-Range,Spacious
752,Hyderabad,997.7161949292238,5,1,42.24028335180002,111.00268692690418,0,5,11125.67757154413,2.5,5.0114451638771795,Old,Mid-Range,Compact
753,Mumbai,660.1560386291437,2,2,12.930938565523808,407.28828854660736,2,0,61695.76050419346,0.6666666666666666,0.0,Old,Luxury,Compact
754,Bangalore,4974.486362085717,5,1,16.282238847494636,152.30923051629313,3,7,3061.808183396697,2.5,1.4071804585398482,Old,Mid-Range,Spacious
755,Bangalore,1547.2775701199832,1,3,11.812348385755731,178.5239592170507,3,2,11537.94009973318,0.25,1.2925928990523081,Old,Mid-Range,Standard
756,Bangalore,742.2373620880659,5,1,45.4191273685632,218.8870920471808,1,0,29490.17433337046,2.5,0.0,Old,Premium,Compact
757,Chennai,1354.43898093164,2,3,25.13246673111411,228.18957429181265,1,9,16847.534477696023,0.5,6.644817615784671,Old,Premium,Standard
758,Delhi,675.310308568089,4,1,32.80685220410099,217.4435793992104,2,0,32199.06117830073,2.0,0.0,Old,Premium,Compact
759,Chennai,2263.1490257772725,3,4,20.77410433498017,261.79697377986975,1,0,11567.818592501051,0.6,0.0,Old,Premium,Large
760,Delhi,4110.808030030959,4,1,31.55070967522656,410.9661822158736,0,4,9997.211721238624,2.0,0.9730447081883985,Old,Luxury,Spacious
761,Bangalore,2035.6000239097427,2,2,19.292768836086804,413.25681955617057,2,4,20301.474489199263,0.6666666666666666,1.9650225746791197,Old,Luxury,Large
762,Bangalore,2498.825330952649,2,3,16.983921886461275,403.1903042064065,3,0,16135.19357324166,0.5,0.0,Old,Luxury,Large
763,Chennai,3540.1404810534746,1,4,31.72400365867401,68.53992277591401,3,4,1936.079179420527,0.2,1.1298986640241124,Old,Budget,Spacious
764,Chennai,2790.023315314461,5,3,29.55310390244946,403.8458255719108,3,6,14474.639812334104,1.25,2.1505196630673127,Old,Luxury,Large
765,Delhi,4376.505587095959,5,3,14.67639770839748,77.72085127355686,1,4,1775.8654645092943,1.25,0.9139711855490192,Old,Budget,Spacious
766,Hyderabad,4397.160537705904,4,2,7.467422515973671,79.86740962508384,2,8,1816.3405438627092,1.3333333333333333,1.819355907386037,Medium,Budget,Spacious
767,Delhi,544.5981297101914,3,1,18.42883469190688,474.9741303847812,1,3,87215.52728018719,1.5,5.5086491053438875,Old,Luxury,Compact
768,Chennai,4001.208379174396,3,2,20.75988195709546,413.31096545865984,0,8,10329.653601893682,1.0,1.9993959928802079,Old,Luxury,Spacious
769,Chennai,2573.3012010875323,1,1,31.43421667123024,285.15702409664414,2,7,11081.36987524549,0.5,2.720241220515364,Old,Premium,Large
770,Mumbai,4949.782435866484,2,4,45.72643818184319,439.9856981493738,1,0,8888.990654643836,0.4,0.0,Old,Luxury,Spacious
771,Chennai,2674.544341439458,1,2,1.809239876646257,494.8950284248942,3,3,18503.90067410654,0.3333333333333333,1.1216863947693532,Brand New,Luxury,Large
772,Mumbai,4941.0317542473385,5,2,12.183050627092246,313.1081919832532,3,6,6336.899003211296,1.6666666666666667,1.2143212791219902,Old,Luxury,Spacious
773,Hyderabad,3895.5621254258144,2,3,9.685797113978015,314.1912497511287,0,0,8065.363601839239,0.5,0.0,Medium,Luxury,Spacious
774,Delhi,1618.7219807598783,1,2,25.11472043468918,382.1249739967655,0,7,23606.584610495265,0.3333333333333333,4.324399176141404,Old,Luxury,Standard
775,Delhi,2922.7774067913097,4,1,21.48504035215799,131.42669713535977,0,1,4496.637233816685,2.0,0.3421403209414508,Old,Mid-Range,Large
776,Mumbai,4964.610377653622,5,2,36.45188119100942,100.21993352902368,3,7,2018.6867831587965,1.6666666666666667,1.4099797300323786,Old,Mid-Range,Spacious
777,Delhi,4358.887734883657,3,2,12.120795627243192,384.5987600072348,1,3,8823.323365943494,1.0,0.6882489714041863,Old,Luxury,Spacious
778,Chennai,938.1510220604948,1,4,29.724918287487927,185.55430159716911,3,7,19778.724025650958,0.2,7.461485235741308,Old,Mid-Range,Compact
779,Bangalore,3678.673985644982,5,1,44.19286317999797,84.83377102684832,3,0,2306.096472747759,2.5,0.0,Old,Budget,Spacious
780,Mumbai,2055.1081364186584,5,3,45.53388699591523,171.14130844051988,3,4,8327.605998327654,1.25,1.9463695993003143,Old,Mid-Range,Large
781,Delhi,531.4201784615665,3,1,47.939230236251554,192.14569657979615,1,8,36157.019316814025,1.5,15.05400119197502,Old,Mid-Range,Compact
782,Mumbai,2315.6643606214984,3,4,38.66305760399943,483.3092765627315,3,6,20871.30090100867,0.6,2.591049075173255,Old,Luxury,Large
783,Mumbai,1556.3948977623709,3,1,45.29939531294575,355.0206613222031,0,2,22810.44880271815,1.5,1.2850209178116687,Old,Luxury,Standard
784,Bangalore,4184.911717342122,1,1,11.726543599263712,274.8110323518723,0,3,6566.710385145412,0.5,0.7168610003331992,Old,Premium,Spacious
785,Chennai,2017.9877398059448,3,2,9.879047217523851,485.0591065676504,0,9,24036.771730550507,1.0,4.45988834444825,Medium,Luxury,Large
786,Mumbai,4223.8566227921765,4,2,0.3244041890263227,453.5070754276067,0,6,10736.800889037191,1.3333333333333333,1.4205027622442605,Brand New,Luxury,Spacious
787,Delhi,502.6907247565789,5,1,35.34221787145492,265.7604111747967,3,5,52867.578032892394,2.5,9.946473554731254,Old,Premium,Compact
788,Hyderabad,1885.186175117536,3,1,46.87335939068722,454.7262249809508,3,3,24121.024808204944,1.5,1.5913547635755172,Old,Luxury,Standard
789,Mumbai,1585.2434643849288,5,3,9.34676725208382,214.0662358700752,3,2,13503.681969326552,1.25,1.261635859054619,Medium,Premium,Standard
790,Mumbai,1551.053124808749,2,4,31.84717877134394,130.60191937117983,0,1,8420.209294074537,0.4,0.644723242553864,Old,Mid-Range,Standard
791,Bangalore,806.8397889445821,2,2,37.32298796108888,131.68552487460087,1,9,16321.149090435563,0.6666666666666666,11.15463084904724,Old,Mid-Range,Compact
792,Chennai,1342.0592168472576,3,2,46.38071175740283,337.9114517322208,2,8,25178.579863713952,1.0,5.9609888293852356,Old,Luxury,Standard
793,Hyderabad,2999.9730644852893,5,2,32.343011200861085,260.513753939493,2,2,8683.869766150376,1.6666666666666667,0.6666726523903452,Old,Premium,Large
794,Delhi,1811.12482776985,2,2,48.51468663743761,336.29640656261444,2,6,18568.372616078428,0.6666666666666666,3.312858345268322,Old,Luxury,Standard
795,Hyderabad,2378.276520481166,3,1,17.23365705062739,349.3164628458416,1,0,14687.798489267723,1.5,0.0,Old,Luxury,Large
796,Delhi,2195.900961562348,5,1,17.49642668857038,30.714978990904456,3,7,1398.7415429269288,2.5,3.1877576095324502,Old,Budget,Large
797,Chennai,4441.572162499526,3,3,27.15062550071728,45.93900432699313,2,0,1034.296025062005,0.75,0.0,Old,Budget,Spacious
798,Delhi,4573.84549554732,5,2,19.17509405579536,275.6853087638,2,1,6027.4294143119205,1.6666666666666667,0.21863440751846758,Old,Premium,Spacious
799,Bangalore,2718.3063724513704,2,2,0.0712864143766311,111.6970293248369,3,0,4109.06697114161,0.6666666666666666,0.0,Brand New,Mid-Range,Large
800,Bangalore,1985.70177642022,3,1,36.58860125434937,323.61620902613106,2,3,16297.32182692304,1.5,1.5108008844149472,Old,Luxury,Standard
801,Bangalore,980.6031680106364,2,3,37.58585207392417,285.0491548019111,3,1,29068.75728131639,0.5,1.0197805112426,Old,Premium,Compact
802,Bangalore,4790.312957219428,3,1,37.348730234338525,301.1649720180278,2,0,6286.958173873491,1.5,0.0,Old,Luxury,Spacious
803,Hyderabad,771.0212520513385,1,2,17.25103333052333,165.17858231888513,3,0,21423.350119003815,0.3333333333333333,0.0,Old,Mid-Range,Compact
804,Chennai,1839.4262490572617,2,2,26.114473665558595,327.1248830133904,0,1,17784.07170067556,0.6666666666666666,0.5436477817539669,Old,Luxury,Standard
805,Delhi,1841.2979052650187,2,4,17.998675908833473,418.1564655128111,1,5,22709.875697850515,0.4,2.7154758530398415,Old,Luxury,Standard
806,Delhi,1941.805787630967,4,4,0.8018200015322885,499.07420172427385,2,1,25701.550840115277,0.8,0.5149845604384645,Brand New,Luxury,Standard
807,Bangalore,1239.2907947258418,2,4,28.122447063570934,422.4533053626628,3,1,34088.311408471214,0.4,0.8069131185802294,Old,Luxury,Standard
808,Bangalore,4024.226439156637,5,3,6.188033304200552,287.59940464637475,0,7,7146.700340914399,1.25,1.7394647408228352,Medium,Premium,Spacious
809,Mumbai,1051.2403788469514,3,1,4.00206620457203,112.84620400637914,3,4,10734.576627484003,1.5,3.8050288787302704,Recent,Mid-Range,Standard
810,Chennai,3357.0799661892324,1,2,37.77495343483936,347.09402053751404,2,7,10339.164513007283,0.3333333333333333,2.085145444999931,Old,Luxury,Spacious
811,Hyderabad,1057.3071201761786,5,2,0.4753101209052812,470.0738170678295,2,7,44459.533857059556,1.6666666666666667,6.620592887744474,Brand New,Luxury,Standard
812,Delhi,817.4103691683044,5,3,47.95042218043631,121.69593907150517,2,1,14887.985724395432,1.25,1.2233757213252339,Old,Mid-Range,Compact
813,Mumbai,4592.432766586444,5,2,25.762768205628845,142.877897852757,2,6,3111.159272538641,1.6666666666666667,1.3064970800780609,Old,Mid-Range,Spacious
814,Mumbai,1355.5794484341754,5,2,49.15082153530742,91.52410083759256,2,8,6751.658926617078,1.6666666666666667,5.901535324425852,Old,Budget,Standard
815,Delhi,4195.625695518669,1,1,2.8998786236354213,373.6263889406728,0,7,8905.141117324685,0.5,1.6684043115372929,Recent,Luxury,Spacious
816,Hyderabad,2950.8389199821117,4,4,29.176477443295664,215.14952164335645,3,8,7291.130674278239,0.8,2.7110934269663547,Old,Premium,Large
817,Mumbai,850.3543382394632,2,4,17.46635179879556,50.09390666546436,3,7,5890.945034651862,0.4,8.231862513328851,Old,Budget,Compact
818,Mumbai,4799.516861471304,5,3,42.17412464071429,439.97599591533447,2,3,9167.089284492245,1.25,0.6250629149952278,Old,Luxury,Spacious
819,Chennai,1611.3252514635165,2,4,18.061136761714312,287.682514257232,3,9,17853.78302710387,0.4,5.5854645062041826,Old,Premium,Standard
820,Hyderabad,4368.404054086729,2,4,13.024378952867457,178.92526016017078,0,6,4095.8953875336383,0.4,1.3734993205097135,Old,Mid-Range,Spacious
821,Mumbai,1259.6450260305387,5,3,42.87765635499567,185.11182850932653,2,8,14695.555071785653,1.25,6.350995585804067,Old,Mid-Range,Standard
822,Hyderabad,4342.742969638338,4,3,18.73265458266305,159.32058569163524,1,8,3668.6625666198106,1.0,1.8421536931683151,Old,Mid-Range,Spacious
823,Delhi,559.5296580738229,2,4,0.8416659930280734,238.63048274846807,0,3,42648.40644371773,0.4,5.361646083833125,Brand New,Premium,Compact
824,Bangalore,2803.0120545626637,3,1,19.514455041966688,181.7800104743096,2,6,6485.166918151966,1.5,2.1405544761155664,Old,Mid-Range,Large
825,Mumbai,3962.4916073970057,2,3,32.726113450547096,283.0142259538925,3,5,7142.329978076772,0.5,1.2618323255666255,Old,Premium,Spacious
826,Chennai,4706.579828717525,5,2,12.717976940319092,391.2882810902212,0,2,8313.643778073167,1.6666666666666667,0.42493701855365557,Old,Luxury,Spacious
827,Delhi,4591.409612929192,1,3,21.599379621257864,343.7414160532993,2,9,7486.620559519232,0.25,1.960182331512402,Old,Luxury,Spacious
828,Hyderabad,4188.311912964402,2,2,2.835756914111276,161.33930852197622,3,5,3852.132120880738,0.6666666666666666,1.1937983855794305,Recent,Mid-Range,Spacious
829,Delhi,4496.861073475869,4,3,29.40463957569786,273.79568553909405,3,7,6088.595601808585,1.0,1.556641373977186,Old,Premium,Spacious
830,Mumbai,1396.4885862668443,3,3,37.81474619301969,423.2605567578804,2,1,30308.91630051624,0.75,0.7160817566531243,Old,Luxury,Standard
831,Hyderabad,1778.8293307027795,3,4,20.665628070055515,52.73899267650823,0,2,2964.814654572405,0.6,1.1243349575362807,Old,Budget,Standard
832,Bangalore,1800.3583621447633,1,4,21.011631640073,57.58268815371429,2,7,3198.4014607578542,0.2,3.8881148037999025,Old,Budget,Standard
833,Delhi,2196.7426895076446,1,4,4.414124929245822,286.96163266388163,2,3,13063.05167348472,0.2,1.3656583514896727,Recent,Premium,Large
834,Mumbai,2269.9430167333494,2,1,10.097043225599128,326.7752616271055,2,3,14395.747347762248,1.0,1.3216190793711058,Old,Luxury,Large
835,Chennai,2950.49896094604,5,4,7.733765156395633,121.47824757243396,2,1,4117.210315284554,1.0,0.3389257251862793,Medium,Mid-Range,Large
836,Hyderabad,1219.4589351489865,4,4,24.084388433076896,377.7056608119287,2,9,30973.216885387188,0.8,7.380322322129225,Old,Luxury,Standard
837,Delhi,3610.609987036952,3,3,26.462777047537507,330.2064209795492,3,0,9145.446951209846,0.75,0.0,Old,Luxury,Spacious
838,Delhi,1254.0494268702791,1,3,47.447006564213,463.1788487534175,2,6,36934.65654773825,0.25,4.7845004123754125,Old,Luxury,Standard
839,Bangalore,1896.388169470464,4,1,3.661575213861696,101.09801689209762,0,3,5331.08245029432,2.0,1.58195460628596,Recent,Mid-Range,Standard
840,Bangalore,2765.0530877276933,5,2,29.99339865775236,380.6596473718451,1,5,13766.81153289065,1.6666666666666667,1.8082835451484858,Old,Luxury,Large
841,Chennai,4083.982526855648,3,3,26.324926366412065,60.14868347996817,2,7,1472.794829175678,0.75,1.7140132098923206,Old,Budget,Spacious
842,Chennai,3827.611549574273,3,3,25.81165489679146,291.3403565685908,0,6,7611.544504849119,0.75,1.567557188677454,Old,Premium,Spacious
843,Mumbai,3404.9046038473502,5,2,43.657964369141325,284.90966695959,1,6,8367.625531642154,1.6666666666666667,1.762163907094589,Old,Premium,Spacious
844,Mumbai,1200.9796726107656,3,1,10.276923534774324,206.4248214304355,0,5,17188.036245584084,1.5,4.163267800470497,Old,Premium,Standard
845,Chennai,2961.7040552701,5,3,2.038663717068573,425.39415088091226,3,3,14363.155228962178,1.25,1.0129303752215741,Recent,Luxury,Large
846,Chennai,893.5092580994844,3,4,33.61357538170962,22.097909497285876,3,3,2473.159544456054,0.6,3.3575477509668694,Old,Budget,Compact
847,Hyderabad,2198.1342955849286,2,1,17.257873206799008,269.68611291129,1,8,12268.864256973251,1.0,3.639450062750229,Old,Premium,Large
848,Bangalore,2360.8243863048165,5,2,0.8794958106262296,124.23370392088997,1,4,5262.30178922125,1.6666666666666667,1.6943233995735005,Brand New,Mid-Range,Large
849,Mumbai,679.1514775058922,4,2,12.56870036452069,376.87933717588777,1,8,55492.677209498965,1.3333333333333333,11.779404543709607,Old,Luxury,Compact
850,Bangalore,1732.9464476148733,2,4,15.466338710840594,40.67236462692664,3,8,2347.0064342095343,0.4,4.6164150144459075,Old,Budget,Standard
851,Bangalore,4800.422602699202,4,4,30.841918839212106,419.1462503271573,3,3,8731.444812618747,0.8,0.6249449784510945,Old,Luxury,Spacious
852,Chennai,4791.346735233603,3,4,8.629289702463605,422.2842688193367,0,1,8813.477549308445,0.6,0.20870958735806142,Medium,Luxury,Spacious
853,Hyderabad,2085.471744136427,4,1,20.6527173976699,419.7756859536814,3,1,20128.572210768856,2.0,0.4795078153475966,Old,Luxury,Large
854,Delhi,693.9504902674582,2,2,24.123772220891627,93.23289283168153,1,8,13435.092868908883,0.6666666666666666,11.528199939619162,Old,Budget,Compact
855,Hyderabad,1305.927226976817,5,4,22.961869568204545,322.59512890930154,2,8,24702.38174420329,1.0,6.125915621286006,Old,Luxury,Standard
856,Hyderabad,2264.9800704509307,1,4,48.69703833333909,26.89633240802701,2,2,1187.4864931006775,0.2,0.8830099770378217,Old,Budget,Large
857,Bangalore,4765.008640861534,4,2,2.275211889514805,427.0220438188159,1,4,8961.621604564572,1.3333333333333333,0.8394528324038427,Recent,Luxury,Spacious
858,Hyderabad,1135.395785917332,1,3,47.54840932261997,367.0280928841378,3,4,32326.004503143457,0.25,3.5230005691524022,Old,Luxury,Standard
859,Mumbai,3935.821296506955,4,1,29.096860699701665,274.9537908316413,1,1,6985.931781904403,2.0,0.2540765763139452,Old,Premium,Spacious
860,Bangalore,989.0714271861144,4,3,39.78638574849192,370.6838878863762,3,1,37477.9695073149,1.0,1.0110493261795834,Old,Luxury,Compact
861,Mumbai,4915.659098260746,5,4,21.51963090080377,65.27556639285066,2,9,1327.9107661462203,1.0,1.8308836760434368,Old,Budget,Spacious
862,Delhi,2217.274245991108,3,1,22.691894062849023,273.75479944489103,0,0,12346.45646292276,1.5,0.0,Old,Premium,Large
863,Bangalore,3988.555425045752,2,3,43.96632495079118,159.81271607189382,3,1,4006.781880687057,0.5,0.2507173383427483,Old,Mid-Range,Spacious
864,Delhi,2041.659872650093,2,2,44.79672481459511,486.85734234702704,0,6,23846.153263279935,0.6666666666666666,2.9387852895457782,Old,Luxury,Large
865,Bangalore,3324.509947214639,2,4,11.93444407156488,431.4166162994728,2,0,12976.84841222764,0.4,0.0,Old,Luxury,Spacious
866,Chennai,1364.0723813301652,3,1,9.962093929230909,371.9723340003089,0,0,27269.251917378664,1.5,0.0,Medium,Luxury,Standard
867,Hyderabad,1157.0945868363317,1,1,24.81175869349756,468.1988649198713,0,8,40463.3182322628,0.5,6.913868659495839,Old,Luxury,Standard
868,Chennai,4721.288628056591,2,1,45.013851356384585,186.4847861914274,1,1,3949.870488392266,1.0,0.21180658052918633,Old,Mid-Range,Spacious
869,Delhi,4629.412750569951,1,1,16.117754670308816,452.422351514327,0,3,9772.780607186667,0.5,0.6480303575503512,Old,Luxury,Spacious
870,Hyderabad,4493.610230957971,3,4,32.600730766956566,176.11435141122095,2,2,3919.2173410571036,0.6,0.4450764301321323,Old,Mid-Range,Spacious
871,Bangalore,3314.4505257496708,3,4,35.407584387030056,371.74242545175343,3,3,11215.808549975922,0.6,0.9051274039824301,Old,Luxury,Spacious
872,Hyderabad,4137.206950473252,5,2,38.93373324470779,373.4801176526956,0,6,9027.349178410654,1.6666666666666667,1.4502537755124056,Old,Luxury,Spacious
873,Mumbai,810.666216101187,2,2,28.19622289604816,28.807940697964867,3,9,3553.6130809192464,0.6666666666666666,11.10197985464911,Old,Budget,Compact
874,Hyderabad,2006.5506885080565,5,2,20.12275891394848,193.30865517353368,1,1,9633.878490120062,1.6666666666666667,0.4983676743015829,Old,Mid-Range,Large
875,Mumbai,1911.664061407203,2,3,48.350799439948645,29.327682756078985,2,1,1534.1441704192766,0.5,0.5231044618079423,Old,Budget,Standard
876,Hyderabad,3360.4039487867594,3,2,30.566537665142636,498.60416845291934,2,8,14837.625953657609,1.0,2.3806661704728445,Old,Luxury,Spacious
877,Mumbai,2101.8099806178825,3,4,36.42826058166354,78.65444567803424,3,5,3742.2243877113806,0.6,2.378902015933009,Old,Budget,Large
878,Delhi,1168.2805173965637,4,3,17.249142284793916,280.5492299110925,2,6,24013.858464085148,1.0,5.135752852722911,Old,Premium,Standard
879,Chennai,3184.1018393609465,4,4,33.497459050154006,399.4669946060659,1,4,12545.672681318492,0.8,1.256241226506375,Old,Luxury,Spacious
880,Bangalore,4164.727643010867,3,3,12.889883108206297,116.60652908522836,3,4,2799.8596566311912,0.75,0.9604469590496972,Old,Mid-Range,Spacious
881,Hyderabad,2219.55572506988,3,2,12.254845876431808,252.82528068582687,2,3,11390.805728829673,1.0,1.351621843108061,Old,Premium,Large
882,Chennai,1095.2092179431677,1,2,35.73611009047132,311.5658052421524,1,7,28448.06272058971,0.3333333333333333,6.391472866842911,Old,Luxury,Standard
883,Bangalore,1385.0968879077036,1,2,26.069736813146758,96.89828210986178,1,6,6995.77646558965,0.3333333333333333,4.331826930218193,Old,Budget,Standard
884,Bangalore,1568.674873262228,5,3,34.163830521119486,393.7066207575385,0,9,25098.03831681088,1.25,5.737326550838119,Old,Luxury,Standard
885,Mumbai,1849.539168475413,4,4,13.471924537404584,163.68149945089533,2,1,8849.853100749364,0.8,0.5406752217225583,Old,Mid-Range,Standard
886,Delhi,3392.577817278391,4,1,29.93616705283652,121.29107664264336,3,1,3575.189227050539,2.0,0.2947611090619653,Old,Mid-Range,Spacious
887,Delhi,3204.2546804197355,3,4,22.196682485155627,287.97859828996013,0,5,8987.381685036251,0.6,1.5604252778512082,Old,Premium,Spacious
888,Chennai,3632.359377051676,3,2,29.8480143422764,216.95054126861015,3,0,5972.716869350774,1.0,0.0,Old,Premium,Spacious
889,Delhi,2131.2589303918094,5,3,14.543986612210968,461.7372534254805,0,6,21665.000288847823,1.25,2.8152374704170566,Old,Luxury,Large
890,Hyderabad,4207.989433459903,4,3,35.77254818245619,442.4300951351139,1,7,10514.049574771341,1.0,1.6635022760131895,Old,Luxury,Spacious
891,Delhi,1418.394475200921,1,2,40.29646830797328,252.00831842666395,0,9,17767.153132133146,0.3333333333333333,6.345202380124271,Old,Premium,Standard
892,Chennai,2610.6833638316925,2,3,12.995823692886182,192.4466118682868,0,7,7371.503359405235,0.5,2.681290307732348,Old,Mid-Range,Large
893,Delhi,4104.224246936436,5,2,15.031027992782104,176.24863118300732,0,2,4294.322643665649,1.6666666666666667,0.4873028079527777,Old,Mid-Range,Spacious
894,Hyderabad,1310.7139147967866,2,4,33.05771348595465,148.43053907912355,2,6,11324.404006356814,0.4,4.577657971175381,Old,Mid-Range,Standard
895,Mumbai,994.3840118335232,1,3,34.77925871517721,281.3829697819891,0,0,28297.21379602163,0.25,0.0,Old,Premium,Compact
896,Chennai,4476.577854595954,1,1,35.2049842198725,406.3897302725809,1,2,9078.133866371922,0.5,0.44676984628931815,Old,Luxury,Spacious
897,Mumbai,2043.1834824163816,2,3,34.134925238791844,169.16317193770772,3,5,8279.392105189007,0.5,2.447161521728202,Old,Mid-Range,Large
898,Mumbai,3577.415562090644,5,2,19.64038584762694,111.24516305027912,2,8,3109.6516778516884,1.6666666666666667,2.2362512437120374,Old,Mid-Range,Spacious
899,Mumbai,614.0687191877232,2,1,19.74268372018392,248.23222696797765,1,4,40424.17716641451,1.0,6.513928938264618,Old,Premium,Compact
900,Bangalore,3605.2109978425233,5,2,12.740881182219072,53.13652006287994,2,4,1473.8810043206508,1.6666666666666667,1.1095051031392424,Old,Budget,Spacious
901,Bangalore,1922.4559019613675,5,3,7.841684994818149,356.6139229422593,3,8,18549.914335014255,1.25,4.161343826840488,Medium,Luxury,Standard
902,Mumbai,750.8338411434878,3,1,34.628868969845286,268.81196782492816,3,8,35801.791700749534,1.5,10.654820762762029,Old,Premium,Compact
903,Chennai,3244.1574269665266,4,1,4.659439298615641,258.25990782697,3,5,7960.769896066907,2.0,1.5412322344280582,Recent,Premium,Spacious
904,Hyderabad,1583.6171723292796,4,3,46.88961433933908,164.2137821840108,2,4,10369.537856328956,1.0,2.525862986264893,Old,Mid-Range,Standard
905,Hyderabad,2240.63258923346,1,1,41.33431518357257,454.2432500152336,2,9,20272.991306023727,0.5,4.0167227966094075,Old,Luxury,Large
906,Delhi,862.6136552893112,3,4,42.8752869978628,63.433420087785294,3,1,7353.6304113468295,0.6,1.1592675282477543,Old,Budget,Compact
907,Chennai,1162.234629927254,4,1,45.33344073075951,437.5155242657751,3,7,37644.33729643385,2.0,6.022880251329408,Old,Luxury,Standard
908,Bangalore,1840.897559731297,5,1,20.430248536162004,200.81849715964287,1,7,10908.727435596957,2.5,3.8024929540466887,Old,Premium,Standard
909,Mumbai,903.9177525207072,5,4,42.33503616752005,442.6992876680107,3,6,48975.61602628987,1.0,6.637772057544086,Old,Luxury,Compact
910,Delhi,4598.718191088418,2,2,7.903065014582467,369.8054999995441,0,7,8041.49079446025,0.6666666666666666,1.5221632874927806,Medium,Luxury,Spacious
911,Hyderabad,527.2116943279029,2,2,1.0820897304117838,70.00194879777838,2,2,13277.768598630551,0.6666666666666666,3.7935425589328564,Brand New,Budget,Compact
912,Bangalore,2677.3709848894014,5,4,39.244569733192506,419.13741752448976,1,2,15654.812870163518,1.0,0.7470014470492281,Old,Luxury,Large
913,Bangalore,1054.6135615964815,5,1,3.739832399846965,347.4448801757625,2,1,32945.23158319697,2.5,0.948214622317385,Recent,Luxury,Standard
914,Mumbai,1884.5559026507683,2,3,49.42623336629608,35.50491819936725,3,0,1883.9938974177917,0.5,0.0,Old,Budget,Standard
915,Hyderabad,4667.268019182195,4,4,33.7398214800778,84.17728741264158,0,2,1803.566606131851,0.8,0.4285162094356096,Old,Budget,Spacious
916,Chennai,1227.6254897329409,1,3,37.67248551210528,325.10146680113365,3,2,26482.137225079663,0.25,1.6291613498796627,Old,Luxury,Standard
917,Bangalore,4846.245438732497,2,2,12.290192813893295,338.0482413825368,2,6,6975.4667949907025,0.6666666666666666,1.2380718384682678,Old,Luxury,Spacious
918,Mumbai,1426.0746964523978,4,4,33.693269695984405,378.3926877620456,1,9,26533.861704675182,0.8,6.311029865678862,Old,Luxury,Standard
919,Chennai,3837.047488100733,4,3,2.1609968627478606,365.7177923719913,2,8,9531.229246084073,1.0,2.084936406132375,Recent,Luxury,Spacious
920,Hyderabad,2960.047692037903,4,1,41.891285996180045,336.5695782415784,1,0,11370.410657466822,2.0,0.0,Old,Luxury,Large
921,Bangalore,4480.154274185416,3,4,8.481204651578622,387.7946728382828,0,7,8655.833016125138,0.6,1.5624461952870456,Medium,Luxury,Spacious
922,Chennai,2992.9696497640894,3,3,34.867903341688525,296.04113882833894,3,0,9891.21753545591,0.75,0.0,Old,Premium,Large
923,Chennai,2905.516486203389,4,4,11.224025061636416,145.17986505173835,3,2,4996.697342490164,0.8,0.688345775870431,Old,Mid-Range,Large
924,Chennai,1379.5610016577994,5,4,3.422658471302137,457.9407745907448,0,3,33194.67381583299,1.0,2.1746048173259043,Recent,Luxury,Standard
925,Bangalore,1248.0321292324645,3,2,24.074683927469717,28.742734847349407,2,7,2303.044462887834,1.0,5.608829962017865,Old,Budget,Standard
926,Bangalore,4624.201180019814,2,2,8.464310513639472,195.9496255383153,0,0,4237.4805487480035,0.6666666666666666,0.0,Medium,Mid-Range,Spacious
927,Delhi,1975.2718948251531,3,1,36.47219941632749,369.8577406866384,3,1,18724.396456791455,1.5,0.5062594180678694,Old,Luxury,Standard
928,Hyderabad,2174.370147333032,5,2,11.878292169174244,225.03489975184368,1,4,10349.42923714528,1.6666666666666667,1.8396131886312868,Old,Premium,Large
929,Mumbai,3919.206462927748,1,2,17.123627811791444,31.92051559040687,3,5,814.4637413809893,0.3333333333333333,1.275768461624977,Old,Budget,Spacious
930,Chennai,2024.705670902633,3,2,28.371962563223647,51.67083349578233,2,4,2552.0170283687203,1.0,1.9755957902843042,Old,Budget,Large
931,Delhi,4784.281009875513,4,3,14.24841387886558,331.34593718637853,1,2,6925.720636025102,1.0,0.41803564545470545,Old,Luxury,Spacious
932,Mumbai,3820.674960494601,4,4,18.89940581049808,483.1350077145439,2,9,12645.278981073026,0.8,2.3556047277141094,Old,Luxury,Spacious
933,Delhi,3188.43159158039,4,2,40.78108855201933,284.8945452005595,3,6,8935.256630654183,1.3333333333333333,1.881802957869332,Old,Premium,Spacious
934,Bangalore,4464.028222451387,1,3,8.960492478051286,263.2437526514092,3,0,5897.000187576119,0.25,0.0,Medium,Premium,Spacious
935,Chennai,723.2265875726723,5,4,4.110079474096684,172.79610226700828,1,1,23892.38797856628,1.0,1.3826925298145467,Recent,Mid-Range,Compact
936,Mumbai,1656.7821148514392,2,2,16.417889256650962,143.2115234557103,2,8,8643.956388227418,0.6666666666666666,4.828637349647722,Old,Mid-Range,Standard
937,Mumbai,2592.6635039940948,5,2,21.218838350693908,30.072791243016663,1,3,1159.9187938075422,1.6666666666666667,1.1571112083686865,Old,Budget,Large
938,Mumbai,1521.4034276218445,1,4,27.132964106828386,151.01833646742617,1,7,9926.251888592618,0.2,4.60101500556097,Old,Mid-Range,Standard
939,Mumbai,3847.573342859684,4,3,18.621184808750357,235.57301161532115,2,8,6122.63862500495,1.0,2.0792326193979846,Old,Premium,Spacious
940,Mumbai,4636.436139741763,5,3,39.49558501114026,115.01589586349608,1,6,2480.69621573397,1.25,1.2940974099848561,Old,Mid-Range,Spacious
941,Delhi,2406.965539689156,2,1,1.9659743834236632,61.92703447108602,0,0,2572.8259690449704,1.0,0.0,Brand New,Budget,Large
942,Chennai,2039.5967005035272,4,4,21.5883769099279,364.5093762822093,1,4,17871.639829198622,0.8,1.9611720292607338,Old,Luxury,Large
943,Bangalore,4826.978294619048,2,1,19.11279573282023,449.4177291526722,3,5,9310.539673519308,1.0,1.0358447241359736,Old,Luxury,Spacious
944,Bangalore,2501.8359477239337,3,3,32.37892454034295,469.6505934498011,2,7,18772.237799087892,0.75,2.797945247516452,Old,Luxury,Large
945,Bangalore,2700.7178020217743,2,2,48.3138125948698,316.6393896785549,3,9,11724.267875803858,0.6666666666666666,3.332447393527211,Old,Luxury,Large
946,Bangalore,2082.424425538574,4,1,25.518770331443108,45.33179964765527,0,7,2176.876101322677,2.0,3.3614665263012373,Old,Budget,Large
947,Delhi,4592.968128554623,3,3,49.34384234708602,375.61406238165125,0,8,8178.024577319558,0.75,1.7417930575794236,Old,Luxury,Spacious
948,Hyderabad,3060.2996747683283,4,3,15.112469745659872,72.84574652570547,1,8,2380.346837478263,1.0,2.614123076232924,Old,Budget,Spacious
949,Chennai,3929.7856423174007,4,2,1.5434066271230509,341.4790964901555,3,3,8689.509494181588,1.3333333333333333,0.763400417492211,Brand New,Luxury,Spacious
950,Mumbai,4153.130232578988,3,4,8.283158373820637,394.09560115898034,1,5,9489.122158210219,0.6,1.2039111995038805,Medium,Luxury,Spacious
951,Hyderabad,2038.3206886276616,2,3,19.756244238728364,368.4150611967069,1,2,18074.44055551187,0.5,0.9811998726002914,Old,Luxury,Large
952,Bangalore,2451.62449094171,1,1,15.81669545942761,476.9042267653427,3,0,19452.580463582974,0.5,0.0,Old,Luxury,Large
953,Hyderabad,4318.122984828191,1,2,4.852706549168884,374.31021654434704,0,5,8668.354696230128,0.3333333333333333,1.1579105128704295,Recent,Luxury,Spacious
954,Chennai,2134.649082541146,1,4,21.63300538453584,352.7406934312681,0,0,16524.5283787514,0.2,0.0,Old,Luxury,Large
955,Mumbai,4072.7081005333303,1,4,16.905788582978136,145.63672264788914,0,8,3575.918505645364,0.2,1.9642949611223997,Old,Mid-Range,Spacious
956,Mumbai,4734.465451584967,5,4,6.130961022871922,463.8889694892328,2,5,9798.127671075004,1.0,1.0560854337475711,Medium,Luxury,Spacious
957,Chennai,3304.4466788060317,1,3,14.805856530595443,106.18105798120013,2,0,3213.277994837116,0.25,0.0,Old,Mid-Range,Spacious
958,Chennai,3837.3227935335,3,4,44.321802767769526,454.35037350710064,1,2,11840.295902986149,0.6,0.5211967060395124,Old,Luxury,Spacious
959,Bangalore,4122.937904185107,1,3,15.102443274467008,170.078020806037,2,0,4125.165713347135,0.25,0.0,Old,Mid-Range,Spacious
960,Mumbai,4302.678420034891,4,2,35.69777116210258,82.47852506128099,2,1,1916.911212263271,1.3333333333333333,0.2324133719460937,Old,Budget,Spacious
961,Hyderabad,2277.7400203555817,1,2,30.60235398288778,416.8078530901619,3,5,18299.184690318318,0.3333333333333333,2.195158339106428,Old,Luxury,Large
962,Delhi,730.6855662919918,2,4,21.359058120418588,21.19781772839799,1,6,2901.086145162344,0.4,8.2114664320635,Old,Budget,Compact
963,Delhi,2308.443220565328,3,2,11.95128184018346,419.4023924867987,1,0,18168.191825142178,1.0,0.0,Old,Luxury,Large
964,Chennai,3531.903034028404,3,1,18.450734967297272,145.90968418206842,3,9,4131.191677016323,1.5,2.548201327524786,Old,Mid-Range,Spacious
965,Bangalore,2526.576736013568,5,1,29.605360673552138,444.6662109226982,0,4,17599.552967636853,2.5,1.5831698056047168,Old,Luxury,Large
966,Delhi,3870.3341788717935,4,3,17.537660737467746,351.910007475958,3,5,9092.496699562522,1.0,1.2918781089485933,Old,Luxury,Spacious
967,Mumbai,2106.420932608988,3,4,10.744821678711592,339.76799976828323,0,3,16130.10934844113,0.6,1.4242167619765511,Old,Luxury,Large
968,Chennai,3356.348634968133,2,3,5.823137444581605,195.35339031912483,1,5,5820.414133497178,0.5,1.489714133957205,Medium,Mid-Range,Spacious
969,Hyderabad,1338.8891218428855,1,2,43.988346895478266,48.51342746757007,1,4,3623.4088899605663,0.3333333333333333,2.987551347414254,Old,Budget,Standard
970,Chennai,3872.162464902306,3,4,22.01564878759528,418.4350871386771,2,6,10806.23788209863,0.6,1.5495217606142926,Old,Luxury,Spacious
971,Hyderabad,2955.631859658616,2,3,31.260416087146503,102.03382168473344,2,3,3452.1830366424133,0.5,1.0150113892555308,Old,Mid-Range,Large
972,Chennai,1418.2897484597029,1,4,24.520518056840263,198.68414810948107,3,0,14008.71354568112,0.2,0.0,Old,Mid-Range,Standard
973,Chennai,1813.6002807401328,5,4,43.62832591789817,308.17024904435925,2,1,16992.181370781138,1.0,0.5513894161903738,Old,Luxury,Standard
974,Chennai,3868.739188618246,3,3,27.34674262241054,251.4817945090984,1,5,6500.355341837279,0.75,1.292410719934262,Old,Premium,Spacious
975,Hyderabad,2671.705560476843,3,4,24.039070897455662,115.35710488223266,1,9,4317.732709350047,0.6,3.3686346778399074,Old,Mid-Range,Large
976,Hyderabad,1472.141481768825,2,2,46.23004952108563,87.49585130349628,0,1,5943.44038171978,0.6666666666666666,0.6792825366203715,Old,Budget,Standard
977,Chennai,4852.720356666339,4,1,35.98447980226773,79.15821068013949,2,4,1631.2131106297377,2.0,0.8242799308443707,Old,Budget,Spacious
978,Delhi,3718.062589175996,5,1,5.577495367342866,434.24378311961647,0,3,11679.302666495842,2.5,0.8068718393105011,Medium,Luxury,Spacious
979,Bangalore,4807.106746429083,4,4,8.885223059840703,35.14858354944014,1,6,731.179593121163,0.8,1.2481520208505974,Medium,Budget,Spacious
980,Bangalore,2421.9727041215447,3,1,39.356143146972094,488.96684460794927,2,3,20188.784282162203,1.5,1.23865970697969,Old,Luxury,Large
981,Bangalore,2637.9515331127423,4,4,41.792566058997714,115.29377138499876,0,6,4370.579593210111,0.8,2.2744921294744533,Old,Mid-Range,Large
982,Hyderabad,4540.798472832586,1,3,27.259541454514824,72.9547025019575,1,7,1606.6492036244845,0.25,1.5415790949280654,Old,Budget,Spacious
983,Hyderabad,2862.722031104231,5,2,27.722761393331965,296.94639429286167,0,6,10372.868586836606,1.6666666666666667,2.0959072990001877,Old,Premium,Large
984,Delhi,3682.7551035755023,4,1,31.596648142572224,58.39325981153438,2,1,1585.5862844325898,2.0,0.27153583984694585,Old,Budget,Spacious
985,Bangalore,1634.7779487298849,1,3,21.955788714131973,309.1775663185256,0,0,18912.5114244865,0.25,0.0,Old,Luxury,Standard
986,Bangalore,2510.2691091618826,2,2,34.0099561741952,428.3007895105344,0,4,17061.947181174273,0.6666666666666666,1.5934546560768945,Old,Luxury,Large
987,Chennai,1055.524396146598,4,1,5.424062878320784,42.99105030436392,1,6,4072.956576021483,2.0,5.68437832598109,Medium,Budget,Standard
988,Hyderabad,1426.9101614463275,5,1,48.06396211836932,403.9369301737012,2,0,28308.504703916853,2.5,0.0,Old,Luxury,Standard
989,Bangalore,504.2453687043399,1,2,37.507741189746085,209.34917167141697,3,7,41517.321658172164,0.3333333333333333,13.882130475459839,Old,Premium,Compact
990,Delhi,676.692732418971,4,3,31.558710200450346,96.5555042389808,3,2,14268.736697352166,1.0,2.9555511743869443,Old,Budget,Compact
991,Delhi,4897.7772042961815,2,3,15.816102850474037,104.52631052838036,0,6,2134.158132727905,0.5,1.2250455154915953,Old,Mid-Range,Spacious
992,Bangalore,1590.5916281154305,4,1,8.047774372836457,461.00698097322856,1,2,28983.36523494973,2.0,1.257393767606866,Medium,Luxury,Standard
993,Hyderabad,3484.898192768009,1,2,20.467148191447237,73.09076093151894,2,3,2097.357136090794,0.3333333333333333,0.8608572859390017,Old,Budget,Spacious
994,Delhi,4275.948644598252,4,3,33.07883702870292,436.0557378155154,1,7,10197.87125756009,1.0,1.6370636277035284,Old,Luxury,Spacious
995,Chennai,2977.972066564539,5,2,31.685487171155547,281.23741807213503,2,1,9443.923978661673,1.6666666666666667,0.3357989859030559,Old,Premium,Large
996,Delhi,1189.1502503778029,3,2,19.132057753278573,38.74696583189076,1,5,3258.374273526876,1.0,4.2046831326919865,Old,Budget,Standard
997,Mumbai,3776.523968012749,1,1,30.664319691656488,242.9485499443224,3,9,6433.126123443214,0.5,2.3831438847549284,Old,Premium,Spacious
998,Mumbai,3201.131345448124,1,2,40.68741477837738,412.3757669486243,3,8,12882.188278060052,0.3333333333333333,2.4991164487441817,Old,Luxury,Spacious
999,Hyderabad,3790.627652063188,1,2,1.3142386168803533,368.5773380667682,3,9,9723.385462725584,0.3333333333333333,2.3742769868471307,Brand New,Luxury,Spacious
1000,Bangalore,3963.859802856892,1,4,22.531052396513783,254.61556048866456,1,8,6423.424973435091,0.2,2.0182348513522403,Old,Premium,Spacious
1001,Hyderabad,4889.346654581353,4,2,37.927761423339554,432.8239422541842,1,4,8852.388117104052,1.3333333333333333,0.8181052158066909,Old,Luxury,Spacious
1002,Hyderabad,3081.0347601201947,5,3,27.30722352316886,77.77508565451026,0,2,2524.317046376853,1.25,0.6491325660739958,Old,Budget,Spacious
1003,Hyderabad,2037.385007107708,2,1,32.5738043964535,456.771705628337,3,5,22419.508538387385,1.0,2.4541262366007346,Old,Luxury,Large
1004,Hyderabad,3418.0905060510668,5,1,25.8338196302671,426.2917800720074,0,8,12471.635239539164,2.5,2.340488054905963,Old,Luxury,Spacious
1005,Chennai,807.9831915918176,1,2,49.59372723411555,359.9728763154733,1,5,44552.02534675088,0.3333333333333333,6.18824754281019,Old,Luxury,Compact
1006,Chennai,4538.287932447138,4,2,2.731076824451911,412.58611622179967,2,3,9091.228286155145,1.3333333333333333,0.6610422354542715,Recent,Luxury,Spacious
1007,Delhi,1037.2145510218857,4,3,24.552241088618864,281.0314432844797,3,4,27094.822667846453,1.0,3.856482726798535,Old,Premium,Standard
1008,Mumbai,1975.2927704861825,1,4,4.570827455725884,344.07796596688013,3,6,17419.086988415977,0.2,3.037524406330515,Recent,Luxury,Standard
1009,Hyderabad,4170.854212817544,4,1,7.989278105678521,289.08707393973384,3,9,6931.123918245187,2.0,2.1578313555870405,Medium,Premium,Spacious
1010,Delhi,3187.905702488203,1,4,19.15191752091309,190.60569464381567,3,2,5979.025492976326,0.2,0.6273711290892241,Old,Mid-Range,Spacious
1011,Mumbai,2271.3598412484894,5,3,7.777004575024366,293.05318273336525,3,8,12902.102846561022,1.25,3.5221191529047515,Medium,Premium,Large
1012,Bangalore,2630.4604671875964,3,1,48.18435829783255,143.58335961532435,1,0,5458.487645276763,1.5,0.0,Old,Mid-Range,Large
1013,Chennai,4345.463269409811,4,3,47.33948883625796,231.33400200357693,3,7,5323.575132531177,1.0,1.6108754270866779,Old,Premium,Spacious
1014,Mumbai,2030.0197372695147,1,2,16.80548231103019,154.77219548491672,3,4,7624.171954756145,0.3333333333333333,1.9704241917274237,Old,Mid-Range,Large
1015,Bangalore,4413.423581654771,1,3,31.98738560188398,78.98613894146672,0,9,1789.67954197253,0.25,2.03923322415963,Old,Budget,Spacious
1016,Mumbai,896.6049393951117,4,2,26.687666029689304,174.49369106715497,2,8,19461.60269704469,1.3333333333333333,8.922547321005329,Old,Mid-Range,Compact
1017,Chennai,3995.5929674388394,2,4,40.77934902578843,428.9538647286899,3,1,10735.674735248314,0.4,0.2502757433375393,Old,Luxury,Spacious
1018,Chennai,4313.964348746314,1,1,31.37228049084711,202.9187699083068,0,0,4703.765573938443,0.5,0.0,Old,Premium,Spacious
1019,Delhi,1318.1794377680244,4,1,0.0126227245281052,379.0417515050572,1,9,28754.943420059757,2.0,6.827598536386695,Brand New,Luxury,Standard
1020,Hyderabad,2436.5593956749017,1,4,38.15871928048694,104.0949700343174,0,6,4272.211472418639,0.2,2.462488708730231,Old,Mid-Range,Large
1021,Mumbai,1244.7489859864504,2,2,37.34240606480591,223.721196400468,3,9,17973.19772252486,0.6666666666666666,7.230373433779176,Old,Premium,Standard
1022,Mumbai,3679.71858047398,3,1,25.486135278324053,75.13091328088476,0,8,2041.7570430401563,1.5,2.174079301186541,Old,Budget,Spacious
1023,Bangalore,2909.064956277455,2,3,45.14594866165269,86.53811041639506,0,4,2974.774084355007,0.5,1.3750122668689202,Old,Budget,Large
1024,Chennai,3358.955060187445,5,2,45.42231028452008,316.3694623472332,1,3,9418.68696300981,1.6666666666666667,0.8931349024456988,Old,Luxury,Spacious
1025,Mumbai,1384.19135130295,4,1,26.19558383521986,311.5912723755253,0,3,22510.70793660299,2.0,2.1673304035428895,Old,Luxury,Standard
1026,Chennai,1452.8563792358875,2,3,30.399411559826884,122.41851553033386,1,7,8426.057611745382,0.5,4.818094961101087,Old,Mid-Range,Standard
1027,Mumbai,686.7379647945786,3,3,49.826103596233615,247.72313325862336,1,0,36072.4389735354,0.75,0.0,Old,Premium,Compact
1028,Delhi,1949.303908380784,1,1,14.941011740570875,434.386960149415,0,0,22284.209162143652,0.5,0.0,Old,Luxury,Standard
1029,Hyderabad,3018.850976001537,4,4,16.230862115573867,103.61672416471178,3,7,3432.3232577035633,0.8,2.3187630179981547,Old,Mid-Range,Spacious
1030,Mumbai,4360.70711298798,2,4,9.138695133174815,29.22105587528712,2,1,670.0990256432218,0.4,0.2293206065185136,Medium,Budget,Spacious
1031,Chennai,3501.173513564064,3,1,44.7933469578934,332.9576675185147,0,9,9509.887648486641,1.5,2.5705666871786472,Old,Luxury,Spacious
1032,Delhi,2459.2834552988816,2,3,37.22441949746332,45.6791398825688,0,5,1857.4166302036674,0.5,2.0331125268324715,Old,Budget,Large
1033,Mumbai,4789.04051477362,5,4,5.282142443512095,490.3713145147741,0,1,10239.448027262182,1.0,0.20881009398753653,Medium,Luxury,Spacious
1034,Bangalore,3736.603402591243,4,4,49.08836755989828,312.6177362234629,2,4,8366.361171931443,0.8,1.0704909162224971,Old,Luxury,Spacious
1035,Hyderabad,4685.743412881475,1,4,36.548085408055805,245.79024936510672,2,2,5245.491007668284,0.2,0.4268266150685596,Old,Premium,Spacious
1036,Mumbai,2874.1458797247456,3,2,42.52610548024872,226.39641921166725,1,6,7876.998200013043,1.0,2.0875767101197433,Old,Premium,Large
1037,Delhi,1665.0692365691282,2,4,2.4075394586600463,295.0739160881271,2,8,17721.42020328994,0.4,4.804605012392148,Recent,Premium,Standard
1038,Bangalore,737.7200886412489,4,1,25.248045947108384,63.49972962570316,2,1,8607.56411590452,2.0,1.3555276796675346,Old,Budget,Compact
1039,Delhi,3767.381831677327,2,1,34.92991433635196,466.40914823335794,0,6,12380.193170536728,1.0,1.5926179686779076,Old,Luxury,Spacious
1040,Delhi,1045.8634910249034,4,2,27.147329228592064,320.3081929049013,1,7,30626.195067868026,1.3333333333333333,6.69303409103638,Old,Luxury,Standard
1041,Bangalore,1862.4880772238523,5,2,33.33237328496387,108.30967885323622,3,9,5815.321997372361,1.6666666666666667,4.832245698675842,Old,Mid-Range,Standard
1042,Delhi,2896.119085477538,2,1,40.89370317952363,290.03890580703813,1,7,10014.743774226186,1.0,2.417027682011141,Old,Premium,Large
1043,Bangalore,3039.8746450088647,5,2,18.71685314800981,83.96312279984558,2,6,2762.0587229708194,1.6666666666666667,1.9737655991345997,Old,Budget,Spacious
1044,Mumbai,3202.624386442112,3,4,42.43343378093549,28.42530442798981,2,3,887.5628546489743,0.6,0.9367317668285123,Old,Budget,Spacious
1045,Bangalore,1248.148986573653,5,3,8.145805238264536,322.64815290271906,0,3,25850.131384429853,1.25,2.4035592163043193,Medium,Luxury,Standard
1046,Bangalore,2208.8183216974194,4,3,13.544302751318735,331.2720040976613,3,9,14997.702655919993,1.0,4.074576850251646,Old,Luxury,Large
1047,Hyderabad,3277.3740220263503,3,3,2.167280996366289,300.17435974563944,3,8,9158.990024582126,0.75,2.4409786451696234,Recent,Luxury,Spacious
1048,Bangalore,4864.184890852032,2,1,18.22134056676256,108.07193809281108,3,9,2221.7892723621517,1.0,1.8502586151538165,Old,Mid-Range,Spacious
1049,Bangalore,3774.3401196485993,2,2,18.99547724120601,309.6463320774882,2,8,8203.985922347589,0.6666666666666666,2.119575805676151,Old,Luxury,Spacious
1050,Mumbai,4651.71690692281,4,3,40.26352986036255,47.1252516437695,2,4,1013.0722179941009,1.0,0.8598975561146235,Old,Budget,Spacious
1051,Hyderabad,3929.9542624137966,1,4,32.6565335144828,312.4344106745227,1,6,7950.077527941101,0.2,1.526735325493272,Old,Luxury,Spacious
1052,Chennai,3162.726360015802,1,4,21.83612790778333,285.92816917165703,2,6,9040.559840599944,0.2,1.8970974143871309,Old,Premium,Spacious
1053,Mumbai,1364.1051611135504,2,4,32.60569893118741,334.52231880276776,3,8,24523.206006323555,0.4,5.864650488873905,Old,Luxury,Standard
1054,Mumbai,3500.085433516309,4,2,2.639167525784558,449.82829076114905,3,6,12851.923168893501,1.3333333333333333,1.714243870319528,Recent,Luxury,Spacious
1055,Chennai,3305.208046819582,1,3,9.013576800918804,428.1718905149776,3,7,12954.461094422895,0.25,2.1178697076983433,Medium,Luxury,Spacious
1056,Bangalore,3211.111267057699,5,4,31.34739276208775,490.7140119500186,0,6,15281.750495044465,1.0,1.8685120199829528,Old,Luxury,Spacious
1057,Delhi,2704.0364059470835,2,2,32.068340961265115,488.5956958095561,1,3,18069.124170627667,0.6666666666666666,1.109452518243465,Old,Luxury,Large
1058,Hyderabad,2878.9547179517403,5,4,38.70673293537136,390.71345281940125,1,1,13571.36499518749,1.0,0.34734829060161787,Old,Luxury,Large
1059,Delhi,2004.991372031468,4,3,20.14998795268011,479.08141864530944,2,2,23894.43791770044,1.0,0.9975105269273998,Old,Luxury,Large
1060,Chennai,2836.9071168903643,5,3,36.12770483080781,436.29626522677376,0,6,15379.293267275305,1.25,2.1149793605427645,Old,Luxury,Large
1061,Mumbai,1389.0015755531522,1,3,34.199016628009474,369.239575949587,1,8,26583.092665142733,0.25,5.759532703779765,Old,Luxury,Standard
1062,Mumbai,4123.284788121695,1,3,48.169668918492455,56.1844422290025,0,1,1362.6136712860075,0.25,0.2425250865234405,Old,Budget,Spacious
1063,Hyderabad,1335.9962961441852,3,3,10.756511321233958,43.54394636954613,0,6,3259.286458743799,0.75,4.491030414767303,Old,Budget,Standard
1064,Mumbai,882.3483045025989,2,4,27.58397818763197,422.04779240276974,2,3,47832.334492974216,0.4,3.400017866743873,Old,Luxury,Compact
1065,Mumbai,2463.107118607208,4,3,30.088222105523464,255.0348117784152,0,6,10354.1908450424,1.0,2.435947651108559,Old,Premium,Large
1066,Hyderabad,3462.383477777278,2,4,49.93239424671104,411.0112084999621,1,4,11870.759294513964,0.4,1.1552735350296472,Old,Luxury,Spacious
1067,Hyderabad,2469.725712200936,5,3,10.059207108332584,170.20076991450532,2,6,6891.484713208422,1.25,2.4294195790078255,Old,Mid-Range,Large
1068,Chennai,1745.3935937808888,4,4,26.16090099836461,210.8719319950461,1,5,12081.62633038278,0.8,2.864683368734585,Old,Premium,Standard
1069,Mumbai,3011.7703275069834,4,3,17.309265385681943,356.08962608572733,0,1,11823.266297350216,1.0,0.33203063024654933,Old,Luxury,Spacious
1070,Mumbai,2061.5105093549,1,4,26.29464842894999,459.3568337274048,0,6,22282.53659842605,0.2,2.910487224184734,Old,Luxury,Large
1071,Chennai,4697.904605569849,5,3,11.606430105155296,62.12550774986525,3,4,1322.4088815300565,1.25,0.8514434276203882,Old,Budget,Spacious
1072,Bangalore,4651.903128216074,1,2,2.3806189213744053,433.509509424611,2,8,9318.971128077952,0.3333333333333333,1.7197262667565187,Recent,Luxury,Spacious
1073,Bangalore,2760.6731898744297,1,4,28.628272694884444,400.64610794209534,2,0,14512.623566294671,0.2,0.0,Old,Luxury,Large
1074,Bangalore,1975.4779730821635,3,2,16.79271579304161,171.45884995033023,3,0,8679.360250360987,1.0,0.0,Old,Mid-Range,Standard
1075,Chennai,3817.095862804876,1,4,9.097070087421685,190.5039747831486,1,1,4990.809286177126,0.2,0.26197927323344206,Medium,Mid-Range,Spacious
1076,Mumbai,665.2082456737999,2,4,16.196778303901688,42.30150906651662,1,7,6359.137810095659,0.4,10.523020490988637,Old,Budget,Compact
1077,Chennai,2636.4605271964306,4,4,2.464010072387246,27.555493336024632,0,8,1045.1699561505175,0.8,3.0343712403337477,Recent,Budget,Large
1078,Chennai,2013.4552742165008,1,1,47.52211170450517,248.96294065171,2,6,12364.960068387383,0.5,2.979951964582273,Old,Premium,Large
1079,Bangalore,4642.411482961496,2,3,29.057395748663023,65.85902983870906,0,0,1418.6383538043494,0.5,0.0,Old,Budget,Spacious
1080,Delhi,554.0136227270715,5,2,40.73843406735124,113.12087091930223,3,6,20418.427684589617,1.6666666666666667,10.830058601204888,Old,Mid-Range,Compact
1081,Mumbai,2987.6669407325708,4,2,21.15590987738652,426.4482557727985,0,7,14273.620996998887,1.3333333333333333,2.342965310009961,Old,Luxury,Large
1082,Bangalore,3832.986114799817,5,4,45.16573337830928,294.0936278002172,1,6,7672.702665545048,1.0,1.5653591795788069,Old,Premium,Spacious
1083,Delhi,2682.580943858185,2,2,24.165911077612662,324.14356988773443,1,4,12083.272664329726,0.6666666666666666,1.4911013250720613,Old,Luxury,Large
1084,Delhi,884.3136357322475,5,2,28.69726611003347,109.99007879932162,3,6,12437.903743081535,1.6666666666666667,6.784923083348994,Old,Mid-Range,Compact
1085,Hyderabad,4876.07625512556,5,2,24.589699003132843,417.75766613812135,1,9,8567.496574709821,1.6666666666666667,1.8457463602090955,Old,Luxury,Spacious
1086,Mumbai,2831.0469411924405,5,2,36.66391479338258,436.6302907710788,3,1,15422.92656536347,1.6666666666666667,0.3532262165807815,Old,Luxury,Large
1087,Delhi,3263.838099435551,1,1,28.33280388010312,271.1972449822608,2,8,8309.151272826975,0.5,2.4511019714438413,Old,Premium,Spacious
1088,Bangalore,1564.744022183783,1,4,13.579946179019888,458.0277305017567,3,1,29271.735440952543,0.2,0.6390821666820514,Old,Luxury,Standard
1089,Hyderabad,2675.7413829806173,1,2,7.276976566132315,425.5177399781992,3,1,15902.797732425008,0.3333333333333333,0.37372819599107115,Medium,Luxury,Large
1090,Mumbai,2431.1727138124484,4,1,30.306219444148887,371.0356048037303,3,4,15261.589713298898,2.0,1.6452965177152683,Old,Luxury,Large
1091,Chennai,837.0312890089268,2,1,24.45899807735181,372.35643953294175,1,7,44485.36684618137,1.0,8.362889287314738,Old,Luxury,Compact
1092,Bangalore,977.7215909636024,1,4,4.798784834805647,70.58886749641438,2,5,7219.730867029834,0.2,5.113930229434951,Recent,Budget,Compact
1093,Delhi,4268.626338284485,5,3,19.78087328966342,150.00129809391956,0,8,3514.0414317502305,1.25,1.8741392115420235,Old,Mid-Range,Spacious
1094,Delhi,1579.189784929656,5,3,25.73882110002268,52.0866655124845,2,5,3298.3157572036007,1.25,3.1661805615230225,Old,Budget,Standard
1095,Bangalore,1377.3122217438374,5,3,41.3446616912795,24.16698042862816,1,4,1754.6479329160352,1.25,2.904207148423859,Old,Budget,Standard
1096,Delhi,2772.1015306256268,5,2,3.8050527916681176,95.98857506427686,2,0,3462.664480496626,1.6666666666666667,0.0,Recent,Budget,Large
1097,Hyderabad,3959.362091131308,3,4,17.424767412300145,442.6338476705312,2,7,11179.423287958427,0.6,1.7679615652429232,Old,Luxury,Spacious
1098,Mumbai,778.7593336054456,4,3,41.13280613551927,135.13954833730477,3,2,17353.18506060725,1.0,2.5681875178825013,Old,Mid-Range,Compact
1099,Hyderabad,3095.635638372152,2,2,32.42119658857894,485.6739020440264,3,1,15688.987942373584,0.6666666666666666,0.32303543337091595,Old,Luxury,Spacious
1100,Delhi,1036.44699278258,2,4,14.49791609018934,306.69967978937893,1,6,29591.448663088227,0.4,5.789008064842392,Old,Luxury,Standard
1101,Chennai,664.0747287152831,1,2,42.26675610113212,133.88407406465137,3,1,20160.995182524577,0.3333333333333333,1.5058546226184468,Old,Mid-Range,Compact
1102,Mumbai,737.3477847299782,3,3,24.664679028134618,258.62278567242214,1,0,35074.73556282963,0.75,0.0,Old,Premium,Compact
1103,Mumbai,4253.738486937986,2,3,24.917594565523025,125.16551489605538,0,1,2942.4826016080415,0.5,0.23508732449602016,Old,Mid-Range,Spacious
1104,Bangalore,1030.876176326277,4,1,48.829366960019215,492.30730792753945,2,5,47756.20188274891,2.0,4.850243040651545,Old,Luxury,Standard
1105,Bangalore,703.1811398553137,5,1,47.35582516181892,426.68719227438265,0,1,60679.5558200235,2.5,1.4221086763017559,Old,Luxury,Compact
1106,Chennai,2470.549492143105,1,4,17.926634168492196,32.59461861551797,0,0,1319.3266809337797,0.2,0.0,Old,Budget,Large
1107,Mumbai,4297.970623739111,4,2,7.028956433154115,474.9324951043861,2,0,11050.156845679146,1.3333333333333333,0.0,Medium,Luxury,Spacious
1108,Chennai,1680.8376942018588,2,2,16.2833366139047,366.1112515053859,3,3,21781.475556403013,0.6666666666666666,1.7848243232220835,Old,Luxury,Standard
1109,Bangalore,2397.706778866624,3,3,1.524163015569402,59.5430009702136,0,7,2483.3312186054327,0.75,2.919456232804597,Brand New,Budget,Large
1110,Bangalore,679.6513965368805,1,3,1.0383943355195602,341.9061182366939,2,5,50306.10103633338,0.25,7.356712611019671,Brand New,Luxury,Compact
1111,Mumbai,2520.8533136069414,2,4,19.77610681257096,330.524815023529,0,3,13111.624275773524,0.4,1.1900732120376636,Old,Luxury,Large
1112,Hyderabad,3099.258862867101,1,1,47.05099113486171,125.01859798764004,0,5,4033.8223917180726,0.5,1.6132889252672935,Old,Mid-Range,Spacious
1113,Delhi,3069.081741884652,2,3,43.56786706161039,384.05441600363633,2,5,12513.658752138594,0.5,1.6291517856183315,Old,Luxury,Spacious
1114,Bangalore,1995.9201147846431,5,2,25.57214169588115,61.79105759022421,3,8,3095.8682731092863,1.6666666666666667,4.008176449919284,Old,Budget,Standard
1115,Bangalore,1919.8993129841097,3,3,28.26131905854153,254.93368699099892,1,3,13278.49253692133,0.75,1.5625819436005133,Old,Premium,Standard
1116,Hyderabad,979.8062852146904,5,1,0.2966748373028238,24.7631394382822,2,5,2527.350539791263,2.5,5.103049526677025,Brand New,Budget,Compact
1117,Hyderabad,2150.592442908208,2,2,10.775057791688274,484.9939946694783,1,9,22551.646001956073,0.6666666666666666,4.184893344007785,Old,Luxury,Large
1118,Chennai,947.726009928341,4,1,1.2387063467191872,380.7505432529165,2,0,40175.170805083806,2.0,0.0,Brand New,Luxury,Compact
1119,Chennai,3949.681751204232,5,4,37.72697663476938,96.24899655663488,2,6,2436.8797948667434,1.0,1.519109735403527,Old,Budget,Spacious
1120,Delhi,4848.234339866836,4,4,7.282289801324887,184.00353917661585,1,6,3795.269087213094,0.8,1.2375639417142528,Medium,Mid-Range,Spacious
1121,Delhi,4865.335055000181,2,1,43.452355123840846,97.0699413479246,1,0,1995.133742087594,1.0,0.0,Old,Budget,Spacious
1122,Mumbai,4392.819947189272,3,2,32.16621568378941,387.976382782071,3,7,8832.057481215821,1.0,1.5935094276920958,Old,Luxury,Spacious
1123,Chennai,3203.564672028286,4,1,11.470933825785668,48.27023620530328,2,4,1506.766403899121,2.0,1.2486090993965993,Old,Budget,Spacious
1124,Bangalore,3653.89563759746,2,3,7.886015854162487,423.3951946705828,2,8,11587.501030789625,0.5,2.1894440327420592,Medium,Luxury,Spacious
1125,Chennai,1783.4261120618633,4,3,31.381235046152657,472.2542426411503,2,7,26480.16867349584,1.0,3.9250294434161486,Old,Luxury,Standard
1126,Bangalore,3338.4668907767928,5,1,45.041849014116174,344.78141254702393,3,2,10327.537274656044,2.5,0.5990773805561513,Old,Luxury,Spacious
1127,Hyderabad,2550.4229724794486,2,3,35.91801094571908,122.22341600068842,1,0,4792.280234280759,0.5,0.0,Old,Mid-Range,Large
1128,Chennai,2669.0780289961963,5,1,17.42733258016888,192.8432459905044,2,2,7225.088359931917,2.5,0.7493224170565642,Old,Mid-Range,Large
1129,Hyderabad,3909.9945216882106,1,3,29.36917976343236,249.075139908287,1,1,6370.217107126388,0.25,0.2557548340421285,Old,Premium,Spacious
1130,Delhi,1768.6326001876323,2,1,15.538084768621069,310.2198906570818,3,1,17540.097961790983,1.0,0.5654085534179971,Old,Luxury,Standard
1131,Delhi,1931.1782526253396,4,3,49.957478338932944,340.95828310961,0,3,17655.45374416341,1.0,1.5534557702903142,Old,Luxury,Standard
1132,Mumbai,4660.888060078865,1,2,37.44195942309256,286.0230633530637,1,1,6136.6645082702125,0.3333333333333333,0.21455138744161972,Old,Premium,Spacious
1133,Chennai,753.0093268293751,5,2,30.719081987837683,188.6306819944908,3,7,25050.24509971744,1.6666666666666667,9.296033595592018,Old,Mid-Range,Compact
1134,Hyderabad,2685.354342860032,5,3,21.16295713829146,447.6402946711535,0,4,16669.691873676344,1.25,1.4895613350377466,Old,Luxury,Large
1135,Bangalore,4607.603601835378,4,1,30.907614512977865,59.06818784861996,2,0,1281.9719957049024,2.0,0.0,Old,Budget,Spacious
1136,Delhi,3246.6335351817065,1,3,17.08080312336674,243.80290603687763,2,5,7509.406386490508,0.25,1.5400567836862935,Old,Premium,Spacious
1137,Delhi,2958.8318339545945,3,4,1.4432419729015378,392.2711224643907,1,6,13257.634920741846,0.6,2.027827310476366,Brand New,Luxury,Large
1138,Bangalore,1623.8488065320985,4,4,19.75442611783164,49.21887933987243,0,0,3031.001355660973,0.8,0.0,Old,Budget,Standard
1139,Hyderabad,2044.7397007900167,5,1,46.52404097899335,358.56090406942457,3,2,17535.772593982943,2.5,0.9781196106415252,Old,Luxury,Large
1140,Hyderabad,4334.217871121118,2,3,31.31505473869329,413.461578921596,2,8,9539.473815483283,0.5,1.8457770785598893,Old,Luxury,Spacious
1141,Chennai,3016.481592958062,1,3,4.19778515354508,337.1990232929851,2,6,11178.553984223607,0.25,1.9890723066260125,Recent,Luxury,Spacious
1142,Chennai,2816.3398719055094,3,2,44.24968066975129,26.20970829217088,0,3,930.6301612822615,1.0,1.065212345259391,Old,Budget,Large
1143,Mumbai,948.1087109301302,2,1,13.443742467075742,106.465773023459,3,5,11229.279068537624,1.0,5.273656852171322,Old,Mid-Range,Compact
1144,Delhi,572.1267040480541,1,4,12.188474654136373,184.21427786813635,2,5,32198.161100458583,0.2,8.73932288883345,Old,Mid-Range,Compact
1145,Chennai,4836.583349091721,4,4,14.85454843901604,132.17121710626202,2,2,2732.7393650950503,0.8,0.4135150488775484,Old,Mid-Range,Spacious
1146,Hyderabad,2196.4377527907877,4,1,28.860111806297876,482.0730273091651,1,1,21947.94852240381,2.0,0.4552826497037773,Old,Luxury,Large
1147,Bangalore,3214.4587794477693,1,4,27.23440467169883,332.765078774621,3,4,10352.1339549356,0.2,1.2443774440583069,Old,Luxury,Spacious
1148,Hyderabad,858.7178293427825,3,1,24.570687731144087,162.54605952875374,2,7,18928.9256580544,1.5,8.151688203978985,Old,Mid-Range,Compact
1149,Delhi,3574.0142857537094,1,4,35.87684317563135,466.2547993594139,0,2,13045.68930286431,0.2,0.5595948533200192,Old,Luxury,Spacious
1150,Hyderabad,4696.5501891768245,2,4,15.82688656674795,375.4852157485697,2,4,7994.915429922871,0.4,0.851688971453553,Old,Luxury,Spacious
1151,Mumbai,3090.493638488389,2,1,39.10322607862155,156.61146167698013,3,2,5067.522538359967,1.0,0.6471458070945044,Old,Mid-Range,Spacious
1152,Delhi,1067.5189506893475,4,1,8.766083918929956,201.86315331293855,1,6,18909.561575706542,2.0,5.62050912175893,Medium,Premium,Standard
1153,Bangalore,3117.746873630645,1,4,39.13103945385046,115.72585198589924,2,5,3711.842451505225,0.2,1.6037222400218316,Old,Mid-Range,Spacious
1154,Mumbai,3948.562458970936,4,4,33.190505262514144,486.11551916759447,0,5,12311.202474793437,0.8,1.2662836290306743,Old,Luxury,Spacious
1155,Delhi,2328.874414583084,3,2,34.160415477379324,268.3023180272352,2,0,11520.686403146678,1.0,0.0,Old,Premium,Large
1156,Bangalore,4459.269865736605,2,3,24.077669856363,450.1072099990326,0,1,10093.742328929033,0.5,0.2242519583045721,Old,Luxury,Spacious
1157,Mumbai,3419.07329010814,5,1,33.35007663404323,186.3198900880869,3,5,5449.426621743867,2.5,1.4623845632282009,Old,Mid-Range,Spacious
1158,Mumbai,4546.620132301411,5,1,3.98985232797287,433.2039694867883,1,7,9528.044060885923,2.5,1.5396052004143868,Recent,Luxury,Spacious
1159,Delhi,3305.7739006130173,1,3,42.577555852468365,45.8656872450387,3,4,1387.441749616737,0.25,1.2100041080420674,Old,Budget,Spacious
1160,Chennai,1090.795874021709,1,2,2.7773616743823,491.4033524116583,2,1,45049.982688317206,0.3333333333333333,0.9167618101754004,Recent,Luxury,Standard
1161,Mumbai,1893.612699973351,5,4,7.4370754935748735,457.7764961759853,2,4,24174.76901070782,1.0,2.112364371054489,Medium,Luxury,Standard
1162,Mumbai,1408.077267136056,1,4,28.839485424861817,194.3374134927944,1,8,13801.615722982657,0.2,5.6815063965001835,Old,Mid-Range,Standard
1163,Bangalore,4589.7192397258805,2,2,36.97057277283457,391.8666393509972,0,5,8537.921796157652,0.6666666666666666,1.0893912544198725,Old,Luxury,Spacious
1164,Hyderabad,3921.800302793672,3,2,3.812578217312673,381.0838047074365,3,4,9717.06296304719,1.0,1.019939744803075,Recent,Luxury,Spacious
1165,Delhi,3543.7926600950277,3,3,46.03824070611599,452.6023026094072,0,9,12771.692534553378,0.75,2.539651967042187,Old,Luxury,Spacious
1166,Delhi,1854.3484383422976,4,3,48.68038244003493,167.48239094182932,2,5,9031.872731079111,1.0,2.696364877611551,Old,Mid-Range,Standard
1167,Chennai,1328.2014742259607,2,4,30.297508650385552,243.44960255079172,0,8,18329.267605478864,0.4,6.023182593335232,Old,Premium,Standard
1168,Chennai,3904.0298959501033,1,2,24.062172768841823,435.1998140509055,3,6,11147.450855905732,0.3333333333333333,1.5368734768717265,Old,Luxury,Spacious
1169,Delhi,2633.7107564558587,1,2,37.069748613987485,393.7181379849037,0,9,14949.179101000585,0.3333333333333333,3.417231743439873,Old,Luxury,Large
1170,Chennai,1516.052984677831,4,4,16.417867616360272,208.864024995334,2,2,13776.828851382043,0.8,1.31921510673653,Old,Premium,Standard
1171,Bangalore,3274.798901743738,4,4,24.663221705255324,425.9481117978186,3,9,13006.847888308905,0.8,2.748260357363548,Old,Luxury,Spacious
1172,Delhi,681.5023346230339,1,4,45.80755134072007,42.53793883155272,0,9,6241.789157638345,0.2,13.20611763564722,Old,Budget,Compact
1173,Chennai,1967.7661435771408,1,4,47.78277126207668,395.3822254222353,0,4,20092.947869480173,0.2,2.032761877246513,Old,Luxury,Standard
1174,Delhi,2608.506475660106,2,4,46.35345580255925,119.2476125281763,3,3,4571.489994020415,0.4,1.1500834013612418,Old,Mid-Range,Large
1175,Hyderabad,1165.8125034923264,4,3,13.122403348192009,157.33803575541785,2,4,13495.99830882698,1.0,3.43108346154938,Old,Mid-Range,Standard
1176,Mumbai,4930.945149158778,2,4,11.62345201083817,256.74312492588496,3,7,5206.773086285201,0.4,1.4196061380228908,Old,Premium,Spacious
1177,Delhi,1440.938140653264,1,2,14.883225296465714,235.87256051358747,2,5,16369.374496996257,0.3333333333333333,3.469961588866819,Old,Premium,Standard
1178,Mumbai,1086.589085194695,5,1,22.06555561942301,269.87365129754284,0,3,24836.77178196456,2.5,2.7609333103713816,Old,Premium,Standard
1179,Chennai,1415.9069324910338,5,3,15.70837063959818,281.49228592257145,3,4,19880.705395469486,1.25,2.8250444349210997,Old,Premium,Standard
1180,Mumbai,3960.775099218759,1,2,18.7106397869529,179.13329169511852,2,6,4522.682737791691,0.3333333333333333,1.5148550093600281,Old,Mid-Range,Spacious
1181,Delhi,2414.7754667232925,4,1,31.031847606037974,104.1092062481744,3,7,4311.341061843917,2.0,2.8988202408311636,Old,Mid-Range,Large
1182,Hyderabad,3044.371728886421,5,3,38.1262838546988,388.87099005790685,0,4,12773.439799355556,1.25,1.313899995209564,Old,Luxury,Spacious
1183,Chennai,594.5412064386234,4,4,36.77790991339585,211.9885515618282,3,1,35655.821542070444,0.8,1.681969204439379,Old,Premium,Compact
1184,Delhi,654.9408885799155,5,3,40.7211783539576,262.8036139803484,0,5,40126.310414085754,1.25,7.634276752580401,Old,Premium,Compact
1185,Chennai,2506.2149742215724,4,4,1.6092201607701084,329.45442480853666,0,8,13145.497421300215,0.8,3.1920645604173643,Brand New,Luxury,Large
1186,Bangalore,4174.948594407306,5,4,2.386689483937804,456.62620270719486,0,2,10937.289223605867,1.0,0.4790478145477451,Recent,Luxury,Spacious
1187,Mumbai,4483.574954184043,4,4,39.46914803443147,359.6253589473056,2,6,8020.9511968056995,0.8,1.338217842081761,Old,Luxury,Spacious
1188,Bangalore,890.179554180381,2,1,26.653941116231596,41.820428283384565,2,7,4697.97672694135,1.0,7.863582090969434,Old,Budget,Compact
1189,Delhi,2922.6339594546025,4,3,28.90703368810601,422.5089744310485,1,5,14456.445120821547,1.0,1.7107855685537365,Old,Luxury,Large
1190,Hyderabad,4609.533588256717,2,4,2.6293430107188542,494.8904072612092,2,2,10736.236059153485,0.4,0.43388337707207847,Recent,Luxury,Spacious
1191,Chennai,2245.8773947904883,2,2,12.765690058563544,246.79281217826343,1,0,10988.703691070636,0.6666666666666666,0.0,Old,Premium,Large
1192,Mumbai,4233.046241427659,1,3,31.91771524427389,485.4033614982083,3,2,11466.998795045025,0.25,0.47247298657561315,Old,Luxury,Spacious
1193,Chennai,1101.630444797463,2,2,42.959094505533805,282.71779632471174,0,5,25663.578712795104,0.6666666666666666,4.5387271417678186,Old,Premium,Standard
1194,Delhi,4709.275203505094,3,1,45.84916985907013,240.6156780185359,2,3,5109.399379323736,1.5,0.6370407059173591,Old,Premium,Spacious
1195,Chennai,3881.404928890862,2,1,25.020974791754085,179.07428706917844,0,0,4613.646098510782,1.0,0.0,Old,Mid-Range,Spacious
1196,Mumbai,4736.004767541058,4,3,27.27371163690988,335.6263404000026,1,5,7086.697688741146,1.0,1.0557421804699763,Old,Luxury,Spacious
1197,Delhi,3544.777550986279,2,1,41.65248155344955,130.3138018520214,2,0,3676.2194517893977,1.0,0.0,Old,Mid-Range,Spacious
1198,Chennai,2135.317693997421,4,1,26.88123003736773,70.36842488691407,2,7,3295.4545866746826,2.0,3.278200719114378,Old,Budget,Large
1199,Hyderabad,4721.815276361251,4,3,25.842926276865867,33.07380924042276,2,2,700.4469108734442,1.0,0.4235659133072334,Old,Budget,Spacious
1200,Delhi,1740.0504933913032,3,2,45.25420188804768,160.34245410332662,2,2,9214.816162651938,1.0,1.1493919329329711,Old,Mid-Range,Standard
1201,Delhi,1994.7763492777965,2,4,39.496636052794,209.9699994401784,0,0,10525.992024930389,0.4,0.0,Old,Premium,Standard
1202,Hyderabad,3653.6378810078313,2,3,45.45362631806473,284.9968142149989,2,2,7800.357438170212,0.5,0.5473996233716281,Old,Premium,Spacious
1203,Bangalore,3943.923347864238,5,3,10.91235273905769,160.5199160897631,1,6,4070.0566905462247,1.25,1.5213277416380806,Old,Mid-Range,Spacious
1204,Mumbai,4682.315677321192,5,4,26.21877433276784,492.3485947449974,2,9,10515.0662337802,1.0,1.9221258497353186,Old,Luxury,Spacious
1205,Bangalore,1421.6108407529427,1,2,42.123606429667895,160.03768075576045,1,7,11257.488770344351,0.3333333333333333,4.923991713718584,Old,Mid-Range,Standard
1206,Chennai,4090.991158486508,4,4,5.557391373355447,231.66818645427617,1,7,5662.886510367905,0.8,1.7110767852624011,Medium,Premium,Spacious
1207,Hyderabad,3823.457240286336,3,4,39.73310771469809,69.57255945531216,0,2,1819.6243630568736,0.6,0.5230867966631743,Old,Budget,Spacious
1208,Bangalore,787.0755031411904,5,2,9.148669170743473,145.1007264017963,2,4,18435.426566155907,1.6666666666666667,5.082104555453882,Medium,Mid-Range,Compact
1209,Delhi,2242.5041354459318,2,2,40.40593774926606,43.19942709871573,1,0,1926.392304740403,0.6666666666666666,0.0,Old,Budget,Large
1210,Chennai,1772.4445567704436,1,4,30.600046877843408,288.56414404991745,2,8,16280.573795532864,0.2,4.513540335826771,Old,Premium,Standard
1211,Chennai,1870.2069095931367,3,4,9.661799574243355,380.5110479035672,0,7,20345.933166632738,0.6,3.7429013678079337,Medium,Luxury,Standard
1212,Bangalore,4923.260957996154,2,3,23.667708966640056,113.9407108813126,0,9,2314.334175121367,0.5,1.8280566634158562,Old,Mid-Range,Spacious
1213,Bangalore,3392.498360659676,2,2,34.09525832303858,196.597250151714,2,1,5795.0580737638265,0.6666666666666666,0.2947680127413676,Old,Mid-Range,Spacious
1214,Hyderabad,3729.542710070748,4,1,31.69264504417712,27.97578882903707,1,9,750.113110475852,2.0,2.4131644814517417,Old,Budget,Spacious
1215,Mumbai,4894.779367917541,4,2,21.36235981158522,422.9705867466618,3,0,8641.259492082327,1.3333333333333333,0.0,Old,Luxury,Spacious
1216,Bangalore,2197.408021059374,5,4,44.96832644604635,394.38249196720136,3,3,17947.622298068658,1.0,1.365244857235797,Old,Luxury,Large
1217,Bangalore,4108.280758037627,5,4,25.963170724392214,50.36193481966034,0,8,1225.8639997066894,1.0,1.9472865831646091,Old,Budget,Spacious
1218,Delhi,2455.389334870229,2,4,25.29336492643442,195.13645247379745,1,7,7947.271322823055,0.4,2.850871713332566,Old,Mid-Range,Large
1219,Chennai,4412.901523167409,2,4,3.112529497072713,478.5375746477578,3,2,10844.057410650808,0.4,0.45321654913442927,Recent,Luxury,Spacious
1220,Mumbai,1312.9589359008642,5,1,46.10601948988185,208.172986917909,1,9,15855.254968433164,2.5,6.854745989313676,Old,Premium,Standard
1221,Delhi,4764.587796789258,5,2,8.85582843391865,272.5801648275277,2,5,5720.960058941781,1.6666666666666667,1.049408723954962,Medium,Premium,Spacious
1222,Hyderabad,1484.472687848959,2,1,26.41723467182771,190.5165732849705,0,8,12833.956114142737,1.0,5.38911902218438,Old,Mid-Range,Standard
1223,Hyderabad,1967.992281414192,3,1,40.17838007001551,306.1430663015657,2,9,15556.111128727214,1.5,4.573188667961967,Old,Luxury,Standard
1224,Bangalore,3902.865053480512,2,4,10.772663847782166,489.51530030567466,2,7,12542.460310512986,0.4,1.793554197770049,Old,Luxury,Spacious
1225,Bangalore,2271.89813704433,3,1,26.368664498542056,498.8012016709746,2,9,21955.262585843735,1.5,3.961445213256227,Old,Luxury,Large
1226,Hyderabad,3236.95119544901,3,4,12.034245461167044,391.86318944537175,1,4,12105.934435968997,0.6,1.2357307103127777,Old,Luxury,Spacious
1227,Bangalore,2500.5807548124285,2,4,37.98474988999559,214.06932704981085,3,8,8560.78439529814,0.4,3.1992568064853755,Old,Premium,Large
1228,Mumbai,3840.6647169040175,1,4,28.21705839365753,257.3274563979144,2,8,6700.076038018428,0.2,2.0829727637482627,Old,Premium,Spacious
1229,Bangalore,1527.4906356587487,5,1,42.79879301975718,191.23103749390663,0,2,12519.29360676152,2.5,1.3093369957960337,Old,Mid-Range,Standard
1230,Chennai,763.0609425659466,4,4,44.72790014386914,493.0758223540862,1,7,64618.144482145704,0.8,9.17357921172205,Old,Luxury,Compact
1231,Bangalore,1849.682288628798,2,1,32.436674122269906,359.72494679619376,3,3,19447.931626293735,1.0,1.621900160066923,Old,Luxury,Standard
1232,Delhi,2634.388991907936,3,2,36.269562307947226,235.4870938080854,2,9,8938.964387242435,1.0,3.4163519615536426,Old,Premium,Large
1233,Mumbai,1256.0902348670536,2,4,27.461004994343185,25.81532965260912,0,6,2055.2129883679454,0.4,4.776726889079788,Old,Budget,Standard
1234,Delhi,2096.587803453749,5,3,19.221436653369143,269.83203890746324,2,9,12870.056692257953,1.25,4.292689285501961,Old,Premium,Large
1235,Delhi,2299.9235823210583,3,3,32.40589615104173,492.2855368167766,3,7,21404.430155890976,0.75,3.0435793840313923,Old,Luxury,Large
1236,Chennai,758.2632965972309,4,3,45.41443117436644,271.0692363070649,3,6,35748.69541009178,1.0,7.912818709444984,Old,Premium,Compact
1237,Mumbai,3124.8826168289206,4,3,20.834019021571898,107.56480903477456,2,4,3442.2031872649845,1.0,1.280048081952958,Old,Mid-Range,Spacious
1238,Mumbai,4479.545425870794,4,3,15.720501318689768,30.60499861029193,2,0,683.2166146488518,1.0,0.0,Old,Budget,Spacious
1239,Mumbai,1182.843108288736,1,1,19.421846927628707,190.25780389962037,1,7,16084.787793613099,0.5,5.917944612390029,Old,Mid-Range,Standard
1240,Mumbai,3190.136060306813,3,2,21.76988151057998,460.7494667343713,3,4,14442.940928671818,1.0,1.2538650152794104,Old,Luxury,Spacious
1241,Mumbai,3491.326422098808,3,1,3.6780514488858103,498.3459719244229,3,2,14273.82924638833,1.5,0.5728481838136755,Recent,Luxury,Spacious
1242,Chennai,2387.0060618867974,1,4,24.92209202174972,473.77662790976126,2,1,19848.153528997194,0.2,0.41893483890424427,Old,Luxury,Large
1243,Bangalore,3654.939143139215,3,2,24.71571240250298,370.1215967620432,0,2,10126.614487051269,1.0,0.5472047335601343,Old,Luxury,Spacious
1244,Delhi,2348.291945709554,1,2,29.42219138202616,287.9085096515145,2,8,12260.33714323884,0.3333333333333333,3.4067314392558377,Old,Premium,Large
1245,Mumbai,2770.867795898457,2,2,18.141001523566576,303.529350263481,2,1,10954.306470802272,0.6666666666666666,0.3608977669307203,Old,Luxury,Large
1246,Bangalore,533.0887004949215,5,2,30.655379797779485,278.7161643641412,3,9,52283.26244870321,1.6666666666666667,16.88274388792028,Old,Premium,Compact
1247,Bangalore,3612.7405136061,4,3,43.91081551371015,359.3836663630344,1,0,9947.674487263723,1.0,0.0,Old,Luxury,Spacious
1248,Delhi,3476.04205525126,1,4,47.77354952475822,221.0591488137692,2,1,6359.507316081374,0.2,0.2876835159371271,Old,Premium,Spacious
1249,Chennai,672.8039479685506,1,2,29.18061080705248,341.2179223787674,0,1,50715.80263597342,0.3333333333333333,1.486317080955571,Old,Luxury,Compact
1250,Hyderabad,2157.1254832780987,1,2,2.1295476985156547,78.3738151794565,0,4,3633.2524828530095,0.3333333333333333,1.8543195706544422,Recent,Budget,Large
1251,Hyderabad,4905.643283562503,2,3,48.461799863355445,147.5337471495122,2,0,3007.429171294584,0.5,0.0,Old,Mid-Range,Spacious
1252,Bangalore,2393.314531558776,1,1,35.29310304481281,421.28145862814216,0,9,17602.427640539157,0.5,3.760475224348495,Old,Luxury,Large
1253,Delhi,2758.754323093288,5,1,16.798182427682605,453.7994867568277,0,7,16449.434549430967,2.5,2.537377084071467,Old,Luxury,Large
1254,Hyderabad,4594.685711718734,5,1,7.357885048186169,278.72395402894387,2,1,6066.224580237537,2.5,0.21764274266888434,Medium,Premium,Spacious
1255,Bangalore,3727.678441395904,4,4,7.170930611813748,35.18509626220755,0,5,943.8876452291788,0.8,1.3413174120586564,Medium,Budget,Spacious
1256,Chennai,3119.315590059006,2,1,8.387220306980137,464.9473139800487,0,4,14905.427186072366,1.0,1.2823325772960135,Medium,Luxury,Spacious
1257,Hyderabad,4090.1210660348265,5,2,2.2786260806910152,356.9908438530975,2,1,8728.12413347908,1.6666666666666667,0.244491540434878,Recent,Luxury,Spacious
1258,Bangalore,4389.64819905188,3,3,45.10770943264558,218.7334034025732,3,9,4982.936980002576,0.75,2.050278198135311,Old,Premium,Spacious
1259,Bangalore,2555.9963228177007,3,3,27.038411641366817,307.2218927357583,1,0,12019.653158071857,0.75,0.0,Old,Luxury,Large
1260,Mumbai,2637.9876421932595,3,1,34.997970635691864,226.2919205318557,1,5,8578.202449186361,1.5,1.8953841633021944,Old,Premium,Large
1261,Chennai,2237.229210433261,1,3,41.405425463415376,243.3628288313845,3,5,10877.867484318022,0.25,2.2349073473038117,Old,Premium,Large
1262,Mumbai,4850.1776300830725,1,2,39.577050316660014,445.6687355165128,2,2,9188.70955884722,0.3333333333333333,0.4123560315801763,Old,Luxury,Spacious
1263,Delhi,3637.2481443065767,3,1,44.13028118644208,97.32043852021354,3,7,2675.661232312408,1.5,1.9245318774736815,Old,Budget,Spacious
1264,Mumbai,874.5037979363253,4,2,48.3627311262476,69.76118503147364,1,8,7977.23065309696,1.3333333333333333,9.148044890003439,Old,Budget,Compact
1265,Mumbai,4383.318304908583,4,4,21.953530737096976,21.30979736624756,1,2,486.1567398010808,0.8,0.4562753286158422,Old,Budget,Spacious
1266,Hyderabad,2662.519733763206,1,2,47.51677333341953,170.72018029382082,1,8,6411.978027014466,0.3333333333333333,3.004672565822751,Old,Mid-Range,Large
1267,Bangalore,809.3925789011936,3,2,36.164497417140815,90.75860791252516,1,7,11213.175198089442,1.0,8.648460811813946,Old,Budget,Compact
1268,Chennai,2973.7276482349,4,2,3.533409515403924,125.59303766629336,2,4,4223.420989505915,1.3333333333333333,1.3451130947967813,Recent,Mid-Range,Large
1269,Mumbai,2377.2392553906598,1,2,34.08915606061727,25.39471167938093,1,5,1068.2438303925671,0.3333333333333333,2.103280092090829,Old,Budget,Large
1270,Chennai,4449.872321881812,3,4,34.33583298024243,129.05379905009755,1,0,2900.168582713893,0.6,0.0,Old,Mid-Range,Spacious
1271,Mumbai,1417.9757162422432,2,1,45.29302818962636,179.70155932753948,2,4,12673.10555950591,1.0,2.820922780398766,Old,Mid-Range,Standard
1272,Delhi,4219.090742714823,3,2,18.646606623504603,35.152398276743035,3,9,833.1747388330363,1.0,2.133161040809671,Old,Budget,Spacious
1273,Mumbai,3009.5991103345373,3,1,29.24557501359089,311.7939796626309,2,9,10359.983779632792,1.5,2.990431506008649,Old,Luxury,Spacious
1274,Hyderabad,745.7463644606107,5,3,0.6093775505871257,293.0241674642038,1,6,39292.73831272977,1.25,8.045630908760415,Brand New,Premium,Compact
1275,Bangalore,4873.303855964681,5,2,16.6037621090668,66.57717368476403,0,0,1366.1609382980887,1.6666666666666667,0.0,Old,Budget,Spacious
1276,Delhi,2806.7685984643995,2,2,3.1121863079390466,305.6046932088325,2,9,10888.132829191216,0.6666666666666666,3.206534377263575,Recent,Luxury,Large
1277,Mumbai,1808.9458440421213,2,3,26.093648638244847,499.3538809322613,2,8,27604.68935965746,0.5,4.4224651756980515,Old,Luxury,Standard
1278,Chennai,2612.3307889516614,3,1,40.87238252534766,473.3450973495395,3,6,18119.646231306517,1.5,2.296799480898751,Old,Luxury,Large
1279,Delhi,4360.360025828701,4,4,10.322134606453448,21.282076816478384,1,3,488.0807247661541,0.8,0.6880165817110114,Old,Budget,Spacious
1280,Delhi,1872.0640597327856,2,2,26.37205227788893,401.7815894385726,0,3,21461.957316563305,0.6666666666666666,1.6025092647888415,Old,Luxury,Standard
1281,Mumbai,1367.0437841901514,3,3,10.200431825538352,189.7305325935133,2,9,13878.89216042274,0.75,6.583549191390149,Old,Mid-Range,Standard
1282,Delhi,1080.8206111889665,1,3,6.034423392312021,50.55265776062116,2,6,4677.247753908972,0.25,5.5513375095610415,Medium,Budget,Standard
1283,Chennai,1840.3672927559503,5,2,25.54983959671712,162.07194258377987,2,5,8806.499834121541,1.6666666666666667,2.7168489788321,Old,Mid-Range,Standard
1284,Delhi,4010.216391680196,4,1,3.9574310474863816,174.4335278302219,0,2,4349.728563079807,2.0,0.49872620443856946,Recent,Mid-Range,Spacious
1285,Chennai,2622.3186433786777,3,1,29.367731556899468,271.15723486834725,2,8,10340.361784522865,1.5,3.050735279711297,Old,Premium,Large
1286,Mumbai,1523.66721662093,1,2,1.5668730338363135,337.32020828905024,2,5,22138.706182648766,0.3333333333333333,3.281556461579983,Brand New,Luxury,Standard
1287,Bangalore,1247.8324982438712,5,3,5.335748593418776,379.5466938600358,0,1,30416.477723908327,1.25,0.8013896107108474,Medium,Luxury,Standard
1288,Delhi,1997.282644296706,1,2,27.49987427436789,138.033460430368,2,9,6911.0629296522575,0.3333333333333333,4.506122368659108,Old,Mid-Range,Standard
1289,Bangalore,4729.65967798569,3,4,29.57037064494569,174.44987371927854,0,1,3688.423387654285,0.6,0.21143170293087324,Old,Mid-Range,Spacious
1290,Chennai,2043.6202066551095,2,4,1.449346504687904,168.0232192926729,3,0,8221.841746597549,0.4,0.0,Brand New,Mid-Range,Large
1291,Delhi,4946.558341795859,5,1,28.66883940007792,194.1136966980207,0,4,3924.2172695682248,2.5,0.8086430450444847,Old,Mid-Range,Spacious
1292,Hyderabad,2683.5370509441027,1,4,41.92512626618185,499.83502829904256,3,9,18625.978282028722,0.2,3.3537826492217366,Old,Luxury,Large
1293,Bangalore,1306.237632305679,2,3,36.1158088646977,393.4127853571644,0,5,30118.010354880054,0.5,3.827787438013366,Old,Luxury,Standard
1294,Delhi,4510.130413070792,4,4,6.559255196039931,487.9954233289746,1,2,10819.984759525287,0.8,0.44344615716738645,Medium,Luxury,Spacious
1295,Bangalore,2571.599179106721,3,2,29.623732378180744,352.69330858258746,2,3,13714.940938233623,1.0,1.1665892664665145,Old,Luxury,Large
1296,Delhi,3693.52104577036,3,3,33.61262500371068,215.00993679069649,3,4,5821.272821415634,0.75,1.0829774490064445,Old,Premium,Spacious
1297,Mumbai,4926.702124441183,5,1,1.8615600876145888,207.077208140948,2,3,4203.1607129979675,2.5,0.6089266053080648,Brand New,Premium,Spacious
1298,Bangalore,725.789076439883,1,1,42.767383434181134,254.51894958802168,2,8,35067.89477136797,0.5,11.02248609091961,Old,Premium,Compact
1299,Hyderabad,935.125519044052,4,4,45.31336986449151,220.09749601492996,0,2,23536.679465226058,0.8,2.138750316689608,Old,Premium,Compact
1300,Hyderabad,3742.055336582403,5,1,42.52261366811293,417.596598124518,1,4,11159.551651791084,2.5,1.0689312797958717,Old,Luxury,Spacious
1301,Chennai,1768.212514829624,5,2,41.23157339945566,243.20096625281255,0,6,13754.057513626758,1.6666666666666667,3.393257286485233,Old,Premium,Standard
1302,Delhi,1329.3562862754457,1,3,37.24825992304466,161.89489290120608,2,6,12178.442647215277,0.25,4.513462690134514,Old,Mid-Range,Standard
1303,Bangalore,677.1284591887827,4,2,31.671601564098005,391.9329289743929,0,5,57881.62108028048,1.3333333333333333,7.384123251871777,Old,Luxury,Compact
1304,Chennai,598.3102039379081,1,2,33.9313502494126,430.1217965030695,3,8,71889.4302106382,0.3333333333333333,13.370990411572906,Old,Luxury,Compact
1305,Bangalore,3985.185214039059,3,2,40.31976466674915,221.8058989474167,1,6,5565.761364516665,1.0,1.5055761972776391,Old,Premium,Spacious
1306,Delhi,1104.9504231629749,2,2,33.12492291806523,340.54811451465537,2,3,30820.216669976893,0.6666666666666666,2.7150539400784632,Old,Luxury,Standard
1307,Hyderabad,2604.742771870179,3,3,16.38634783410355,48.22617626638628,0,9,1851.4755770590116,0.75,3.455235617580039,Old,Budget,Large
1308,Mumbai,3226.5356683076734,3,3,18.798055108067697,274.143128946304,3,8,8496.516298860344,0.75,2.479439504908998,Old,Premium,Spacious
1309,Hyderabad,2427.583102559808,5,2,44.85287341861461,41.59094611784386,1,5,1713.265596303894,1.6666666666666667,2.059661724753176,Old,Budget,Large
1310,Chennai,621.979935513049,3,2,0.8561042898580951,34.011603437344675,0,0,5468.279842385868,1.0,0.0,Brand New,Budget,Compact
1311,Mumbai,4025.75676164559,4,1,34.9410290622141,314.2039282509147,0,8,7804.841346710649,2.0,1.9872040149613701,Old,Luxury,Spacious
1312,Chennai,547.3095104374407,3,1,47.73887762126077,165.60098354959382,2,6,30257.28228570999,1.5,10.962718325878278,Old,Mid-Range,Compact
1313,Delhi,3928.504524698678,4,3,35.31140849789868,376.4178379786234,3,5,9581.708143953207,1.0,1.272748947739473,Old,Luxury,Spacious
1314,Mumbai,4519.870222046552,1,1,49.6955994115891,450.1196291036442,1,5,9958.684807101265,0.5,1.1062264521692504,Old,Luxury,Spacious
1315,Chennai,2447.7796447572755,5,3,34.37724527641654,86.90776339056833,0,3,3550.4733269888025,1.25,1.225600517769435,Old,Budget,Large
1316,Delhi,2909.941128940092,4,3,1.7181514608430537,367.77096251788345,1,3,12638.433089257695,1.0,1.0309486917670776,Brand New,Luxury,Large
1317,Hyderabad,2646.425266779442,3,4,41.35049408234618,266.9695991784048,3,2,10087.932673923286,0.6,0.7557364362810415,Old,Premium,Large
1318,Delhi,2251.4387838054745,5,3,14.231495596965956,73.81724007809545,2,7,3278.669649339811,1.25,3.109122952998221,Old,Budget,Large
1319,Bangalore,4493.410409166621,5,1,22.302861283222047,332.76445111074787,2,7,7405.610011315763,2.5,1.557836779324653,Old,Luxury,Spacious
1320,Delhi,4522.700798014957,4,4,15.604595795354104,312.5440654911069,2,1,6910.562503455557,0.8,0.22110682193235212,Old,Luxury,Spacious
1321,Delhi,2011.173640886905,4,1,13.427705310483972,267.5080963523756,1,4,13301.09399377408,2.0,1.9888884374180864,Old,Premium,Large
1322,Bangalore,3267.8138930661407,2,3,21.57028518348927,464.7061781886359,1,8,14220.705137911296,0.5,2.4481198323365105,Old,Luxury,Spacious
1323,Chennai,4671.084029656388,2,3,18.93757242203369,270.1182541299279,0,8,5782.7744569561555,0.5,1.712664544077682,Old,Premium,Spacious
1324,Chennai,4829.263245236082,5,2,31.66692909212947,495.447255416102,3,6,10259.27207229478,1.6666666666666667,1.2424255409805653,Old,Luxury,Spacious
1325,Delhi,2790.315681899214,2,3,40.65756004937553,264.4298306470933,3,3,9476.699441659966,0.5,1.0751471668460342,Old,Premium,Large
1326,Bangalore,2537.7116237794708,3,4,14.854432659362038,75.60897838465644,3,3,2979.415693893946,0.6,1.1821674188228026,Old,Budget,Large
1327,Bangalore,1754.124421678366,1,3,10.686057641100872,245.82620051601455,1,9,14014.18265876518,0.25,5.130764892600206,Old,Premium,Standard
1328,Hyderabad,4814.923429356845,5,2,33.34476354351711,107.5178060264342,2,6,2233.0117519811924,1.6666666666666667,1.2461257355449682,Old,Mid-Range,Spacious
1329,Chennai,1142.664370127903,1,3,33.51600329153908,306.6240729043651,3,2,26834.132656997383,0.25,1.7502952330404176,Old,Luxury,Standard
1330,Mumbai,3109.2330922147626,2,3,45.05656196430859,352.7034440929286,0,2,11343.744056245443,0.5,0.6432454372777063,Old,Luxury,Spacious
1331,Chennai,1771.476203833875,4,3,0.7972843226655424,244.84893377940497,1,4,13821.745572957545,1.0,2.258003800075381,Brand New,Premium,Standard
1332,Chennai,1755.5373065650847,5,2,42.652033105825495,66.89742448791115,2,5,3810.652398997082,1.6666666666666667,2.848130872127741,Old,Budget,Standard
1333,Hyderabad,2322.358643192848,2,1,26.050108647417847,244.9478713201054,3,7,10547.374844022532,1.0,3.0141769965280605,Old,Premium,Large
1334,Mumbai,4994.5682111704455,3,3,31.065104458604942,59.09802307251219,2,0,1183.2458898116226,0.75,0.0,Old,Budget,Spacious
1335,Hyderabad,747.3483807791993,5,4,4.568572028070738,347.4204586431363,0,6,46487.08254119843,1.0,8.028384290796602,Recent,Luxury,Compact
1336,Mumbai,3103.438181915892,5,2,21.630746643602283,399.376747935242,3,7,12868.848178206299,1.6666666666666667,2.2555628917598045,Old,Luxury,Spacious
1337,Delhi,871.5747111587473,4,4,11.36512036192619,481.9425570689787,3,4,55295.610450679815,0.8,4.5893942869017526,Old,Luxury,Compact
1338,Mumbai,1195.3437349573355,5,3,12.711251504125451,91.4250114216591,2,9,7648.428543854981,1.25,7.529215017236218,Old,Budget,Standard
1339,Hyderabad,2478.033237978044,4,2,25.20475573380137,275.561761055986,1,1,11120.180182927294,1.3333333333333333,0.4035458381566956,Old,Premium,Large
1340,Chennai,2797.070591058986,2,3,40.622797520155615,292.41793641700093,2,3,10454.43534216596,0.5,1.0725506927103272,Old,Premium,Large
1341,Mumbai,1664.565837640358,3,4,37.18904650724281,462.7887362148703,0,5,27802.36898715323,0.6,3.0037862648243823,Old,Luxury,Standard
1342,Mumbai,1924.0570889348728,3,2,29.54999795429769,321.0927874863268,2,8,16688.319142550943,1.0,4.157880785350642,Old,Luxury,Standard
1343,Bangalore,891.3515911516988,5,1,26.97090963767335,89.84462990975413,2,1,10079.594943412572,2.5,1.1218917539687325,Old,Budget,Compact
1344,Chennai,1864.4890272991277,5,1,21.365302161724497,229.44863550233083,3,3,12306.247563961633,2.5,1.609019927752408,Old,Premium,Standard
1345,Delhi,4849.512977212448,2,1,48.63549867806932,334.28601368300025,1,9,6893.187321155524,1.0,1.855856462760369,Old,Luxury,Spacious
1346,Hyderabad,4751.183217526168,4,3,28.009627711711666,356.1365273932627,1,4,7495.743924998432,1.0,0.8418955483014836,Old,Luxury,Spacious
1347,Delhi,2006.9523056164328,3,2,12.698319915611108,434.2755193234753,1,7,21638.557035369515,1.0,3.487875611398727,Old,Luxury,Large
1348,Chennai,3068.842713254427,4,4,11.504539602001978,106.64341752531064,1,7,3475.0369272662433,0.8,2.280990149728685,Old,Mid-Range,Spacious
1349,Mumbai,4593.17925999925,2,4,30.56765153875709,476.7402304426392,2,1,10379.308175373,0.4,0.21771412422518066,Old,Luxury,Spacious
1350,Mumbai,527.827201884035,3,3,26.14137636554644,48.38691776748428,3,5,9167.189109384894,0.75,9.472797124045366,Old,Budget,Compact
1351,Chennai,4148.076066519163,3,3,0.3848901477356392,492.205824593073,3,5,11865.882319899332,0.75,1.2053780884967533,Brand New,Luxury,Spacious
1352,Mumbai,4767.662987550136,1,4,41.50326860978897,431.7282045758761,1,4,9055.342328164845,0.2,0.8389854757866181,Old,Luxury,Spacious
1353,Mumbai,910.9658045010068,2,2,35.20611771162173,336.93093572584223,2,7,36986.12330573709,0.6666666666666666,7.6841523198934345,Old,Luxury,Compact
1354,Mumbai,1226.5145871481443,2,3,33.09146448390518,372.7978401269224,1,9,30394.896565701754,0.5,7.337866254755711,Old,Luxury,Standard
1355,Hyderabad,4823.358362471099,1,2,3.4390328848829474,54.89216284102229,1,1,1138.0486108624943,0.3333333333333333,0.207324425193172,Recent,Budget,Spacious
1356,Hyderabad,2918.9306463815583,4,4,18.10279250862457,39.91033418933714,3,1,1367.292992685929,0.8,0.34259121614953286,Old,Budget,Large
1357,Bangalore,563.8848551227567,1,2,46.76911303663931,68.84758234465545,3,6,12209.510810441514,0.3333333333333333,10.640470205027604,Old,Budget,Compact
1358,Delhi,1659.3439944358813,2,1,43.12946206706819,61.93271103878614,1,8,3732.361176854175,1.0,4.821182362925126,Old,Budget,Standard
1359,Chennai,2524.7465342098685,4,4,14.277146893476672,282.74299206532885,2,2,11198.866430123237,0.8,0.7921587267871663,Old,Premium,Large
1360,Chennai,3618.090099611455,3,1,7.852944204956936,123.41311381365878,1,6,3411.001672592732,1.5,1.6583334949686126,Medium,Mid-Range,Spacious
1361,Chennai,3799.2217016155982,1,4,22.45439785842885,432.8987058592287,3,2,11394.404956024042,0.2,0.5264236091169703,Old,Luxury,Spacious
1362,Bangalore,4979.396808164553,4,1,17.791518933383045,233.95933907267465,3,5,4698.547797778624,2.0,1.0041376882841844,Old,Premium,Spacious
1363,Hyderabad,1793.8003972269155,4,2,34.11131883529956,353.845028699972,2,2,19725.99790071351,1.3333333333333333,1.1149512527100864,Old,Luxury,Standard
1364,Bangalore,2921.9904584081387,4,4,48.32174050421598,333.37908462567674,1,0,11409.31462203669,0.8,0.0,Old,Luxury,Large
1365,Chennai,2899.9559653682227,1,4,18.150072499128072,173.52945868626082,1,5,5983.865298596936,0.2,1.7241641113557817,Old,Mid-Range,Large
1366,Delhi,2325.403667512569,3,1,3.1112086326121,136.72043529234995,0,2,5879.428040921457,1.5,0.8600657287770404,Recent,Mid-Range,Large
1367,Mumbai,1261.2285222908909,4,2,44.88070041711927,184.37901694238488,1,0,14619.001527770677,1.3333333333333333,0.0,Old,Mid-Range,Standard
1368,Hyderabad,4898.554534327292,1,4,1.89748651199354,402.396019447922,2,4,8214.586907792429,0.2,0.8165674122783472,Brand New,Luxury,Spacious
1369,Hyderabad,4339.927339999637,2,3,47.63829485766665,301.41288724141685,3,7,6945.113676521646,0.5,1.6129302293804266,Old,Luxury,Spacious
1370,Bangalore,2742.4986273240675,1,1,33.22897140045199,141.69855800920416,0,7,5166.768602814704,0.5,2.5524169566604655,Old,Mid-Range,Large
1371,Hyderabad,3214.604402078134,1,4,47.08446042209746,412.5662926690065,2,7,12834.123303081904,0.2,2.1775618783682167,Old,Luxury,Spacious
1372,Chennai,1522.6747410184803,1,2,9.982984332448911,46.284505332947234,2,2,3039.6843190548134,0.3333333333333333,1.313478148762255,Medium,Budget,Standard
1373,Chennai,2947.041816762861,4,2,2.034989762690381,355.6080199953418,0,7,12066.609234135494,1.3333333333333333,2.375263208069798,Recent,Luxury,Large
1374,Bangalore,3627.365599046642,1,2,24.41049891382459,230.76838675966923,1,3,6361.872837420101,0.3333333333333333,0.82704649368359,Old,Premium,Spacious
1375,Chennai,2818.2516277396494,2,2,22.53117072850626,371.0193853116264,0,7,13164.877885982056,0.6666666666666666,2.4838094409668736,Old,Luxury,Large
1376,Delhi,4956.283267632236,4,1,16.57461366274414,465.1814145168448,2,2,9385.69063545627,2.0,0.4035281867485874,Old,Luxury,Spacious
1377,Bangalore,3251.037453114768,2,4,47.88282371943488,380.0163670145139,1,2,11689.079947400365,0.4,0.6151882372452618,Old,Luxury,Spacious
1378,Delhi,2169.3817066647607,5,1,41.12918660807161,232.14337054946355,3,0,10700.900161381198,2.5,0.0,Old,Premium,Large
1379,Mumbai,3974.684124271272,1,1,33.079101068779664,92.46832712666276,0,7,2326.4320946162256,0.5,1.7611462398369573,Old,Budget,Spacious
1380,Delhi,1267.0813021173892,4,2,8.142914581891386,407.0484683866082,2,7,32124.889516276442,1.3333333333333333,5.52450737636367,Medium,Luxury,Standard
1381,Mumbai,2230.321161678199,4,3,36.71617041092624,241.1386529222584,1,8,10811.83540135602,1.0,3.586927361609402,Old,Premium,Large
1382,Mumbai,2061.315276699136,1,2,36.3506227349862,56.1499152594223,2,5,2723.984821445525,0.3333333333333333,2.425635736812999,Old,Budget,Large
1383,Delhi,2443.1319279849977,3,3,21.253408680800373,365.14659093289566,1,1,14945.84008134406,0.75,0.4093106837766072,Old,Luxury,Large
1384,Bangalore,4018.009216679268,3,1,46.23929548570068,160.08894363996305,1,0,3984.285127455991,1.5,0.0,Old,Mid-Range,Spacious
1385,Chennai,2678.7786447353337,2,2,8.348894111450523,43.46635016248891,0,7,1622.6182125169,0.6666666666666666,2.613131179672969,Medium,Budget,Large
1386,Chennai,4073.065026196832,1,2,13.366878120583214,453.3204871875573,3,9,11129.71396901166,0.3333333333333333,2.209638182085108,Old,Luxury,Spacious
1387,Mumbai,3094.2000641293967,1,1,3.1612169625316824,251.88852420507683,1,3,8140.667021670099,0.5,0.9695559232832278,Recent,Premium,Spacious
1388,Mumbai,2039.3124559589992,5,2,39.772547908879375,154.86130552305036,2,6,7593.7998157435795,1.6666666666666667,2.9421680735914806,Old,Mid-Range,Large
1389,Bangalore,4144.904346575626,3,4,31.087969304769864,363.8655477847576,1,9,8778.623518426199,0.6,2.1713408193449584,Old,Luxury,Spacious
1390,Hyderabad,1572.303517488912,3,3,15.747015284062476,445.2331412876306,3,3,28317.251493445852,0.75,1.9080285495965994,Old,Luxury,Standard
1391,Delhi,1509.7234090990796,1,3,8.19068317971577,20.147396016202634,2,0,1334.50908257596,0.25,0.0,Medium,Budget,Standard
1392,Mumbai,2770.263158246761,2,3,2.0073885014370187,350.1690488202338,1,7,12640.281042536339,0.5,2.52683575535479,Recent,Luxury,Large
1393,Chennai,1673.8216068294,1,2,8.337278431296829,388.1656131288423,1,9,23190.381313341783,0.3333333333333333,5.376917087985292,Medium,Luxury,Standard
1394,Bangalore,540.8916572804734,2,4,22.66423231688291,120.76516509415664,0,8,22327.052648833,0.4,14.790392664258988,Old,Mid-Range,Compact
1395,Delhi,3417.338872844607,3,2,12.358848450530308,255.0194390768837,3,9,7462.515383047291,1.0,2.633628192836598,Old,Premium,Spacious
1396,Bangalore,2799.922196625791,5,3,12.949108871598336,62.85723148060919,1,8,2244.9635049273493,1.25,2.8572222505471276,Old,Budget,Large
1397,Delhi,2504.8301652192254,4,2,43.77881833338572,378.4399436073669,3,8,15108.407302905722,1.3333333333333333,3.193829310698928,Old,Luxury,Large
1398,Delhi,4851.358315782419,3,3,25.756883673055032,426.7788889104092,1,3,8797.100958756519,0.75,0.6183835133843675,Old,Luxury,Spacious
1399,Mumbai,3070.396327833112,2,1,36.46259865642073,71.9295955158371,2,8,2342.6811341518364,1.0,2.605526826449107,Old,Budget,Spacious
1400,Bangalore,4385.442100052231,1,3,1.7855474514071543,411.90092164776064,3,3,9392.460606032284,0.25,0.6840815433327166,Brand New,Luxury,Spacious
1401,Bangalore,1127.5260629232207,3,1,18.258167783901435,390.3536818325761,2,1,34620.3688472217,1.5,0.8868974588555434,Old,Luxury,Standard
1402,Chennai,3061.4290840824247,5,1,23.95846736977209,186.51839377803068,3,9,6092.527007985038,2.5,2.939803520778758,Old,Mid-Range,Spacious
1403,Chennai,4405.908320289063,2,1,9.320842760509237,351.33897436812,2,2,7974.268841460353,1.0,0.4539359093765219,Medium,Luxury,Spacious
1404,Mumbai,3123.975907759541,1,3,6.009577072276934,20.02309946926964,1,1,640.9492281785823,0.25,0.32010490142261755,Medium,Budget,Spacious
1405,Mumbai,3731.0638015715062,4,4,43.51518892499213,467.2628741436793,2,0,12523.583058184917,0.8,0.0,Old,Luxury,Spacious
1406,Hyderabad,2174.196055154933,2,3,46.97158135498983,284.18395294801894,2,5,13070.76021383766,0.5,2.2997006126219377,Old,Premium,Large
1407,Chennai,916.0228266667998,1,2,3.9403349022703695,317.76265474975975,1,3,34689.38169434339,0.3333333333333333,3.275027556809171,Recent,Luxury,Compact
1408,Delhi,2560.551328071821,4,2,17.450935627122156,339.0365184987673,3,6,13240.762439785689,1.3333333333333333,2.343245352756977,Old,Luxury,Large
1409,Bangalore,2275.1572587748587,1,4,47.91428140722368,289.45712826481605,2,6,12722.510813194722,0.2,2.6371803429671137,Old,Premium,Large
1410,Mumbai,4401.770820705263,4,4,4.158086656623245,431.2466660189423,0,9,9797.117650706014,0.8,2.044631664525869,Recent,Luxury,Spacious
1411,Bangalore,1597.9788605861252,4,4,32.18206864393631,312.6568794327411,0,0,19565.770683478328,0.8,0.0,Old,Luxury,Standard
1412,Bangalore,4850.304023907986,4,1,48.61106854835028,455.7247957954268,2,8,9395.798563328826,2.0,1.649381144061613,Old,Luxury,Spacious
1413,Hyderabad,4811.621539120232,1,4,48.91118342906873,299.5191786723243,2,7,6224.911419926204,0.2,1.4548110118569084,Old,Premium,Spacious
1414,Chennai,1614.3423938214742,4,4,23.561166545187163,102.13876255067196,2,9,6326.957833826621,0.8,5.575025493009066,Old,Mid-Range,Standard
1415,Mumbai,2066.233799647942,2,4,8.13745538911903,458.5100268028654,3,0,22190.61690313019,0.4,0.0,Medium,Luxury,Large
1416,Bangalore,4530.000833932483,5,3,10.104215748871942,347.18119921269283,1,7,7664.042721848809,1.25,1.545253578667295,Old,Luxury,Spacious
1417,Mumbai,4849.799994032484,5,2,44.48006975621973,355.634717329067,0,4,7332.9769839305445,1.6666666666666667,0.8247762804490629,Old,Luxury,Spacious
1418,Delhi,2495.475962762198,4,2,45.5841502164868,493.0312402743688,0,0,19757.002176396094,1.3333333333333333,0.0,Old,Luxury,Large
1419,Hyderabad,1944.48670538404,5,4,30.393982193677736,56.094346020598,3,3,2884.7893824771227,1.0,1.5428236108240678,Old,Budget,Standard
1420,Delhi,2867.423059631939,5,2,38.30881997349557,225.72445140568223,2,6,7872.031671345215,1.6666666666666667,2.0924711405404395,Old,Premium,Large
1421,Mumbai,3594.961428645807,4,3,36.99656257352041,134.7657886335753,2,4,3748.740878266961,1.0,1.1126684053204898,Old,Mid-Range,Spacious
1422,Mumbai,1730.635319187409,4,2,33.09107989945535,322.6047030625554,1,2,18640.825105431748,1.3333333333333333,1.1556449691198183,Old,Luxury,Standard
1423,Chennai,3814.129285785828,2,1,41.36384774359696,407.2696081990745,1,3,10677.91827919552,1.0,0.7865491112690239,Old,Luxury,Spacious
1424,Bangalore,732.4581070158847,3,3,34.270331152016055,483.82914026835806,0,1,66055.53759784726,0.75,1.3652657953014002,Old,Luxury,Compact
1425,Bangalore,721.825217439874,1,2,26.700115287374963,238.20613133826564,1,7,33000.527770853,0.3333333333333333,9.697638473794497,Old,Premium,Compact
1426,Delhi,2238.2946731549537,4,2,11.84781812940784,397.3847507084501,0,1,17753.906823551635,1.3333333333333333,0.44676869940027397,Old,Luxury,Large
1427,Hyderabad,2090.6293642732426,4,3,37.19440720593095,460.18476417938217,3,5,22011.78133453389,1.0,2.3916243048361325,Old,Luxury,Large
1428,Bangalore,1920.3494691521853,5,2,23.671893391913724,347.9962076172247,2,6,18121.504091172606,1.6666666666666667,3.124431306062713,Old,Luxury,Standard
1429,Chennai,2709.588932010095,2,2,14.739584200375466,136.51162517589017,2,6,5038.093548552389,0.6666666666666666,2.2143580264586222,Old,Mid-Range,Large
1430,Delhi,1943.3011204020704,5,4,40.097313787088765,311.7699925317399,0,0,16043.31872495573,1.0,0.0,Old,Luxury,Standard
1431,Delhi,1365.1606331064136,4,1,34.83568001765141,485.5769829522496,2,7,35569.21956116787,2.0,5.127601712387171,Old,Luxury,Standard
1432,Chennai,1892.612970898704,4,3,46.866978156235,494.02583785355137,3,8,26102.84540208789,1.0,4.226960357458195,Old,Luxury,Standard
1433,Hyderabad,4887.069227646058,5,4,8.272082000943886,328.3327153840536,1,6,6718.397061508392,1.0,1.22772969248279,Medium,Luxury,Spacious
1434,Chennai,2350.0103764768187,4,2,32.45946423182466,445.75412377855486,3,7,18968.176831918423,1.3333333333333333,2.9787102516945207,Old,Luxury,Large
1435,Hyderabad,2501.2074958625108,3,3,12.211973404408798,116.16769464732934,2,3,4644.464517217926,0.75,1.1994206817957287,Old,Mid-Range,Large
1436,Chennai,3094.45245478013,1,3,45.17914926508209,138.11773037706405,3,7,4463.398045224699,0.25,2.2621126361747157,Old,Mid-Range,Spacious
1437,Chennai,4925.03345786402,1,1,4.974970712830784,477.38605418473264,2,2,9693.052001960901,0.5,0.40608861180557276,Recent,Luxury,Spacious
1438,Mumbai,1587.2057439609337,1,1,32.808090322243864,84.9129802375078,0,0,5349.840785329075,0.5,0.0,Old,Budget,Standard
1439,Delhi,3565.7694973959524,3,3,39.554286076401496,111.7310902848699,1,7,3133.435584281767,0.75,1.9631106287470441,Old,Mid-Range,Spacious
1440,Chennai,3721.9311209377584,4,1,17.74589201823536,221.86332757762483,1,5,5960.973493827723,2.0,1.3433886435652862,Old,Premium,Spacious
1441,Chennai,3232.9598755687966,5,1,47.70690396919046,303.0004581216082,2,8,9372.230704480959,2.5,2.4745126162731927,Old,Luxury,Spacious
1442,Bangalore,898.6025283648983,2,2,42.53653422930186,309.8322651047704,2,2,34479.34490775836,0.6666666666666666,2.225678135626004,Old,Luxury,Compact
1443,Delhi,3545.925241224094,4,1,14.73091498424517,160.1484841594709,1,7,4516.408927566274,2.0,1.974096892573945,Old,Mid-Range,Spacious
1444,Bangalore,788.4261996627897,3,1,0.3770546357999338,461.8946710161672,3,8,58584.38890205827,1.5,10.14679624221215,Brand New,Luxury,Compact
1445,Delhi,3182.641922974536,3,4,14.832858805903044,459.2479556517741,3,8,14429.771452974368,0.6,2.5136349591358056,Old,Luxury,Spacious
1446,Bangalore,3828.1152974978418,1,2,14.065523523537127,208.1926654651388,3,6,5438.516065626839,0.3333333333333333,1.5673509112752586,Old,Premium,Spacious
1447,Chennai,1449.3645077897768,4,2,44.49823037504545,228.46004932654265,1,9,15762.773829403008,1.3333333333333333,6.209618044065838,Old,Premium,Standard
1448,Chennai,4287.299033942483,1,3,48.356058912737375,357.1986160754777,0,2,8331.553578314493,0.25,0.46649416897819107,Old,Luxury,Spacious
1449,Mumbai,636.5921248985192,2,1,3.521999298513018,338.2380302714724,2,2,53132.61302523839,1.0,3.1417290943063825,Recent,Luxury,Compact
1450,Bangalore,4297.157886462377,1,4,23.56474142666584,203.50256718126192,2,1,4735.747965472007,0.2,0.2327119520440165,Old,Premium,Spacious
1451,Hyderabad,2571.4807278924427,2,4,27.416599926489788,218.83724073008165,1,0,8510.164527246458,0.4,0.0,Old,Premium,Large
1452,Mumbai,1479.1457296924002,3,2,4.645583066485165,187.0586928423387,0,1,12646.400492346283,1.0,0.6760659074531877,Recent,Mid-Range,Standard
1453,Bangalore,1102.001652472856,1,1,18.87488545687613,132.98480333758778,1,4,12067.56841418288,0.5,3.6297586224341223,Old,Mid-Range,Standard
1454,Bangalore,4789.882254120676,1,4,15.85412086964753,239.90641420358705,3,0,5008.607758514284,0.2,0.0,Old,Premium,Spacious
1455,Mumbai,826.9951441152052,5,3,26.802817716354365,349.4883833132194,3,9,42260.02846572139,1.25,10.882772485476949,Old,Luxury,Compact
1456,Chennai,1395.9203897116654,3,1,33.0595449865969,376.1440185508606,2,3,26945.950594543225,1.5,2.1491196934372927,Old,Luxury,Standard
1457,Bangalore,2065.200563448707,5,1,35.17425552482833,393.859351162862,2,9,19071.23976884603,2.5,4.357930246237574,Old,Luxury,Large
1458,Chennai,3291.0568203250423,2,1,6.837751180669377,199.8713664574983,2,9,6073.166686856471,1.0,2.734683869454163,Medium,Mid-Range,Spacious
1459,Mumbai,2951.604883742443,2,4,40.64738509723107,387.0252772567874,2,0,13112.367423856018,0.4,0.0,Old,Luxury,Large
1460,Chennai,1065.395715855413,3,2,33.92710148953795,23.12783153210013,3,9,2170.8207746574844,1.0,8.44756541260713,Old,Budget,Standard
1461,Delhi,1803.7759268219656,2,2,44.45374583733598,248.98397010410343,3,7,13803.486697085651,0.6666666666666666,3.880748099534265,Old,Premium,Standard
1462,Hyderabad,1574.3829698871084,3,3,22.466802971771703,401.0741120636916,0,4,25475.00320664995,0.75,2.5406778887393715,Old,Luxury,Standard
1463,Bangalore,1460.9428452065365,2,4,44.69448813610958,322.4214659078496,2,9,22069.409968072243,0.4,6.1604052680977075,Old,Luxury,Standard
1464,Hyderabad,2350.1495141599416,4,1,43.28870611780377,247.55029959416368,1,3,10533.385135824019,2.0,1.2765145289372566,Old,Premium,Large
1465,Chennai,3668.141536662456,1,3,21.92046661796348,329.42816317104763,0,2,8980.792040832359,0.25,0.5452352315226491,Old,Luxury,Spacious
1466,Bangalore,1478.5381949775615,4,3,19.05716576464893,455.3340815113587,0,8,30796.233946345154,1.0,5.4107496358059315,Old,Luxury,Standard
1467,Chennai,2150.054958663416,3,2,46.64060074851284,291.86326429289954,3,5,13574.6885500237,1.0,2.325521949963668,Old,Premium,Large
1468,Delhi,2259.1284207852304,3,1,35.75823672692188,403.897371900851,2,0,17878.460037276847,1.5,0.0,Old,Luxury,Large
1469,Mumbai,4894.054382459346,4,1,46.41226732190378,490.7565081080948,0,7,10027.606351637663,2.0,1.4303069506314683,Old,Luxury,Spacious
1470,Bangalore,4795.99860595581,1,4,39.848738944790654,358.672736996272,2,9,7478.583011906257,0.2,1.8765643486266947,Old,Luxury,Spacious
1471,Delhi,4100.619122384342,1,4,30.464871964570715,295.1963666667505,3,1,7198.8243203408265,0.2,0.24386561398527087,Old,Premium,Spacious
1472,Delhi,1587.4651436863332,5,4,5.792638850188226,37.99325462016333,0,8,2393.328431258482,1.0,5.039480729273082,Medium,Budget,Standard
1473,Bangalore,806.1679134125136,2,3,14.574033628954924,199.749391162202,0,6,24777.640965225422,0.5,7.442618219077914,Old,Mid-Range,Compact
1474,Chennai,1926.0686197428115,5,1,48.44212035491957,291.4125120872568,1,2,15129.913290740866,2.5,1.0383846034867963,Old,Premium,Standard
1475,Delhi,1700.5754724522387,1,2,15.971104935710224,402.6591544188956,3,3,23677.817358982546,0.3333333333333333,1.7641087082562612,Old,Luxury,Standard
1476,Hyderabad,2776.6661006587724,4,3,4.662743489268539,230.2902990308366,1,2,8293.769963057479,1.0,0.7202882620728124,Recent,Premium,Large
1477,Delhi,3999.7755953050687,2,3,35.37766779596599,480.82797236709126,3,5,12021.373722352986,0.5,1.250070130401564,Old,Luxury,Spacious
1478,Chennai,4362.453224954861,4,2,36.70021272718421,150.46100125936394,1,8,3448.999760012803,1.3333333333333333,1.8338305507178883,Old,Mid-Range,Spacious
1479,Chennai,4301.888384347289,5,2,14.27288601435754,377.3922537009519,3,9,8772.711423060606,1.6666666666666667,2.092104488983747,Old,Luxury,Spacious
1480,Hyderabad,2118.540025503805,3,4,14.883598967315187,221.1350802003812,3,8,10438.088378707578,0.6,3.776185440771901,Old,Premium,Large
1481,Delhi,3592.554545573073,4,2,23.444649275439197,253.27447739163483,0,0,7049.982795772229,1.3333333333333333,0.0,Old,Premium,Spacious
1482,Chennai,1907.7538888589904,5,2,1.089447488112777,405.2009762554113,1,9,21239.688128627444,1.6666666666666667,4.71758964956576,Brand New,Luxury,Standard
1483,Bangalore,774.0749445583222,5,2,39.46615051805818,162.18332559281865,1,5,20951.889314200514,1.6666666666666667,6.459322879715399,Old,Mid-Range,Compact
1484,Mumbai,3657.04369521324,5,2,15.85443936370628,66.4697871656687,1,0,1817.5825258164682,1.6666666666666667,0.0,Old,Budget,Spacious
1485,Mumbai,544.2239865640453,3,4,42.68815510009888,269.72268061444504,0,3,49560.968879254564,0.6,5.512436191834324,Old,Premium,Compact
1486,Mumbai,2341.3216435631984,3,3,40.13152108000169,273.8214136657994,2,6,11695.164328173105,0.75,2.562655163802591,Old,Premium,Large
1487,Delhi,1982.2067118593409,3,1,33.070101655939155,402.6405306681794,3,3,20312.74176700251,1.5,1.513464757258315,Old,Luxury,Standard
1488,Hyderabad,3620.198923334836,2,1,16.243743354964437,484.7932189914088,1,8,13391.342002412108,1.0,2.209823318943646,Old,Luxury,Spacious
1489,Chennai,3948.104627421705,3,3,25.815828083058506,46.54432943760723,3,9,1178.9031403659337,0.75,2.2795748464947385,Old,Budget,Spacious
1490,Bangalore,1868.4258618707768,3,1,22.24146287989795,304.01094739669225,0,4,16270.96657141637,1.5,2.1408395599892667,Old,Luxury,Standard
1491,Bangalore,4152.321565001841,3,1,16.944094312433712,347.013694551104,3,8,8357.100699424038,1.5,1.9266330593055727,Old,Luxury,Spacious
1492,Delhi,1822.6254222722016,4,3,42.40681446515891,493.1846483592904,0,0,27059.023885689847,1.0,0.0,Old,Luxury,Standard
1493,Mumbai,2508.468619939525,3,1,24.175353728883263,472.4433028529176,2,3,18833.933145406754,1.5,1.1959487857066853,Old,Luxury,Large
1494,Delhi,3771.583371563602,2,1,41.63615488985732,361.9763670617492,1,6,9597.4642849187,1.0,1.5908437939454996,Old,Luxury,Spacious
1495,Hyderabad,3618.1410315115486,5,3,5.260923707091214,270.4589173973436,0,1,7475.079468761177,1.25,0.2763850251526074,Medium,Premium,Spacious
1496,Hyderabad,4943.158125404901,4,1,7.051239430016787,97.5314827036454,3,8,1973.0601414992457,2.0,1.618398561616863,Medium,Budget,Spacious
1497,Chennai,1513.2246089716934,1,2,48.86601525564884,204.40474649812035,0,2,13507.892039703405,0.3333333333333333,1.3216808583089943,Old,Premium,Standard
1498,Chennai,3480.4306109281206,3,3,29.38842313030448,300.85871602743407,0,3,8644.295768540105,0.75,0.8619623073594319,Old,Luxury,Spacious
1499,Hyderabad,3243.568587240998,5,4,25.48848367495245,368.0961903659618,2,3,11348.494118913235,1.0,0.924907218487962,Old,Luxury,Spacious
1500,Hyderabad,4617.943045205135,5,1,26.157803157205585,324.9917875899739,1,7,7037.587610081436,2.5,1.5158264039804872,Old,Luxury,Spacious
1501,Hyderabad,1203.6296374019378,4,4,10.763438701642992,362.7789448773158,0,1,30140.413097535755,0.8,0.8308203528109551,Old,Luxury,Standard
1502,Delhi,3883.0917361411994,1,1,35.935197475098654,225.9932021849109,0,4,5819.929518571981,0.5,1.030107005397451,Old,Premium,Spacious
1503,Hyderabad,3057.2087732094574,2,2,4.239031186487718,369.2610994740844,3,1,12078.37366914377,0.6666666666666666,0.32709575111882205,Recent,Luxury,Spacious
1504,Bangalore,1735.9964140455745,5,3,28.66618565515116,88.99580288946522,0,5,5126.4969310661745,1.25,2.8801902812391043,Old,Budget,Standard
1505,Mumbai,2634.9571136622835,5,4,28.538439829295072,98.0414296462945,0,8,3720.7979263855395,1.0,3.0361025454721466,Old,Budget,Large
1506,Hyderabad,2001.99468681409,5,3,45.70942120667555,98.15942999814214,1,8,4903.081443954774,1.25,3.9960146011830546,Old,Budget,Large
1507,Mumbai,3106.9103125480738,5,4,26.30914050524302,447.6151793771725,1,0,14407.084027155885,1.0,0.0,Old,Luxury,Spacious
1508,Delhi,4500.5027486659965,4,1,6.853134798708976,56.49635038814456,3,3,1255.3342047150347,2.0,0.6665921937030782,Medium,Budget,Spacious
1509,Mumbai,3061.872429854909,1,2,28.63766296240813,404.7240189120684,0,3,13218.186850823395,0.3333333333333333,0.9797926166839547,Old,Luxury,Spacious
1510,Delhi,3342.7508824696283,5,4,4.566382218266618,132.1140310624338,0,0,3952.254765836089,1.0,0.0,Recent,Mid-Range,Spacious
1511,Bangalore,2834.3653120161925,2,4,10.189691764996084,244.8463714377203,0,9,8638.490260930823,0.4,3.1753140506782294,Old,Premium,Large
1512,Delhi,730.2447790046416,2,2,1.5554292093708066,459.6591658235254,2,1,62945.90239317599,0.6666666666666666,1.3694038338254848,Brand New,Luxury,Compact
1513,Delhi,1547.863505942424,3,2,25.664679122974917,301.24987025000326,2,5,19462.30201135118,1.0,3.230258986534944,Old,Luxury,Standard
1514,Chennai,2714.0077824443724,5,2,4.226630764678618,120.85648939153214,3,9,4453.063479526307,1.6666666666666667,3.316129031838717,Recent,Mid-Range,Large
1515,Hyderabad,1896.0587768511716,5,2,23.46971892656645,156.36322895302743,2,2,8246.750093512577,1.6666666666666667,1.0548196207933207,Old,Mid-Range,Standard
1516,Hyderabad,1317.936189925374,5,2,46.647251766207205,461.8143794699772,3,8,35040.72374673365,1.6666666666666667,6.070096611014974,Old,Luxury,Standard
1517,Bangalore,2768.5977886329724,5,3,35.988070650966606,225.0290840527896,0,2,8127.908104842501,1.25,0.7223873428677134,Old,Premium,Large
1518,Bangalore,1952.6440705153263,5,1,3.870583711264653,301.7530318432589,2,2,15453.560451681427,2.5,1.0242522076602396,Recent,Luxury,Standard
1519,Hyderabad,1661.4843942803664,2,1,11.21049061044216,240.7674543801866,1,8,14491.105375953259,1.0,4.814971496295645,Old,Premium,Standard
1520,Chennai,2587.934378481714,1,4,33.68312099467171,201.6502822632558,2,2,7791.939546069933,0.2,0.7728171226556979,Old,Premium,Large
1521,Hyderabad,1099.779161369779,1,2,44.735093051209184,127.17398092755292,0,5,11563.592527899624,0.3333333333333333,4.54636728502155,Old,Mid-Range,Standard
1522,Chennai,4674.855798839333,3,3,1.645929338197688,349.371920232609,1,5,7473.4266738099295,0.75,1.0695517070796907,Brand New,Luxury,Spacious
1523,Bangalore,4404.659440636576,2,3,40.6225565860297,364.7561726106178,3,0,8281.143582757946,0.5,0.0,Old,Luxury,Spacious
1524,Mumbai,3684.292635832409,5,4,28.090694016915435,151.94484397155176,0,6,4124.125279674538,1.0,1.6285351336225748,Old,Mid-Range,Spacious
1525,Bangalore,977.9622241480528,1,2,27.30456626481963,398.7252046663186,1,8,40771.02313575212,0.3333333333333333,8.180275068363876,Old,Luxury,Compact
1526,Bangalore,3991.447645113619,4,1,47.890659137667896,430.17689614480616,2,8,10777.465581226756,2.0,2.004285339880056,Old,Luxury,Spacious
1527,Delhi,4135.807976490585,4,2,37.38223062983865,461.9240461950226,3,8,11168.894900845602,1.3333333333333333,1.9343257824045186,Old,Luxury,Spacious
1528,Delhi,3954.94077971452,4,3,42.5059434028056,97.38195868081758,2,1,2462.2861404222317,1.0,0.2528482866618759,Old,Budget,Spacious
1529,Delhi,1012.8464920365852,5,2,17.699778477233334,165.88336813436786,1,0,16377.937766345736,1.6666666666666667,0.0,Old,Mid-Range,Standard
1530,Delhi,3397.585806804941,5,1,27.718202041420493,432.9696068017739,1,5,12743.44877279007,2.5,1.4716331784720853,Old,Luxury,Spacious
1531,Chennai,4254.461580872294,3,1,30.770283871388536,115.29929735738912,0,5,2710.079646171097,1.5,1.1752368437123948,Old,Mid-Range,Spacious
1532,Hyderabad,3098.090305488505,3,4,16.079197018123253,21.664860436877778,3,3,699.2972541341617,0.6,0.9683384614984495,Old,Budget,Spacious
1533,Mumbai,3408.8331885264006,3,3,28.512406247369977,437.99710892078457,3,7,12848.886545549203,0.75,2.0534885730287145,Old,Luxury,Spacious
1534,Bangalore,2562.635657418378,4,2,11.832768973985692,176.6957320406573,1,4,6895.07817973087,1.3333333333333333,1.5608929768930306,Old,Mid-Range,Large
1535,Chennai,2879.1829394782367,5,2,7.168783553411978,218.958812066696,0,6,7604.894050475846,1.6666666666666667,2.083924545998913,Medium,Premium,Large
1536,Mumbai,654.6958625827634,4,4,18.69851296386663,234.2403323459062,1,8,35778.49589912365,0.8,12.219414322308596,Old,Premium,Compact
1537,Chennai,3375.3335988797808,3,4,36.96448143732185,427.1718083202697,1,0,12655.691528151207,0.6,0.0,Old,Luxury,Spacious
1538,Chennai,866.5124580102164,5,4,45.80935740369438,182.18822940486095,3,8,21025.459902010192,1.0,9.2324119821318,Old,Mid-Range,Compact
1539,Bangalore,2457.565674531005,2,3,22.885702574911623,448.2943452111113,2,3,18241.398382839252,0.5,1.2207201748830219,Old,Luxury,Large
1540,Hyderabad,1816.9479395033352,1,2,32.14118441377158,316.13078626306304,2,6,17399.00078532122,0.3333333333333333,3.302241010625823,Old,Luxury,Standard
1541,Delhi,2954.425775952709,1,4,5.151856548755024,273.09762753616843,3,3,9243.67874661204,0.2,1.015425746829803,Medium,Premium,Large
1542,Hyderabad,1100.373509854432,3,3,45.22318792761644,176.29496342118196,0,3,16021.374727977953,0.75,2.726346984122572,Old,Mid-Range,Standard
1543,Bangalore,3612.395308879932,4,2,28.43021067849672,136.9816142149692,3,3,3791.9884869256475,1.3333333333333333,0.8304738943230959,Old,Mid-Range,Spacious
1544,Bangalore,4077.5519161781167,2,1,39.01691238125785,319.54805253312736,0,5,7836.7623295067515,1.0,1.2262259568448346,Old,Luxury,Spacious
1545,Bangalore,1235.0950238442042,5,4,39.72206004606969,234.50919682715653,3,4,18987.13801770913,1.0,3.2386172098322397,Old,Premium,Standard
1546,Mumbai,969.4088930834696,4,3,12.824026318405297,457.047684767363,0,1,47147.04889013325,1.0,1.031556453767643,Old,Luxury,Compact
1547,Hyderabad,1154.8196725431162,3,2,26.45872265909248,255.98658373474387,1,8,22166.80143411623,1.0,6.92748849903344,Old,Premium,Standard
1548,Hyderabad,4447.074028543258,4,2,48.02398757804888,265.66156001657174,1,5,5973.8506332802235,1.3333333333333333,1.12433478010661,Old,Premium,Spacious
1549,Chennai,2876.851677903602,3,4,4.481727241041389,220.0271749452804,0,9,7648.193218832086,0.6,3.128419886616613,Recent,Premium,Large
1550,Chennai,2602.6744820337617,1,4,34.15249490147817,398.8462385558168,3,5,15324.476468688219,0.2,1.9211007886368252,Old,Luxury,Large
1551,Chennai,980.2031859605944,1,2,48.1132039017586,223.92281509244975,1,8,22844.53042998493,0.3333333333333333,8.161573145837144,Old,Premium,Compact
1552,Bangalore,3423.002030406328,4,3,15.028855402701108,149.28415987988237,3,0,4361.205706388716,1.0,0.0,Old,Mid-Range,Spacious
1553,Hyderabad,4405.998163527905,2,1,43.07239607021741,433.7748196608847,2,6,9845.097604706196,1.0,1.3617799593442794,Old,Luxury,Spacious
1554,Bangalore,4226.836411955538,5,2,46.682877270413584,306.47754625531536,1,2,7250.754852694289,1.6666666666666667,0.4731671172186916,Old,Luxury,Spacious
1555,Mumbai,3317.2461904136057,3,3,37.35431046974125,303.9249054891208,3,3,9161.964112504607,0.75,0.9043645927364679,Old,Luxury,Spacious
1556,Chennai,838.7542249325313,5,4,11.566415615347914,313.1946594386848,3,0,37340.45685002396,1.0,0.0,Old,Luxury,Compact
1557,Bangalore,1005.7866222920584,1,2,16.700035941329695,365.04307913872,2,2,36294.28658603887,0.3333333333333333,1.9884933401105072,Old,Luxury,Standard
1558,Bangalore,721.8904419942111,2,4,1.7904647208865363,170.27263487003208,3,6,23587.04658835163,0.4,8.31151051595183,Brand New,Mid-Range,Compact
1559,Mumbai,1658.6564742161115,2,1,41.57266171226776,36.24529799984137,0,5,2185.2203010856156,1.0,3.0144879773028483,Old,Budget,Standard
1560,Delhi,1110.4766022217,5,4,42.480559325554,409.0847172209646,1,0,36838.66156229857,1.0,0.0,Old,Luxury,Standard
1561,Hyderabad,1670.2161811359524,1,1,31.63551549830964,81.87442586318596,0,8,4902.025665174749,0.5,4.789799123224285,Old,Budget,Standard
1562,Delhi,2232.761250735328,5,4,17.626392563192567,366.4734738610612,2,3,16413.46443738077,1.0,1.343627760922487,Old,Luxury,Large
1563,Chennai,4743.42252832011,4,4,3.840551381996027,59.5113431779178,0,6,1254.6076766851684,0.8,1.264909453918057,Recent,Budget,Spacious
1564,Bangalore,3246.6922690176143,2,1,37.65288049574547,200.1477641736762,3,3,6164.666916037503,1.0,0.924017354101669,Old,Premium,Spacious
1565,Mumbai,4257.3820355733305,2,4,36.32630968049615,50.25251351913836,2,6,1180.3618538163673,0.4,1.4093167937163984,Old,Budget,Spacious
1566,Mumbai,3696.581753205495,4,3,45.63012608694505,270.66256622130777,2,4,7321.968896984422,1.0,1.0820807619177895,Old,Premium,Spacious
1567,Hyderabad,1006.2640873698429,1,4,36.52660105026811,333.50517093515606,0,0,33142.90702820038,0.2,0.0,Old,Luxury,Standard
1568,Delhi,3811.6418286827698,2,2,41.43474711220009,102.2879077655304,2,3,2683.5655699811423,0.6666666666666666,0.7870624090188302,Old,Mid-Range,Spacious
1569,Hyderabad,1737.94496701606,3,4,37.297730895199976,198.381256850433,0,2,11414.7030323429,0.6,1.150784425259375,Old,Mid-Range,Standard
1570,Bangalore,3375.9853114761786,3,3,31.53435941561582,466.5149557006657,0,5,13818.631085710442,0.75,1.4810490978746904,Old,Luxury,Spacious
1571,Hyderabad,2034.3288813934485,1,2,21.348319709550463,232.34677621157925,0,5,11421.29860794334,0.3333333333333333,2.4578130142728765,Old,Premium,Large
1572,Mumbai,4989.525184690966,4,3,45.10586543211389,405.2209131087472,2,0,8121.432362984359,1.0,0.0,Old,Luxury,Spacious
1573,Mumbai,1685.9816577355002,5,2,32.548428595373494,465.0486776289004,2,1,27583.258423672487,1.6666666666666667,0.5931262629174354,Old,Luxury,Standard
1574,Chennai,1756.0871184842135,1,4,19.91776609829545,487.68599598909753,1,1,27771.173243958943,0.2,0.5694478306196797,Old,Luxury,Standard
1575,Chennai,4688.025150030792,5,3,4.173464759097861,451.19456945185726,0,9,9624.405906800515,1.25,1.9197849226429355,Recent,Luxury,Spacious
1576,Bangalore,610.8998208634521,1,4,14.535242795219103,172.35455799630518,0,3,28213.227784663202,0.2,4.9107888029166045,Old,Mid-Range,Compact
1577,Delhi,3635.100445429386,3,2,27.18633674150824,482.0349853573727,0,8,13260.568520560748,1.0,2.200764496083965,Old,Luxury,Spacious
1578,Hyderabad,3763.968758311451,4,3,13.781768500809727,409.9497160381025,0,1,10891.421857125337,1.0,0.265677019181373,Old,Luxury,Spacious
1579,Bangalore,4263.703598346798,3,1,11.061767395895108,421.8442801469541,0,7,9893.846286841312,1.5,1.6417651552312806,Old,Luxury,Spacious
1580,Chennai,4884.976897873139,4,3,26.36967570439236,27.28303240248069,0,0,558.5089340823575,1.0,0.0,Old,Budget,Spacious
1581,Hyderabad,4890.208636204936,5,4,8.49101729478673,478.03465439278096,0,7,9775.342729830061,1.0,1.431431769224549,Medium,Luxury,Spacious
1582,Chennai,793.7454090490876,1,1,40.020503166255175,393.48330744739553,1,2,49572.986874820635,0.5,2.519699612998094,Old,Luxury,Compact
1583,Hyderabad,4198.2769523880615,2,1,24.2184075671329,388.624398323792,1,4,9256.7594451513,1.0,0.9527718264810334,Old,Luxury,Spacious
1584,Delhi,3408.394701458216,2,2,28.693138698132508,59.1318708457214,3,0,1734.88917878035,0.6666666666666666,0.0,Old,Budget,Spacious
1585,Bangalore,3413.03960467891,4,1,7.369163379867427,131.63289971519902,0,0,3856.7644962204504,2.0,0.0,Medium,Mid-Range,Spacious
1586,Hyderabad,1077.5746697661266,4,1,16.228816781468367,481.8855992661916,0,5,44719.46239890536,2.0,4.640049678492521,Old,Luxury,Standard
1587,Mumbai,3425.84224900544,3,2,20.504484163057647,260.3249959066286,1,2,7598.86115544882,1.0,0.5837980428260007,Old,Premium,Spacious
1588,Mumbai,4921.171612705615,2,3,40.41064152582515,210.9718487538829,1,7,4287.024825738449,0.5,1.422425501668588,Old,Premium,Spacious
1589,Hyderabad,4603.183562927511,3,4,38.50797615430763,423.17159223051857,0,3,9193.020144549522,0.6,0.6517228693986894,Old,Luxury,Spacious
1590,Hyderabad,2476.087973621828,5,3,11.148873739384069,61.92339877469328,0,5,2500.8561664356607,1.25,2.019314359290066,Old,Budget,Large
1591,Hyderabad,679.7658797874245,2,1,30.808954080350382,220.13216781010848,1,9,32383.527087141814,1.0,13.2398525251289,Old,Premium,Compact
1592,Mumbai,2130.3207050009214,5,4,12.17281788859988,200.3363717226001,1,8,9404.047533890604,1.0,3.7553031246516193,Old,Premium,Large
1593,Mumbai,4218.756402202498,1,3,49.41235778451227,187.92866577458847,3,7,4454.598650836441,0.25,1.6592567412390746,Old,Mid-Range,Spacious
1594,Hyderabad,3656.7459565932472,3,4,47.60619390654353,167.6922769534751,3,3,4585.833386952128,0.6,0.8204015361228171,Old,Mid-Range,Spacious
1595,Chennai,2567.046450172804,4,1,28.163236026031026,120.83597925923746,0,9,4707.1987829087875,2.0,3.505974735826909,Old,Mid-Range,Large
1596,Chennai,747.9569082147399,2,3,34.94512859470715,102.99718543545066,1,7,13770.470504950528,0.5,9.3588279259402,Old,Mid-Range,Compact
1597,Delhi,2421.026275204862,3,4,40.07151911043225,327.39493612144355,3,6,13522.981533677907,0.6,2.4782878490206777,Old,Luxury,Large
1598,Bangalore,2610.612228730476,4,4,36.04992100224519,461.3095237801657,0,4,17670.549409955747,0.8,1.5322076392575448,Old,Luxury,Large
1599,Chennai,4678.499898023611,1,3,34.99143455412104,264.2487897199431,3,6,5648.152088911502,0.25,1.2824623556227166,Old,Premium,Spacious
1600,Mumbai,3384.8874661197174,2,3,47.9277003974764,163.02778512638926,3,6,4816.3428402917325,0.5,1.77258477868339,Old,Mid-Range,Spacious
1601,Chennai,1902.43812494592,5,1,29.822805315364164,96.39689490666863,3,9,5067.018666344739,2.5,4.730771467406248,Old,Budget,Standard
1602,Delhi,2863.932190028246,1,2,31.815133590952783,418.4688152252453,2,1,14611.687269771497,0.3333333333333333,0.34917027836128245,Old,Luxury,Large
1603,Delhi,797.2488851997202,4,4,42.46343752190906,486.3161871071426,0,6,60999.293462205926,0.8,7.525880702231311,Old,Luxury,Compact
1604,Bangalore,4876.557060423816,2,3,33.49454339292034,187.5945927045689,3,2,3846.865531975652,0.5,0.4101254174243543,Old,Mid-Range,Spacious
1605,Chennai,2120.269558688268,2,3,36.64663110087613,159.65620426502187,0,7,7529.995589985042,0.5,3.301467009850691,Old,Mid-Range,Large
1606,Mumbai,2650.403097109111,1,3,11.70843430983212,308.7166174279718,0,7,11647.911887995453,0.25,2.641107689481328,Old,Luxury,Large
1607,Mumbai,2098.777884066152,2,4,18.563346205753543,392.1579108576444,1,8,18685.06018835502,0.4,3.8117420908309154,Old,Luxury,Large
1608,Hyderabad,3571.3027855229006,4,1,7.365067285594651,238.59334570383888,0,3,6680.848979566561,2.0,0.8400295858870303,Medium,Premium,Spacious
1609,Mumbai,3480.0447124831685,1,2,25.288272116740277,322.4351119332556,3,9,9265.257735817528,0.3333333333333333,2.586173668319938,Old,Luxury,Spacious
1610,Bangalore,3718.95039738111,5,4,22.786370034012315,363.9435526511801,0,2,9786.190020374288,1.0,0.5377861456308755,Old,Luxury,Spacious
1611,Bangalore,1706.6445332536437,1,1,49.85814071397285,481.084298170966,1,8,28188.89867205092,0.5,4.687560792022899,Old,Luxury,Standard
1612,Mumbai,1920.508165238297,1,4,30.560432640777123,99.21791864964004,2,8,5166.23258601606,0.2,4.165564169318364,Old,Budget,Standard
1613,Mumbai,1063.6305399329358,5,4,39.322241159721166,498.7435970361773,2,1,46890.680392425,1.0,0.9401760878951936,Old,Luxury,Standard
1614,Hyderabad,3449.794873307507,4,3,16.700733537882712,208.23519451578983,1,5,6036.161631724595,1.0,1.449361537025599,Old,Premium,Spacious
1615,Mumbai,679.0870730104365,3,1,41.57726656713982,367.1360685087458,3,2,54063.18027542596,1.5,2.9451304250777035,Old,Luxury,Compact
1616,Hyderabad,3189.570509855566,3,3,30.75424832438417,294.75890142703867,3,4,9241.335174007058,0.75,1.254087341113877,Old,Premium,Spacious
1617,Hyderabad,4413.631481832352,5,3,34.84961657992192,253.60093616424325,3,1,5745.856608285723,1.25,0.22657079643288267,Old,Premium,Spacious
1618,Mumbai,4508.744667303351,4,1,14.72153889747272,355.0761769911615,0,3,7875.278002902082,2.0,0.6653736730215595,Old,Luxury,Spacious
1619,Delhi,2520.669921664828,2,3,27.431919584778857,209.96184810732564,2,2,8329.60501106198,0.5,0.7934398640656048,Old,Premium,Large
1620,Delhi,2566.866596958832,5,3,31.701848670680437,80.53279104166707,3,1,3137.3968221441887,1.25,0.3895800433044625,Old,Budget,Large
1621,Hyderabad,846.3613235360781,3,2,29.454733790829053,254.6688238981951,2,5,30089.84659580079,1.0,5.907642351980494,Old,Premium,Compact
1622,Mumbai,3518.4426144936606,4,1,45.75968557122832,270.5196179275129,1,2,7688.618163421244,2.0,0.5684333152859508,Old,Premium,Spacious
1623,Delhi,4195.6673916778045,1,1,44.91363322462768,116.91303363197082,2,3,2786.5181559403472,0.5,0.7150233133233019,Old,Mid-Range,Spacious
1624,Mumbai,1600.9477457212088,4,3,48.54920289384353,469.0972910377554,3,5,29301.224371094784,1.0,3.123150029951513,Old,Luxury,Standard
1625,Mumbai,2395.853967350141,4,3,33.37140030034947,129.1883103902198,2,4,5392.161298257443,1.0,1.6695508384528437,Old,Mid-Range,Large
1626,Mumbai,4274.777015443717,3,1,48.59570650628423,216.4292451603669,1,3,5062.936484837954,1.5,0.7017909914743479,Old,Premium,Spacious
1627,Chennai,4447.042104480296,3,1,41.623900001595445,94.36624968546718,2,3,2122.000364925605,1.5,0.6746057108336273,Old,Budget,Spacious
1628,Mumbai,1594.3099111890167,2,4,13.541607016997965,277.1823901697332,0,1,17385.72834706986,0.4,0.6272306237212139,Old,Premium,Standard
1629,Chennai,2977.567855436139,2,1,21.37178347756485,167.66605188804303,1,9,5630.9733322092225,1.0,3.02260114192485,Old,Mid-Range,Large
1630,Hyderabad,1366.219177861222,5,4,11.91962210945049,254.85080958852032,0,3,18653.728019502854,1.0,2.1958409372472842,Old,Premium,Standard
1631,Delhi,958.4544386280044,1,3,0.2098580415282602,127.81611989993692,0,7,13335.649014563638,0.25,7.303424886862923,Brand New,Mid-Range,Compact
1632,Delhi,4600.042256263809,2,2,9.40243765734543,45.81206141538356,3,4,995.9052300661361,0.6666666666666666,0.8695572295131115,Medium,Budget,Spacious
1633,Delhi,4192.283769044491,3,2,0.2030293143437833,394.0287925194825,3,9,9398.905566196678,1.0,2.146801241474951,Brand New,Luxury,Spacious
1634,Delhi,3920.1570581142814,4,4,35.9919230675245,327.721416300636,1,9,8359.905265078341,0.8,2.2958263831218235,Old,Luxury,Spacious
1635,Delhi,719.4484346591319,5,3,21.276714886059978,183.5548907412862,3,7,25513.27960401399,1.25,9.729675766570452,Old,Mid-Range,Compact
1636,Delhi,4296.779567196159,2,3,15.628736353892911,42.79722784751467,2,5,996.0303333745784,0.5,1.1636622083600914,Old,Budget,Spacious
1637,Delhi,2471.198341574227,4,3,38.0860445547594,435.47603009461807,1,9,17622.059013571805,1.0,3.641957769470957,Old,Luxury,Large
1638,Hyderabad,2040.7780548313683,4,1,41.62433873098225,101.50160236912608,3,4,4973.671788013874,2.0,1.9600367568292596,Old,Mid-Range,Large
1639,Mumbai,2959.143624614194,2,3,48.764976932494,466.7562647750855,3,3,15773.356213351763,0.5,1.0138068240574614,Old,Luxury,Large
1640,Bangalore,911.0895922560012,1,1,32.10067923376206,249.7257817260601,2,9,27409.57462895606,0.5,9.878282088279137,Old,Premium,Compact
1641,Chennai,3904.9094720857943,1,4,23.076447927002587,183.3856207560722,0,8,4696.283539144824,0.2,2.0487030639731647,Old,Mid-Range,Spacious
1642,Bangalore,3120.957845997332,5,2,15.263215080371795,376.04454890766266,2,9,12049.010831400512,1.6666666666666667,2.8837300739395166,Old,Luxury,Spacious
1643,Bangalore,1339.6554359292538,1,4,11.115910460711314,440.88291491608913,0,4,32910.17250344452,0.2,2.9858423985159996,Old,Luxury,Standard
1644,Mumbai,1347.0448989607053,5,3,10.64629752413006,197.94251054994115,3,9,14694.574078611713,1.25,6.681291772043999,Old,Mid-Range,Standard
1645,Mumbai,1329.118932077034,3,3,20.459468735989937,215.52500104168988,0,5,16215.629454986827,0.75,3.761890587312924,Old,Premium,Standard
1646,Mumbai,756.5107439837029,2,4,49.58931776439649,227.91594528665476,0,6,30127.25821796982,0.4,7.93114975261905,Old,Premium,Compact
1647,Delhi,3145.0930221725816,4,1,0.0426848718701633,462.7150695097611,3,0,14712.28565411794,2.0,0.0,Brand New,Luxury,Spacious
1648,Hyderabad,4281.566799148286,5,1,9.86029486155004,352.43071592687966,1,8,8231.349234046453,2.5,1.8684748773723223,Medium,Luxury,Spacious
1649,Delhi,578.7419629432487,1,1,9.419649120178692,138.87013618191466,2,7,23995.173164164047,0.5,12.09520036252567,Medium,Mid-Range,Compact
1650,Hyderabad,720.5209023707309,5,2,35.85597427661462,108.79985480095011,3,4,15100.166343955576,1.6666666666666667,5.551539152908394,Old,Mid-Range,Compact
1651,Hyderabad,3077.466245091256,5,2,17.624236379903092,130.5764784439117,2,2,4242.986536479126,1.6666666666666667,0.6498852759766643,Old,Mid-Range,Spacious
1652,Bangalore,4187.730584237235,1,3,22.863040229591032,146.51066680904836,2,4,3498.569544099127,0.25,0.9551712841929565,Old,Mid-Range,Spacious
1653,Bangalore,1970.3250075588512,1,4,7.431206523495248,130.48807584032073,0,4,6622.667597463523,0.2,2.0301219264104198,Medium,Mid-Range,Standard
1654,Hyderabad,2073.2647946347497,2,4,20.249851943847386,336.08309465235016,3,8,16210.331430991113,0.4,3.858648456628702,Old,Luxury,Large
1655,Hyderabad,3183.559238735492,4,3,5.159990595291802,75.64808511560304,1,6,2376.2110092115145,1.0,1.884683007307003,Medium,Budget,Spacious
1656,Delhi,1733.9580010586617,2,1,26.65216439442916,205.9320750598212,2,1,11876.41655300129,1.0,0.5767152372718679,Old,Premium,Standard
1657,Delhi,619.7376473495785,2,2,4.896918269142797,320.0257150257759,2,4,51638.901782782516,0.6666666666666666,6.4543440552736016,Recent,Luxury,Compact
1658,Bangalore,3808.5283314571834,1,4,39.52541905865781,159.6127874926068,1,8,4190.930816353866,0.2,2.1005489007191174,Old,Mid-Range,Spacious
1659,Mumbai,3315.424608236539,1,3,28.330085877024477,51.33170465679585,2,1,1548.2693990167063,0.25,0.3016204915399648,Old,Budget,Spacious
1660,Hyderabad,3113.401995750466,4,1,36.19839368867584,59.27548296606478,3,7,1903.8814469500203,2.0,2.2483444185988244,Old,Budget,Spacious
1661,Delhi,3837.578580463204,5,1,20.925819332634195,80.46405262624944,1,2,2096.740195390012,2.5,0.5211619666061915,Old,Budget,Spacious
1662,Bangalore,3538.5387690291686,2,2,19.074564662111364,421.2046519367145,3,3,11903.349925773908,0.6666666666666666,0.8478075826828028,Old,Luxury,Spacious
1663,Delhi,1426.468946802445,4,2,4.91044445244318,335.77448269038547,1,1,23538.85680042691,1.3333333333333333,0.7010317345088987,Recent,Luxury,Standard
1664,Hyderabad,2086.16471124508,2,3,26.19278035214113,50.970757326869496,2,8,2443.2757898799255,0.5,3.8347882872706545,Old,Budget,Large
1665,Hyderabad,1067.4956375538125,5,3,25.7251082428546,207.71306199268156,1,5,19457.977595923498,1.25,4.683859890479365,Old,Premium,Standard
1666,Chennai,1084.3565603804643,2,1,23.405102222480267,153.7208829665915,3,8,14176.230271771123,1.0,7.377647069514726,Old,Mid-Range,Standard
1667,Mumbai,3542.8808586044265,3,1,37.025918234122464,297.4592535818241,1,7,8395.971116539213,1.5,1.9757932257302504,Old,Premium,Spacious
1668,Chennai,4363.700481421241,4,4,41.62522000161773,270.9468558427104,2,8,6209.107545219603,0.8,1.833306395354254,Old,Premium,Spacious
1669,Bangalore,4832.296627375125,1,1,37.53948374742541,250.9395312174632,0,4,5192.966213950572,0.5,0.8277637546792685,Old,Premium,Spacious
1670,Delhi,3327.5620289725,2,3,7.193287140342192,170.9659377788543,2,5,5137.873803411741,0.5,1.5026015913350002,Medium,Mid-Range,Spacious
1671,Bangalore,1328.4559551243065,4,2,31.1029754641054,86.14389058111556,2,6,6484.512358037108,1.3333333333333333,4.516521587980361,Old,Budget,Standard
1672,Hyderabad,975.426554520188,4,3,4.016155284476669,376.3406637788662,0,4,38582.1630582928,1.0,4.100770049229999,Recent,Luxury,Compact
1673,Chennai,4157.82937191541,2,4,34.731114372023825,442.3312490444741,1,0,10638.513740661343,0.4,0.0,Old,Luxury,Spacious
1674,Chennai,3104.404143619997,1,4,19.09195482805633,473.1924364317523,2,8,15242.617086574624,0.2,2.576984061962798,Old,Luxury,Spacious
1675,Chennai,3282.282594561739,1,2,6.62494781331433,48.13710589451862,0,1,1466.5740839705495,0.3333333333333333,0.30466602773839563,Medium,Budget,Spacious
1676,Bangalore,4016.579399396192,2,3,43.1025428488064,375.1561815626638,3,6,9340.19085043011,0.5,1.49380838852631,Old,Luxury,Spacious
1677,Hyderabad,3664.747524796032,4,4,30.700416951946867,368.721660515342,0,7,10061.311400595432,0.8,1.9100906549870984,Old,Luxury,Spacious
1678,Delhi,4255.062137852435,1,3,17.736248397376375,474.61261478988285,2,7,11154.070126680306,0.25,1.6450993600608046,Old,Luxury,Spacious
1679,Delhi,752.9625745694532,2,4,1.5363589825249768,141.3990053589274,3,0,18779.021711640835,0.4,0.0,Brand New,Mid-Range,Compact
1680,Bangalore,3863.842865359272,2,2,26.865512950180527,376.2459383816751,2,9,9737.609718936917,0.6666666666666666,2.3292872701134426,Old,Luxury,Spacious
1681,Chennai,4328.83740794943,2,4,46.16129392431163,46.22061860791259,0,6,1067.7374604791937,0.4,1.386053444507217,Old,Budget,Spacious
1682,Mumbai,1787.6076910624145,4,3,29.818991635118287,322.9979459655772,3,8,18068.726576892965,1.0,4.475254855972019,Old,Luxury,Standard
1683,Bangalore,3382.012732969638,1,3,48.582530230974655,188.4069555450463,2,2,5570.852933472315,0.25,0.5913638291491184,Old,Mid-Range,Spacious
1684,Bangalore,1913.7292872663745,4,4,6.822555913522926,389.0765309827881,0,7,20330.802980945966,0.8,3.657779627754456,Medium,Luxury,Standard
1685,Hyderabad,4810.869799171043,3,1,28.41525522974184,434.38605748898885,3,7,9029.262391674734,1.5,1.4550383386401693,Old,Luxury,Spacious
1686,Delhi,650.4060759597669,1,2,39.90625240032147,195.1141002644078,2,8,29998.812661226933,0.3333333333333333,12.300008096011188,Old,Mid-Range,Compact
1687,Bangalore,3109.0677972482977,4,2,26.27703655628581,272.2813244956643,0,7,8757.651561559667,1.3333333333333333,2.2514787249719674,Old,Premium,Spacious
1688,Bangalore,1249.2659617228178,1,4,4.553317799373629,76.35394993452795,2,4,6111.905092589808,0.2,3.2018802421253385,Recent,Budget,Standard
1689,Chennai,3704.990923297214,3,4,29.144300077360885,220.1153433072688,2,4,5941.049461772492,0.6,1.079624777174959,Old,Premium,Spacious
1690,Chennai,1291.5062753839793,5,1,30.586895292123582,193.18418876440123,2,2,14958.052658858773,2.5,1.5485793899107285,Old,Mid-Range,Standard
1691,Mumbai,1559.2246785426091,2,2,36.43546242376763,107.8992606965685,1,5,6920.058550985789,0.6666666666666666,3.2067219489326244,Old,Mid-Range,Standard
1692,Hyderabad,2724.668649705912,4,1,38.06057575827369,449.3497398880524,2,9,16491.90406828196,2.0,3.3031539453325522,Old,Luxury,Large
1693,Mumbai,4616.757274985951,3,2,38.53863441053036,91.08216225927691,3,2,1972.8601014562562,1.0,0.43320449416654383,Old,Budget,Spacious
1694,Chennai,1452.7146746658686,3,4,33.1722196819483,325.1548916144898,0,1,22382.570871274293,0.6,0.688366420081772,Old,Luxury,Standard
1695,Delhi,1149.0800950314658,1,2,10.790559320932909,447.2684688703461,0,6,38924.0463571078,0.3333333333333333,5.221568127359911,Old,Luxury,Standard
1696,Chennai,3915.395743343138,1,2,20.21178779197397,457.7449183343483,1,9,11690.897889762362,0.3333333333333333,2.2986182214918083,Old,Luxury,Spacious
1697,Hyderabad,2752.787895502689,2,2,38.80649863071993,400.7550559234728,1,2,14558.152358131121,0.6666666666666666,0.7265361792920766,Old,Luxury,Large
1698,Chennai,4603.033005717972,1,1,47.67134917004066,104.54774425960478,1,3,2271.279483108934,0.5,0.6517441861210521,Old,Mid-Range,Spacious
1699,Hyderabad,1159.7655072192902,4,1,3.9473482418311,412.3670764226575,2,9,35556.07352139388,2.0,7.760189403786319,Recent,Luxury,Standard
1700,Hyderabad,3406.675518603677,4,2,26.77683388985974,152.7511099594998,2,7,4483.8761169161535,1.3333333333333333,2.0547891813509582,Old,Mid-Range,Spacious
1701,Hyderabad,1547.9561576831677,4,3,15.626113566215322,462.7510531676043,3,0,29894.325551196856,1.0,0.0,Old,Luxury,Standard
1702,Hyderabad,1205.4219289323769,5,1,11.269694715841489,360.3616070834478,0,8,29895.05984868007,2.5,6.636680325772299,Old,Luxury,Standard
1703,Hyderabad,3575.432368207717,4,4,25.29053417598575,396.9284292842655,0,5,11101.550481382386,0.8,1.3984322691877364,Old,Luxury,Spacious
1704,Delhi,3171.5807895892995,1,4,30.30446702782684,60.81557768092986,2,1,1917.5162707680895,0.2,0.3153001819416033,Old,Budget,Spacious
1705,Mumbai,3896.7235626304905,1,2,0.4886115709740624,299.7272544529013,0,2,7691.776171327121,0.3333333333333333,0.5132517018091722,Brand New,Premium,Spacious
1706,Bangalore,1892.5815940078205,4,4,39.010328610059545,414.1482209113662,2,4,21882.714183769815,0.8,2.113515217872013,Old,Luxury,Standard
1707,Mumbai,2515.872453719855,3,1,40.994106562972384,433.5633693307997,1,5,17233.122000670286,1.5,1.9873821475358289,Old,Luxury,Large
1708,Hyderabad,2324.622543486883,3,3,48.27554122839665,33.74321827214793,2,8,1451.5568717463198,0.75,3.441418918703324,Old,Budget,Large
1709,Delhi,4928.402587849314,3,3,9.032186661234748,470.7964316264572,3,1,9552.71861895329,0.75,0.20290550176753844,Medium,Luxury,Spacious
1710,Chennai,1815.1203053272452,2,3,29.7276281180474,40.80259198519027,2,4,2247.927691924202,0.5,2.203710678713853,Old,Budget,Standard
1711,Delhi,1826.677572560451,5,4,21.331268673819725,314.9689662439279,2,6,17242.723673583863,1.0,3.2846519222271997,Old,Luxury,Standard
1712,Hyderabad,2095.466939728733,4,2,16.741392577767535,352.8260132553498,0,6,16837.584338172597,1.3333333333333333,2.8633236278959027,Old,Luxury,Large
1713,Delhi,3040.673365806447,2,4,28.281672571875237,71.52573976059671,2,3,2352.29934806321,0.4,0.9866235662587655,Old,Budget,Spacious
1714,Delhi,1635.4523491868536,3,2,39.11915466117751,43.04569549241249,3,2,2632.036054967594,1.0,1.222903254255252,Old,Budget,Standard
1715,Hyderabad,4618.804731706733,4,3,1.1526391722605056,396.75783413635,2,7,8590.054292893667,1.0,1.5155436106547355,Brand New,Luxury,Spacious
1716,Delhi,1695.5850418981856,2,1,48.47000562830934,204.6418999027683,2,1,12069.102689988013,1.0,0.5897669390150511,Old,Premium,Standard
1717,Bangalore,4531.170792020876,1,4,40.49407928528554,71.41400735125936,1,4,1576.0608158274501,0.2,0.8827740519169489,Old,Budget,Spacious
1718,Bangalore,965.637786409631,3,1,37.55768518227893,386.08055186606816,2,9,39981.92254898876,1.5,9.32026493439449,Old,Luxury,Compact
1719,Delhi,3454.532160798436,2,3,38.01936910902518,427.59827366893785,2,4,12377.892396581663,0.5,1.1578991926581144,Old,Luxury,Spacious
1720,Chennai,4581.434832972096,1,2,19.45303548093263,301.9453715642276,2,0,6590.628974817215,0.3333333333333333,0.0,Old,Luxury,Spacious
1721,Hyderabad,1259.372472792033,3,1,37.58102754224068,97.39366804862988,3,6,7733.507770954195,1.5,4.764277550626448,Old,Budget,Standard
1722,Bangalore,4857.471320446648,5,4,19.33851043014788,27.306786315915588,0,3,562.1605258063513,1.0,0.6176052933904194,Old,Budget,Spacious
1723,Chennai,2537.975121869803,3,1,44.93534147873965,356.3851910249331,1,9,14042.107345889717,1.5,3.546134050900163,Old,Luxury,Large
1724,Delhi,4755.71798798461,5,1,8.861119165323483,284.06704391615204,1,1,5973.168397155835,2.5,0.21027319166664518,Medium,Premium,Spacious
1725,Chennai,3545.690196335212,5,4,14.617371210757574,332.38262802563816,2,7,9374.271569726689,1.0,1.9742277560614645,Old,Luxury,Spacious
1726,Mumbai,1857.1409144309816,5,2,27.56687713495381,410.328641695806,2,3,22094.642280902448,1.6666666666666667,1.6153863052008548,Old,Luxury,Standard
1727,Bangalore,1347.3613621269787,4,4,15.960551794363626,228.4293329566266,0,0,16953.82837726787,0.8,0.0,Old,Premium,Standard
1728,Delhi,1866.8077080129472,4,3,21.21186226476367,79.7674250401378,2,7,4272.932059244774,1.0,3.7497166794168026,Old,Budget,Standard
1729,Hyderabad,918.5783416820376,5,2,24.621134469929736,471.1919769875967,3,6,51295.78562943062,1.6666666666666667,6.531832645883215,Old,Luxury,Compact
1730,Delhi,1147.405848544984,1,1,42.81766744067544,281.7258210784915,0,2,24553.284388060747,0.5,1.743062406851232,Old,Premium,Standard
1731,Hyderabad,970.9719815591652,5,4,26.15961268043464,315.3411771624993,2,2,32476.856505800657,1.0,2.0597916705984085,Old,Luxury,Compact
1732,Delhi,2403.24594683701,2,3,18.122992430728026,468.0374861848405,0,6,19475.22211785439,0.5,2.496623372192428,Old,Luxury,Large
1733,Chennai,4080.102693159139,5,4,12.38680820175579,467.1601550289262,1,1,11449.715611623827,1.0,0.24509187027979454,Old,Luxury,Spacious
1734,Chennai,1136.2259939735309,4,2,20.433798939609854,294.6054112295233,2,4,25928.41677554389,1.3333333333333333,3.5204264127169607,Old,Premium,Standard
1735,Chennai,1086.4419492755114,4,3,25.78680522071849,162.8534838662845,0,6,14989.616700172759,1.0,5.522614442493748,Old,Mid-Range,Standard
1736,Mumbai,3395.4302728279886,2,1,37.30574286016181,498.6145443261148,0,5,14684.87067209978,1.0,1.472567420987148,Old,Luxury,Spacious
1737,Hyderabad,1387.3234188562983,2,2,6.052438808616934,346.7922031776973,2,9,24997.213949115834,0.6666666666666666,6.487312098731491,Medium,Luxury,Standard
1738,Chennai,939.2451714904622,3,3,11.080459411957545,216.04960490818715,0,6,23002.471715169322,0.75,6.388108432305025,Old,Premium,Compact
1739,Mumbai,1250.8186019250993,1,2,18.98270079343366,288.72166536972304,2,1,23082.616849906113,0.3333333333333333,0.7994764376392616,Old,Premium,Standard
1740,Hyderabad,4656.791281445492,1,1,18.01992025597573,219.60034412865423,2,6,4715.700808915987,0.5,1.2884408248886707,Old,Premium,Spacious
1741,Delhi,4196.620637492859,1,3,19.587404380260587,446.3864731023908,3,1,10636.80784282352,0.25,0.23828696619988485,Old,Luxury,Spacious
1742,Mumbai,2093.2905305979234,4,4,39.67606323201623,251.5996999355581,3,6,12019.339707407536,0.8,2.8663006459433857,Old,Premium,Large
1743,Bangalore,3451.1934529732675,1,4,16.207720148108656,415.2936204709986,0,7,12033.333573729846,0.2,2.0282838662577345,Old,Luxury,Spacious
1744,Mumbai,2917.7405315061715,3,1,25.094909020133237,423.2846229550419,0,9,14507.274323551226,1.5,3.0845785986850913,Old,Luxury,Large
1745,Mumbai,3547.0591856715378,3,3,31.195351642894824,415.6795221129192,0,7,11718.990305886924,0.75,1.97346580183289,Old,Luxury,Spacious
1746,Hyderabad,3572.020186082417,1,1,11.608927509180257,366.6505339883237,1,4,10264.514613240317,0.5,1.1198145003729574,Old,Luxury,Spacious
1747,Delhi,3329.303067769968,2,1,35.93476935737694,430.34130406763927,2,6,12925.867525658763,1.0,1.8021789779621706,Old,Luxury,Spacious
1748,Bangalore,1697.456158417889,3,2,27.355565986914048,205.8701982190252,2,7,12128.159964432081,1.0,4.123817846656103,Old,Premium,Standard
1749,Chennai,675.5288934326816,2,4,22.339058151568903,75.03833894814096,1,3,11108.087259870663,0.4,4.4409647450541785,Old,Budget,Compact
1750,Chennai,2550.0505189554897,4,1,40.48920133691569,424.3780180988069,1,1,16641.9455200689,2.0,0.39214909374015217,Old,Luxury,Large
1751,Mumbai,4509.382481108167,3,2,12.1747629592591,259.1208395299257,0,6,5746.25995056972,1.0,1.3305591231475045,Old,Premium,Spacious
1752,Hyderabad,3062.737663333592,2,1,44.15879853071616,81.14049561336849,2,0,2649.2799753881727,1.0,0.0,Old,Budget,Spacious
1753,Hyderabad,4245.759687658586,1,1,28.052436768335188,75.3500106473638,3,1,1774.7120937246725,0.5,0.23552910988032655,Old,Budget,Spacious
1754,Chennai,4962.309543325527,4,1,30.45874396898291,96.4363491247485,3,9,1943.37633077442,2.0,1.8136716223407108,Old,Budget,Spacious
1755,Bangalore,1236.2729186222432,5,4,43.75294820844714,380.4671646402108,1,6,30775.33762239329,1.0,4.853297285430036,Old,Luxury,Standard
1756,Delhi,3612.999376138921,5,3,40.8791343924668,361.2112032638149,1,9,9997.54402531417,1.25,2.491005135355979,Old,Luxury,Spacious
1757,Bangalore,3534.321081650111,1,4,30.078103441095017,117.83296648874396,2,0,3333.963263850659,0.2,0.0,Old,Mid-Range,Spacious
1758,Delhi,4909.799513112253,4,2,37.65938519240871,426.5232406927017,2,6,8687.182430842977,1.3333333333333333,1.2220458256953723,Old,Luxury,Spacious
1759,Chennai,4935.203302787601,4,3,21.66597451164484,155.02150185355754,3,4,3141.1370989720963,1.0,0.8105035911571543,Old,Mid-Range,Spacious
1760,Delhi,3590.0537527585825,4,2,27.368887674987317,400.6330799911748,2,2,11159.528730825548,1.3333333333333333,0.5570947227358946,Old,Luxury,Spacious
1761,Hyderabad,1596.2665639198742,4,1,3.1035068354255566,254.6268357127721,0,1,15951.39818549462,2.0,0.6264617843929203,Recent,Premium,Standard
1762,Mumbai,4093.501271587696,5,3,4.492895900002342,371.1433676185117,1,6,9066.648401810826,1.25,1.4657379103910364,Recent,Luxury,Spacious
1763,Mumbai,981.6311039496716,2,2,41.4712702093166,203.0660782753116,3,8,20686.597792007502,0.6666666666666666,8.149701010706933,Old,Premium,Compact
1764,Chennai,4013.146868772329,4,1,2.983582784124833,186.6274866054925,3,8,4650.402606934346,2.0,1.9934480998566837,Recent,Mid-Range,Spacious
1765,Hyderabad,4595.882558651134,2,2,8.469956281630363,423.8526075004795,0,9,9222.442090097227,0.6666666666666666,1.9582745827694628,Medium,Luxury,Spacious
1766,Bangalore,2222.7502764579585,4,2,39.79163294752208,36.94508216675344,2,9,1662.133733962544,1.3333333333333333,4.049037849785743,Old,Budget,Large
1767,Hyderabad,3337.8588274238623,3,4,0.0572975314128143,487.8737346836035,2,7,14616.368154196061,0.6,2.097152804213279,Brand New,Luxury,Spacious
1768,Mumbai,2435.642294435718,3,1,14.120216442293216,331.1261879673792,1,1,13595.02537477875,1.5,0.4105693197578821,Old,Luxury,Large
1769,Mumbai,2469.9427474465783,3,4,29.20193289133109,227.5920263357322,0,0,9214.465662048904,0.6,0.0,Old,Premium,Large
1770,Hyderabad,1896.66900098654,4,3,29.772496573464828,321.4661749522041,3,7,16948.9866067825,1.0,3.6906808707049024,Old,Luxury,Standard
1771,Hyderabad,3929.5832920264606,2,1,38.85764541147368,78.91565430031176,0,1,2008.2448553881006,1.0,0.25447990936573495,Old,Budget,Spacious
1772,Mumbai,4712.794538749274,5,4,25.296312724608523,266.7451785409029,3,3,5660.021381108081,1.0,0.6365649882110432,Old,Premium,Spacious
1773,Bangalore,4733.378866555075,1,4,25.47009347654852,492.8458512031029,0,3,10412.136131452187,0.2,0.6337967199704388,Old,Luxury,Spacious
1774,Chennai,1286.515781937202,5,3,36.26552877703502,132.92933016641928,2,1,10332.506762276771,1.25,0.7772932241019429,Old,Mid-Range,Standard
1775,Chennai,4436.346423454547,4,2,24.931223163314176,366.6934875374477,3,3,8265.663961650373,1.3333333333333333,0.6762321319496786,Old,Luxury,Spacious
1776,Hyderabad,3818.44148642205,3,2,30.424554328180843,228.7862603992163,1,6,5991.613625945418,1.0,1.571321708434011,Old,Premium,Spacious
1777,Chennai,1637.7683031063016,3,2,44.88870341275255,333.1799112742177,0,5,20343.531538758336,1.0,3.0529348934868645,Old,Luxury,Standard
1778,Mumbai,802.7807581468155,2,3,20.0725503806186,118.3458697720522,2,9,14741.991330889457,0.5,11.21103104261755,Old,Mid-Range,Compact
1779,Mumbai,1705.9877009797008,4,4,19.256253545961112,245.82319165644915,3,5,14409.43516270837,0.8,2.9308534857130804,Old,Premium,Standard
1780,Hyderabad,4604.937065516865,5,1,0.1774495932385655,490.44450265245206,2,3,10650.406198274586,2.5,0.6514747014600677,Brand New,Luxury,Spacious
1781,Hyderabad,3349.3040370309755,4,3,30.6713130760616,113.7378324876846,0,1,3395.8646700975123,1.0,0.2985694905400288,Old,Mid-Range,Spacious
1782,Hyderabad,3744.7459740404233,4,2,1.488595370356599,325.49361336740344,1,4,8692.00783240871,1.3333333333333333,1.0681632419739726,Brand New,Luxury,Spacious
1783,Bangalore,1657.1855799909313,3,2,25.20742448641581,296.2869194080617,1,2,17878.922130717736,1.0,1.2068654374912824,Old,Premium,Standard
1784,Chennai,3737.2467000866914,5,1,40.211689451611335,291.2247614193936,0,2,7792.494977991101,2.5,0.5351533255628019,Old,Premium,Spacious
1785,Hyderabad,626.5467782506569,1,3,27.496053525983157,315.2591790327762,3,3,50316.94200279701,0.25,4.788150069777898,Old,Luxury,Compact
1786,Delhi,2188.946055978562,3,2,13.4818082608338,261.0742273703495,2,4,11926.937470993867,1.0,1.827363442363047,Old,Premium,Large
1787,Delhi,3320.3900684404907,5,3,39.30842107246856,28.12676012367584,2,1,847.0920447273328,1.25,0.3011694347314069,Old,Budget,Spacious
1788,Mumbai,1157.434544935941,2,4,13.485850204126942,452.0464695022965,3,5,39055.89922817754,0.4,4.319898712092379,Old,Luxury,Standard
1789,Chennai,4203.516085011206,3,3,36.65158904729493,416.9498371923348,0,5,9919.073193964554,0.75,1.1894804013784739,Old,Luxury,Spacious
1790,Hyderabad,1557.6408446536338,2,4,30.51292275951156,103.60048684213824,2,7,6651.115191138651,0.4,4.493975632461385,Old,Mid-Range,Standard
1791,Delhi,3435.265007683008,3,1,8.499814837400061,218.37112514185716,2,1,6356.747577070989,1.5,0.29109835711756993,Medium,Premium,Spacious
1792,Chennai,2323.3871415889835,4,4,45.256693742209286,389.8635107329126,0,7,16779.96334550951,0.8,3.012842704816143,Old,Luxury,Large
1793,Mumbai,3182.1961796494124,5,4,10.032184147859786,490.4299113858965,2,7,15411.680603548708,1.0,2.1997386725450725,Old,Luxury,Spacious
1794,Bangalore,983.5274868300866,2,1,49.47935370703349,476.5457822920575,3,3,48452.71623551332,1.0,3.0502452042992854,Old,Luxury,Compact
1795,Chennai,576.107599647233,3,2,0.3655244327470386,451.6924158445636,3,6,78404.17590761652,1.0,10.414721145275589,Brand New,Luxury,Compact
1796,Chennai,4593.039923211356,2,1,13.174168857145151,96.01947070358705,0,6,2090.542915125638,1.0,1.306324373467437,Old,Budget,Spacious
1797,Bangalore,1713.3350394523225,3,3,9.993014863709943,458.9480508843223,0,0,26786.824544896233,0.75,0.0,Medium,Luxury,Standard
1798,Chennai,4188.546512512066,3,1,0.6996705085231314,441.6535582165181,3,0,10544.31547786819,1.5,0.0,Brand New,Luxury,Spacious
1799,Mumbai,4997.076352124901,1,3,36.61839500736578,200.935957359867,0,7,4021.0703859752557,0.25,1.4008191003572317,Old,Premium,Spacious
1800,Mumbai,1451.4406609951002,1,2,34.67129010497981,209.37084537740577,3,0,14425.036517432425,0.3333333333333333,0.0,Old,Premium,Standard
1801,Bangalore,1693.2683353251002,1,3,39.61754821774653,240.7562825384772,3,2,14218.436470806206,0.25,1.1811477001464206,Old,Premium,Standard
1802,Hyderabad,3482.869044355996,2,1,12.834927323228262,334.96430286388016,3,5,9617.48198390322,1.0,1.4355980475644128,Old,Luxury,Spacious
1803,Delhi,4844.518855702796,4,1,22.216758354148496,145.20109567184755,2,7,2997.2242857703395,2.0,1.4449319341093796,Old,Mid-Range,Spacious
1804,Hyderabad,4621.164566858348,3,2,32.95567608107737,31.01524613117345,0,4,671.156494914849,1.0,0.8655826777273504,Old,Budget,Spacious
1805,Chennai,2762.939840295132,5,1,21.988425194407174,87.79017180667628,2,4,3177.4188683492544,2.5,1.4477332954063624,Old,Budget,Large
1806,Delhi,4077.996271370261,1,2,34.86628851589579,231.25563563685137,0,3,5670.815279072003,0.3333333333333333,0.7356554053424771,Old,Premium,Spacious
1807,Bangalore,1110.8563389495548,2,2,31.698670422022108,155.3612333245769,1,3,13985.717853623557,0.6666666666666666,2.700619238340803,Old,Mid-Range,Standard
1808,Bangalore,4898.471828918056,2,1,5.732390151108824,386.9679492973433,2,6,7899.7688016267375,1.0,1.2248717987065043,Medium,Luxury,Spacious
1809,Delhi,4839.589553161939,2,4,39.0521560538484,71.21123386365026,2,5,1471.431266668565,0.4,1.033145465142443,Old,Budget,Spacious
1810,Mumbai,1236.7803104562695,5,3,36.03381795462591,460.38330826630585,2,7,37224.34003630463,1.25,5.659857244507377,Old,Luxury,Standard
1811,Delhi,1847.40406161398,5,4,32.79171938087026,449.7570463730773,1,5,24345.35333759893,1.0,2.7065004910900554,Old,Luxury,Standard
1812,Chennai,950.6974887804512,1,2,7.754680313550116,456.2032721279783,0,9,47986.16568485871,0.3333333333333333,9.466733746762227,Medium,Luxury,Compact
1813,Mumbai,1722.729195041809,5,3,13.399822439768185,375.0127993295968,1,6,21768.528704855184,1.25,3.482845717869422,Old,Luxury,Standard
1814,Bangalore,4171.80105236843,1,4,19.65885157938002,71.35998631212766,0,9,1710.531864208024,0.2,2.1573416102597913,Old,Budget,Spacious
1815,Delhi,2202.420232243668,5,1,13.996481082822172,230.30603425739204,0,9,10456.952351131133,2.5,4.086413604560581,Old,Premium,Large
1816,Hyderabad,897.7863521604127,5,4,11.390514533806574,83.0745784666226,0,4,9253.26813742644,1.0,4.455402992454153,Old,Budget,Compact
1817,Hyderabad,2040.0148615050705,5,3,40.26788350808879,494.09561252531967,0,5,24220.196717625313,1.25,2.4509625367685453,Old,Luxury,Large
1818,Chennai,4916.225004085761,1,3,31.91161231801012,179.85844323136317,0,0,3658.4664672973063,0.25,0.0,Old,Mid-Range,Spacious
1819,Hyderabad,3333.576178666413,3,3,28.27360657751252,300.9586601072298,1,2,9028.102073480359,0.75,0.5999562910244018,Old,Luxury,Spacious
1820,Delhi,2372.72425882771,1,3,11.297635542662691,394.1086660372264,2,7,16609.964877753784,0.25,2.950195318295639,Old,Luxury,Large
1821,Delhi,1249.423310737715,3,4,45.90382811343206,461.8957204283098,1,2,36968.713202220155,0.6,1.6007385029651091,Old,Luxury,Standard
1822,Hyderabad,4937.795587776626,2,1,9.559151954865811,382.6629084038528,2,0,7749.670912889226,1.0,0.0,Medium,Luxury,Spacious
1823,Delhi,4193.820541684079,2,1,39.74754664123385,343.76181380779406,2,2,8196.865135048252,1.0,0.4768921273862796,Old,Luxury,Spacious
1824,Chennai,1766.6478610291374,1,3,48.33363333526465,243.67125537831265,3,3,13792.859389440813,0.25,1.698131283646074,Old,Premium,Standard
1825,Mumbai,815.3091307453526,3,1,36.35463646121181,310.5920642002515,2,7,38095.0062360162,1.5,8.585700485901128,Old,Luxury,Compact
1826,Chennai,754.8150081990111,3,4,49.64293875923149,65.19862824935831,1,8,8637.696328392074,0.6,10.598623388647242,Old,Budget,Compact
1827,Chennai,1041.7016727749024,3,1,32.552555848897335,444.282820141406,3,3,42649.71745297461,1.5,2.8799032183643805,Old,Luxury,Standard
1828,Delhi,3113.458626264897,2,2,10.873017180194749,281.013108243145,0,6,9025.753734851014,0.6666666666666666,1.9271173059389524,Old,Premium,Spacious
1829,Mumbai,4679.435395424715,1,1,10.190974685825566,39.264824208772495,0,0,839.0932001575104,0.5,0.0,Old,Budget,Spacious
1830,Delhi,2735.34542602693,4,3,16.228214212773818,461.5530203167508,2,8,16873.66487336677,1.0,2.9246763220029375,Old,Luxury,Large
1831,Bangalore,4293.254671052888,3,1,0.3565010110503031,254.86494744169696,0,3,5936.4041262242035,1.5,0.6987705668213419,Brand New,Premium,Spacious
1832,Delhi,2506.489789369135,3,1,34.08492350414173,436.92278794928086,0,8,17431.660396240877,1.5,3.1917145778653024,Old,Luxury,Large
1833,Delhi,3688.6259559552136,4,1,13.43338923139138,431.3062180185713,3,2,11692.869463281739,2.0,0.5422073216101079,Old,Luxury,Spacious
1834,Delhi,3793.4273177892537,1,1,40.75916161463764,411.56076197941513,1,4,10849.311915095974,0.5,1.0544554211549078,Old,Luxury,Spacious
1835,Mumbai,1282.836676565024,3,2,17.958632527965012,49.47344926177092,0,0,3856.5664800170084,1.0,0.0,Old,Budget,Standard
1836,Delhi,2125.472265391153,1,4,23.997824673165635,138.5919898036203,0,2,6520.526852328278,0.2,0.9409673476176542,Old,Mid-Range,Large
1837,Mumbai,3367.8597044211074,3,3,48.28444582801846,440.2629787834068,1,4,13072.485715644812,0.75,1.187697930156966,Old,Luxury,Spacious
1838,Hyderabad,818.1347368296479,5,3,12.108606152363857,451.51570690500506,3,5,55188.42882220997,1.25,6.1114627883611075,Old,Luxury,Compact
1839,Bangalore,2126.930844933305,3,1,36.06270487148698,239.8730539370269,3,7,11277.896247000392,1.5,3.291127220555919,Old,Premium,Large
1840,Mumbai,2906.5975982653663,5,4,37.75588946527086,231.21990447401708,0,0,7955.002254595106,1.0,0.0,Old,Premium,Large
1841,Hyderabad,4983.010218700874,1,1,11.049907876181758,104.06750426535189,2,2,2088.4465352849193,0.5,0.40136381669340065,Old,Mid-Range,Spacious
1842,Mumbai,2635.401031800983,3,2,25.049841830609783,484.8371785717526,1,0,18397.09299348737,1.0,0.0,Old,Luxury,Large
1843,Mumbai,4172.255407014456,2,4,17.510096265648418,122.30646817234071,3,4,2931.423324821326,0.4,0.9587140790266919,Old,Mid-Range,Spacious
1844,Bangalore,2444.30278279978,2,4,38.59531217000446,111.64965648836748,0,7,4567.750659780395,0.4,2.863802328115007,Old,Mid-Range,Large
1845,Chennai,4083.75825178869,4,4,31.12416595145187,337.1499056716037,3,3,8255.873263896845,0.8,0.7346174320397142,Old,Luxury,Spacious
1846,Chennai,3179.366607290488,2,4,23.799152743027356,136.5652654402149,0,8,4295.360752895313,0.4,2.5162244522715613,Old,Mid-Range,Spacious
1847,Mumbai,4489.679486760792,5,1,38.96816325238592,470.6103732869071,1,5,10482.048321592827,2.5,1.1136652437538237,Old,Luxury,Spacious
1848,Delhi,2349.2414855754946,2,2,11.757778500420851,25.235357752541518,2,5,1074.1917298621006,0.6666666666666666,2.128346545342548,Old,Budget,Large
1849,Hyderabad,3219.369889196655,2,4,37.68109402921795,22.76156591518463,1,4,707.0192832319879,0.4,1.2424791613486015,Old,Budget,Spacious
1850,Delhi,3335.0840627847238,2,3,43.268715604641216,262.34086468908777,3,9,7866.09451966973,0.5,2.6985826535614197,Old,Premium,Spacious
1851,Delhi,2378.22323810213,3,3,43.93107984037862,254.26998075846652,3,4,10691.594324903625,0.75,1.6819278930232304,Old,Premium,Large
1852,Mumbai,1149.4041965936667,4,2,39.18367965098019,98.41473051243705,3,6,8562.238662786809,1.3333333333333333,5.220095783347047,Old,Budget,Standard
1853,Mumbai,921.01733110551,1,3,20.40070834991344,257.36939022573654,2,7,27944.03335676783,0.25,7.600291290499172,Old,Premium,Compact
1854,Mumbai,575.0219776983489,4,1,49.09040113589135,217.5973304815935,1,6,37841.567613219646,2.0,10.434383784801254,Old,Premium,Compact
1855,Mumbai,4430.904189103466,5,1,18.979682191121995,447.358172164337,0,0,10096.317886188688,2.5,0.0,Old,Luxury,Spacious
1856,Chennai,1564.1371050741254,3,2,31.931269955121284,24.441881704142467,1,0,1562.6431739808481,1.0,0.0,Old,Budget,Standard
1857,Mumbai,1451.7803717679562,3,4,8.053708903473433,488.60950641581707,1,9,33655.883211921086,0.6,6.199284805758833,Medium,Luxury,Standard
1858,Chennai,3812.159301917295,2,3,49.02244493181964,319.7085268620044,2,5,8386.546876496204,0.5,1.311592618253201,Old,Luxury,Spacious
1859,Chennai,1940.072508893263,2,3,35.199296093233166,92.8848539097323,1,2,4787.700123781433,0.5,1.030889304823418,Old,Budget,Standard
1860,Mumbai,2777.2011158532646,5,2,37.66887726231842,42.44480662935979,3,8,1528.3303174217215,1.6666666666666667,2.880598007228615,Old,Budget,Large
1861,Bangalore,1231.2997938385531,3,2,3.2888351705572303,278.2907161084313,2,6,22601.377625579342,1.0,4.872899378383811,Recent,Premium,Standard
1862,Hyderabad,4818.855746578862,1,3,38.17089071103359,132.74727966647364,3,1,2754.7469077221776,0.25,0.2075181438477274,Old,Mid-Range,Spacious
1863,Delhi,4332.116300077569,4,4,38.73617146103007,164.55945776060443,3,2,3798.592797650837,0.8,0.46166812279813196,Old,Mid-Range,Spacious
1864,Chennai,4387.0533033425145,3,2,33.58863631811149,137.66343912056652,1,7,3137.947720299641,1.0,1.5956040458105831,Old,Mid-Range,Spacious
1865,Hyderabad,2330.481868574024,1,1,14.59548068951718,332.0827105148052,0,0,14249.529893060277,0.5,0.0,Old,Luxury,Large
1866,Bangalore,3930.6254616822775,1,3,24.48450210804408,285.6939018157441,1,4,7268.408160503526,0.25,1.0176497453125515,Old,Premium,Spacious
1867,Delhi,1147.442699254011,4,2,5.521718565435823,57.42772329046952,0,9,5004.844540629795,1.3333333333333333,7.843528923798274,Medium,Budget,Standard
1868,Delhi,538.7855116630112,1,2,23.57935332295763,272.7327359240842,2,0,50619.909039920065,0.3333333333333333,0.0,Old,Premium,Compact
1869,Chennai,589.8781966011265,5,2,12.191192630020243,399.771087470384,2,8,67771.80268297112,1.6666666666666667,13.562121885663746,Old,Luxury,Compact
1870,Mumbai,3139.707818320522,1,3,17.454849324704103,58.97340359375568,2,6,1878.3086518318592,0.25,1.9110058474197424,Old,Budget,Spacious
1871,Bangalore,2549.2770736157336,5,1,8.13002042018493,447.0747085906016,3,4,17537.313351212117,2.5,1.5690722838246267,Medium,Luxury,Large
1872,Chennai,2831.069070088339,1,1,11.502718387344853,297.58719173491,3,5,10511.477620912452,0.5,1.7661172780372976,Old,Premium,Large
1873,Bangalore,533.5841318774874,2,3,3.828432091005812,476.299745249752,2,2,89264.22597572897,0.5,3.748237401593506,Recent,Luxury,Compact
1874,Mumbai,2402.089788458416,1,2,45.99506832184607,91.10778450674032,1,2,3792.855077461961,0.3333333333333333,0.8326083436221323,Old,Budget,Large
1875,Mumbai,3731.3067254038738,5,3,26.520534398770167,496.9111996895913,3,6,13317.350629645865,1.25,1.608015754681911,Old,Luxury,Spacious
1876,Chennai,2492.121658853461,1,3,19.837098563136983,329.25097566544486,3,6,13211.673454855403,0.25,2.407587117059282,Old,Luxury,Large
1877,Mumbai,3794.986428405,1,2,26.751460638439195,292.39721575091016,1,6,7704.829022901201,0.3333333333333333,1.5810333220405608,Old,Premium,Spacious
1878,Hyderabad,1548.5853397857566,1,3,31.414661424077632,267.33421957380097,3,1,17263.124782699164,0.25,0.645750656620802,Old,Premium,Standard
1879,Delhi,4159.139020167764,5,4,46.093939668467456,31.35409908719012,1,1,753.8603286678649,1.0,0.24043437719945793,Old,Budget,Spacious
1880,Chennai,3147.9405820405354,1,1,8.934647614315667,471.0268119437975,0,4,14963.014697007777,0.5,1.270672014211637,Medium,Luxury,Spacious
1881,Bangalore,1448.433947434578,4,4,14.77762493176088,329.1173469700152,1,3,22722.288962706087,0.8,2.0712024910169418,Old,Luxury,Standard
1882,Hyderabad,1565.2421413422485,4,4,48.789466817205735,63.98071255965979,0,6,4087.5920006085544,0.8,3.833272719615634,Old,Budget,Standard
1883,Chennai,3326.1370905629165,5,4,18.55964933242622,30.05704174137195,3,2,903.6621438921235,1.0,0.6012981261880338,Old,Budget,Spacious
1884,Mumbai,4234.728169455995,2,3,1.1280825378663817,44.37614683364064,0,4,1047.9101623030815,0.5,0.9445706642638767,Brand New,Budget,Spacious
1885,Mumbai,2370.325019131198,4,2,7.382174631857941,312.5099664474755,1,1,13184.266458193175,1.3333333333333333,0.42188307170066186,Medium,Luxury,Large
1886,Mumbai,1662.351931074165,3,3,1.316935087427601,314.7273991494009,0,0,18932.65759591791,0.75,0.0,Brand New,Luxury,Standard
1887,Mumbai,4401.552231097701,4,1,49.49615712103642,259.8403000550917,2,8,5903.378772135807,2.0,1.8175406265722953,Old,Premium,Spacious
1888,Bangalore,3511.707312878757,3,3,13.943542449561154,167.24759391341675,1,3,4762.572134074405,0.75,0.854285318425561,Old,Mid-Range,Spacious
1889,Hyderabad,2516.384692773844,5,3,46.1771378468113,275.2365111750279,1,7,10937.775609802771,1.25,2.781768630250174,Old,Premium,Large
1890,Delhi,2695.5508787568583,2,3,49.794313787985786,267.8248740206038,0,6,9935.812235312731,0.5,2.2258900944088644,Old,Premium,Large
1891,Bangalore,1419.1541057137838,3,3,29.992061057155716,29.3194687407515,3,0,2065.982025680351,0.75,0.0,Old,Budget,Standard
1892,Bangalore,3320.611835291798,3,4,1.6598157532780875,155.58523055719905,3,9,4685.4386563230155,0.6,2.7103438903478843,Brand New,Mid-Range,Spacious
1893,Delhi,2114.341297442999,4,2,4.079581519346348,45.52896390423175,1,6,2153.340331539316,1.3333333333333333,2.8377632349404345,Recent,Budget,Large
1894,Delhi,4980.403295034572,3,1,24.079452755393888,452.0742806948746,1,1,9077.061713969822,1.5,0.20078695253394302,Old,Luxury,Spacious
1895,Mumbai,2660.825818678495,5,1,20.3086006455743,368.107118136865,0,2,13834.318486870598,2.5,0.7516463445146907,Old,Luxury,Large
1896,Bangalore,2686.4852278532594,5,1,30.30886528908838,498.1352816925979,1,0,18542.26766363619,2.5,0.0,Old,Luxury,Large
1897,Chennai,3046.3330433480232,5,3,21.9423904855682,165.04220638653817,1,6,5417.733518891657,1.25,1.9695811044368925,Old,Mid-Range,Spacious
1898,Delhi,4625.40201403436,4,1,46.70384246357422,441.67320692331697,3,2,9548.860954857446,2.0,0.4323948478276299,Old,Luxury,Spacious
1899,Delhi,4103.681449368876,2,4,26.736985770675552,309.46604860759123,1,5,7541.1810693830885,0.4,1.2184181598132995,Old,Luxury,Spacious
1900,Hyderabad,2530.0853140902864,4,2,34.68630307312211,237.5001953137304,0,6,9387.042958238173,1.3333333333333333,2.371461533959123,Old,Premium,Large
1901,Chennai,3734.146696877582,5,3,44.824263632124826,126.83509341854486,1,2,3396.628566429964,1.25,0.5355975976177796,Old,Mid-Range,Spacious
1902,Chennai,3138.059744513427,4,3,7.343593791660369,374.4282393373485,1,1,11931.839092356273,1.0,0.3186682477121083,Medium,Luxury,Spacious
1903,Delhi,2715.65171915562,5,4,11.486732705926428,453.987559474064,1,8,16717.44415057844,1.0,2.9458858599465203,Old,Luxury,Large
1904,Mumbai,1365.4209775295774,1,1,5.365933023700753,132.94803107617795,2,8,9736.779591354863,0.5,5.858998896057832,Medium,Mid-Range,Standard
1905,Hyderabad,2587.7131855470093,1,3,6.981919961495614,104.18736078733404,1,6,4026.2329445645337,0.25,2.318649544899883,Medium,Mid-Range,Large
1906,Chennai,1606.1836416015858,3,3,25.629198346711657,354.18651920233617,0,4,22051.43359878597,0.75,2.490375257471462,Old,Luxury,Standard
1907,Delhi,4616.789674332446,2,4,16.0589629483732,488.9471181082492,3,3,10590.630126094,0.4,0.6498021810867479,Old,Luxury,Spacious
1908,Chennai,2009.3306607335608,1,4,21.158641976337744,379.9784485299575,3,3,18910.697773916218,0.2,1.4930345008047448,Old,Luxury,Large
1909,Hyderabad,4785.188065400175,5,1,49.12449158970309,156.59875474287148,2,0,3272.572626250071,2.5,0.0,Old,Mid-Range,Spacious
1910,Hyderabad,2898.7488054262003,4,2,7.835217389797405,221.57860359093712,0,3,7643.939453331094,1.3333333333333333,1.0349292751356263,Medium,Premium,Large
1911,Bangalore,3341.9497040427214,4,2,27.040603539903778,204.47246502001843,3,6,6118.358537014195,1.3333333333333333,1.7953591559866575,Old,Premium,Spacious
1912,Delhi,2943.232000201975,3,1,4.943557752682548,429.0056086625818,3,4,14576.003815979911,1.5,1.3590501869120428,Recent,Luxury,Large
1913,Hyderabad,1082.212776350154,4,2,15.92481566319393,390.2579738586674,1,8,36061.11315510823,1.3333333333333333,7.392261646531856,Old,Luxury,Standard
1914,Bangalore,2191.1954855357344,1,4,26.37629618372993,302.70820868552966,1,3,13814.751384973726,0.2,1.369115635644219,Old,Luxury,Large
1915,Bangalore,946.1575052493076,4,4,47.33158729826689,151.98037299051356,1,2,16062.904130371773,0.8,2.1138129633850027,Old,Mid-Range,Compact
1916,Chennai,3303.293198825218,1,4,19.561411064174152,470.23449330658696,2,5,14235.3241145479,0.2,1.513640993714454,Old,Luxury,Spacious
1917,Chennai,2510.933878401975,1,2,3.245334810733491,333.5913078891904,1,3,13285.547292129284,0.3333333333333333,1.1947745919575068,Recent,Luxury,Large
1918,Bangalore,4000.932372069216,2,2,19.408072398015847,485.8287902920556,0,1,12142.889334587602,0.6666666666666666,0.24994174032559732,Old,Luxury,Spacious
1919,Chennai,1492.117164497164,3,3,7.287058793698886,298.4561758601748,2,4,20002.19439609175,0.75,2.6807546318576,Medium,Premium,Standard
1920,Hyderabad,1240.547262932007,5,3,11.499480664572264,414.1725240145348,3,3,33386.275266582496,1.25,2.4182875490850417,Old,Luxury,Standard
1921,Mumbai,2328.4950393369554,1,3,30.90453115824952,410.2905821093729,3,4,17620.418990723043,0.25,1.7178477653699489,Old,Luxury,Large
1922,Hyderabad,4669.634224482715,3,2,3.371193310184084,181.9178128801242,0,8,3895.7615122472766,1.0,1.7131962837809231,Recent,Mid-Range,Spacious
1923,Bangalore,3696.898167555853,5,3,23.236187812501868,482.72994701946953,0,3,13057.702028579784,1.25,0.8114911106635657,Old,Luxury,Spacious
1924,Bangalore,2385.156311568134,4,4,30.47307930053822,30.531904446830715,3,5,1280.0798127464172,0.8,2.0962986684561247,Old,Budget,Large
1925,Hyderabad,2827.7247638943977,3,2,21.092919618374843,388.9812362083589,0,3,13755.979407014365,1.0,1.0609236225198742,Old,Luxury,Large
1926,Chennai,878.9585502969426,3,1,0.956317531186518,483.467401166741,0,0,55004.573424242706,1.5,0.0,Brand New,Luxury,Compact
1927,Chennai,4930.591533692509,3,2,49.27596784514327,182.67593757618693,0,1,3704.949727185803,1.0,0.20281542146954165,Old,Mid-Range,Spacious
1928,Bangalore,3498.832871127135,4,3,18.355788367026765,331.09308213966654,1,5,9462.957915820833,1.0,1.4290479666121547,Old,Luxury,Spacious
1929,Delhi,1784.3183080854012,4,2,38.928859346663344,289.8671599252211,3,7,16245.260647258203,1.3333333333333333,3.9230668475912793,Old,Premium,Standard
1930,Chennai,3136.1377739685995,3,3,16.28232460937266,385.52350864473135,0,8,12292.939163730483,0.75,2.5509083390416443,Old,Luxury,Spacious
1931,Hyderabad,992.6706473104728,2,3,23.75083784967094,435.76540238962514,0,3,43898.28626143843,0.5,3.0221504062078957,Old,Luxury,Compact
1932,Chennai,4846.265009634126,1,1,19.423182130549822,309.461393263783,1,5,6385.564814317617,0.5,1.0317223655867471,Old,Luxury,Spacious
1933,Hyderabad,1286.5324454751467,4,1,17.126961475480385,411.6342014630993,3,2,31995.633138585414,2.0,1.5545663127534672,Old,Luxury,Standard
1934,Bangalore,3416.136431248464,2,4,1.0925688603889372,169.8970764268425,2,8,4973.369180245291,0.4,2.3418268447423554,Brand New,Mid-Range,Spacious
1935,Chennai,1604.545081425187,4,3,18.001046892725174,129.7217881783121,3,7,8084.645902444247,1.0,4.362607246773315,Old,Mid-Range,Standard
1936,Hyderabad,3729.026221918411,3,2,44.4744995199765,226.72049097576328,3,0,6079.884599447148,1.0,0.0,Old,Premium,Spacious
1937,Bangalore,3995.696152581265,2,1,34.519666929684185,345.313567798776,3,1,8642.137805591135,1.0,0.25026928019889316,Old,Luxury,Spacious
1938,Delhi,3530.388780101447,5,1,7.271142954771992,109.87853549058734,1,9,3112.363604538476,2.5,2.549294301728826,Medium,Mid-Range,Spacious
1939,Hyderabad,3265.247571148366,1,3,29.55775023113696,346.5690522329079,3,8,10613.867545456034,0.25,2.450043932560511,Old,Luxury,Spacious
1940,Delhi,4516.1109227840525,1,2,44.61154299744358,209.16495131459232,2,9,4631.528208471198,0.3333333333333333,1.9928651341565715,Old,Premium,Spacious
1941,Delhi,853.8201994539112,4,1,35.00170204824277,401.8761314684633,0,2,47068.004683596904,2.0,2.3424135447710954,Old,Luxury,Compact
1942,Mumbai,1989.1164460108785,1,1,7.434219617834836,37.68119220958559,3,2,1894.3683405340216,0.5,1.005471551960142,Medium,Budget,Standard
1943,Chennai,1617.2936583388068,5,2,43.39162483672484,340.63166615810934,1,9,21061.831560508745,1.6666666666666667,5.564852093245883,Old,Luxury,Standard
1944,Hyderabad,4946.0628292943975,2,1,15.077200664443268,331.9147215919845,3,8,6710.685509818631,1.0,1.61744811501743,Old,Luxury,Spacious
1945,Delhi,2252.2540085009305,2,2,22.70380721561709,471.6490285401509,3,2,20941.20053777034,0.6666666666666666,0.8879993075608611,Old,Luxury,Large
1946,Mumbai,3796.757146581794,3,3,26.30713798445732,362.4164257107538,2,9,9545.420255204785,0.75,2.370443947962978,Old,Luxury,Spacious
1947,Bangalore,3581.2632374645204,2,1,42.525330218909765,402.22491028317495,2,4,11231.369592589459,1.0,1.1169243182559065,Old,Luxury,Spacious
1948,Hyderabad,1454.3655686481998,4,3,46.580374757383055,454.2036876095208,1,5,31230.36583104019,1.0,3.4379251735499956,Old,Luxury,Standard
1949,Delhi,1575.489560951981,5,2,46.4826438895278,344.02492078015416,1,2,21836.06475769214,1.6666666666666667,1.2694466847444617,Old,Luxury,Standard
1950,Chennai,1765.7805359886536,3,3,0.397709063927032,159.2737447807878,1,9,9020.01927955396,0.75,5.0968961411509355,Brand New,Mid-Range,Standard
1951,Mumbai,2350.0727521672065,4,3,46.09442427927286,437.4914238000906,1,7,18616.080008444067,1.0,2.9786311906917313,Old,Luxury,Large
1952,Delhi,1554.4627954273706,4,3,2.7193483000786167,378.8374973484681,1,1,24370.959437746707,1.0,0.6433090601728223,Recent,Luxury,Standard
1953,Chennai,588.4316723608151,4,4,13.288682840871768,223.73004992042888,0,5,38021.415302615096,0.8,8.497163281404905,Old,Premium,Compact
1954,Delhi,4457.26875563238,1,2,25.749392736391645,361.05400287198177,0,1,8100.341771308714,0.3333333333333333,0.22435263719208332,Old,Luxury,Spacious
1955,Hyderabad,4845.244241213978,4,2,23.9962844502197,436.4906610469482,1,8,9008.641036794985,1.3333333333333333,1.6511035567518875,Old,Luxury,Spacious
1956,Hyderabad,2037.066741642056,1,2,30.2354896943696,488.3130230678103,1,5,23971.380666407957,0.3333333333333333,2.454509662245802,Old,Luxury,Large
1957,Hyderabad,2023.280957414628,2,2,23.97231143685029,477.1287219003465,0,8,23581.93112784629,0.6666666666666666,3.9539738515715057,Old,Luxury,Large
1958,Mumbai,531.9131574846695,1,2,46.71878398202104,176.15735684678793,2,3,33117.691180982874,0.3333333333333333,5.640018408618637,Old,Mid-Range,Compact
1959,Hyderabad,3561.128097486683,4,1,12.02744241072935,222.41298258472725,0,2,6245.57658405207,2.0,0.5616197859918401,Old,Premium,Spacious
1960,Chennai,4214.47953086883,5,1,13.701234701924292,72.57757038913822,1,1,1722.1004363064517,2.5,0.23727722312459457,Old,Budget,Spacious
1961,Delhi,1159.737351620014,5,1,46.03689678465281,138.82125776866206,2,7,11970.06008082308,2.5,6.035849401782085,Old,Mid-Range,Standard
1962,Bangalore,1218.4985721521784,2,3,3.8369756872628114,443.56218007373616,1,3,36402.35534213984,0.5,2.4620463811469526,Recent,Luxury,Standard
1963,Chennai,4055.3746248714697,4,3,30.47804109524049,193.2079646140923,3,1,4764.244551641535,1.0,0.24658634343348584,Old,Mid-Range,Spacious
1964,Chennai,3273.308367593651,1,2,34.08679760328054,317.8652761255429,2,8,9710.825881009776,0.3333333333333333,2.444010493848199,Old,Luxury,Spacious
1965,Hyderabad,701.8725093247266,5,4,25.27708617148697,339.66349678737595,1,7,48393.90235046634,1.0,9.973321232847143,Old,Luxury,Compact
1966,Mumbai,3301.461457080268,3,2,34.71159394115686,395.27805206878975,0,4,11972.820437478742,1.0,1.2115846427410673,Old,Luxury,Spacious
1967,Delhi,1890.1297527969475,4,1,8.63773230059835,107.74401451790284,1,7,5700.350166884948,2.0,3.703449453478866,Medium,Mid-Range,Standard
1968,Mumbai,2159.2631996188065,4,2,42.63161163857699,166.31030461492904,0,4,7702.178439584819,1.3333333333333333,1.8524837549707487,Old,Mid-Range,Large
1969,Delhi,3963.791382335961,3,3,7.001284473494279,235.2014438999267,2,6,5933.749312541182,0.75,1.5137022666576492,Medium,Premium,Spacious
1970,Delhi,4149.208367026748,5,2,20.040622215787486,195.1237093943713,0,4,4702.673188095241,1.6666666666666667,0.9640393169423621,Old,Mid-Range,Spacious
1971,Mumbai,2301.604820779238,3,1,3.76288006541029,491.7945117726511,2,4,21367.46097039142,1.5,1.737917805822873,Recent,Luxury,Large
1972,Chennai,4762.188212028596,2,2,27.260553940870007,420.771585542582,1,3,8835.677356887618,0.6666666666666666,0.6299625017806805,Old,Luxury,Spacious
1973,Delhi,2329.082230784325,1,3,33.48729037128196,250.2496422178333,0,4,10744.560192430861,0.25,1.7174146739563543,Old,Premium,Large
1974,Mumbai,3973.262158535495,1,4,47.06108175476453,442.0489405215046,2,6,11125.592092429146,0.2,1.510094164592336,Old,Luxury,Spacious
1975,Delhi,2677.4476905391657,5,1,36.96680979480004,186.87341483998244,2,2,6979.5356040121615,2.5,0.7469800463579753,Old,Mid-Range,Large
1976,Bangalore,4538.895469349378,3,2,27.055145822707555,397.197595467327,2,3,8750.974728313424,1.0,0.6609537541145514,Old,Luxury,Spacious
1977,Chennai,4584.925596425804,4,3,46.63085085851669,127.36428709109776,3,7,2777.892125237214,1.0,1.5267423326251743,Old,Mid-Range,Spacious
1978,Hyderabad,893.3756354198774,4,1,23.921841902043827,390.71458170865566,2,5,43734.635937885614,2.0,5.596749902016358,Old,Luxury,Compact
1979,Delhi,4714.219990896016,4,1,28.06028265494347,239.0976335339496,1,7,5071.838692205476,2.0,1.484869185892518,Old,Premium,Spacious
1980,Bangalore,4214.906786841871,2,3,29.80492638350479,71.59967407627633,1,1,1698.724970616118,0.5,0.23725317084634184,Old,Budget,Spacious
1981,Hyderabad,4060.898214407001,2,2,20.498986294328343,151.1659781866795,1,8,3722.476412986228,0.6666666666666666,1.9700075149921512,Old,Mid-Range,Spacious
1982,Hyderabad,1404.101028584851,4,2,41.924134528291205,213.09181953131105,2,6,15176.387965905811,1.3333333333333333,4.273196784171016,Old,Premium,Standard
1983,Delhi,4123.036439395992,5,2,9.258796942252957,379.6605975989298,1,4,9208.276550050297,1.6666666666666667,0.9701587795294829,Medium,Luxury,Spacious
1984,Mumbai,4325.597306082665,2,1,27.7421095185804,55.03170307085641,2,6,1272.233617157813,1.0,1.3870916720709958,Old,Budget,Spacious
1985,Delhi,1801.1765050436793,2,4,36.1116628093597,336.582557644467,2,1,18686.817016653495,0.4,0.5551926738994131,Old,Luxury,Standard
1986,Bangalore,4785.170352630456,1,1,45.19880859382886,363.68654764776494,2,3,7600.284229125568,0.5,0.6269369278255412,Old,Luxury,Spacious
1987,Hyderabad,724.3706587962391,1,2,44.19591982171392,333.8822575643607,3,6,46092.736295974086,0.3333333333333333,8.283052229049163,Old,Luxury,Compact
1988,Delhi,1174.5916396121283,5,1,25.437014471507094,385.1214263204267,0,1,32787.6866591355,2.5,0.8513597119848548,Old,Luxury,Standard
1989,Mumbai,2919.1151212318146,2,4,32.158072558167085,105.52093569096238,1,7,3614.8261136900423,0.4,2.397986961557763,Old,Mid-Range,Large
1990,Delhi,3091.0661200503937,2,1,19.711886806465053,301.8096104302579,3,9,9763.932530350969,1.0,2.911616785425888,Old,Luxury,Spacious
1991,Chennai,3403.175374854065,3,3,23.40888814401001,471.7495746578624,1,9,13862.041261334996,0.75,2.644588952570785,Old,Luxury,Spacious
1992,Mumbai,576.3610819195991,5,2,45.31328962865248,313.1764495061781,3,4,54336.84877943675,1.6666666666666667,6.94009384998342,Old,Luxury,Compact
1993,Bangalore,4821.650485799586,5,2,46.5351996596237,313.44144653741745,0,4,6500.708573973683,1.6666666666666667,0.8295914462859848,Old,Luxury,Spacious
1994,Hyderabad,700.6464173036479,3,2,44.77070290335099,373.4910282143691,0,7,53306.63498597533,1.0,9.99077398688292,Old,Luxury,Compact
1995,Delhi,1143.7787872553108,3,1,6.918543090681911,179.93803142041233,0,0,15731.890941272291,1.5,0.0,Medium,Mid-Range,Standard
1996,Mumbai,563.0653288672564,1,1,42.50420106653181,356.22843263433947,0,5,63265.9150494988,0.5,8.879964266417756,Old,Luxury,Compact
1997,Chennai,3050.862949823426,5,1,47.418186551074015,459.7922399903432,2,1,15070.89133639892,2.5,0.3277761133314352,Old,Luxury,Spacious
1998,Mumbai,4695.200977644375,5,2,18.062484728680232,25.22982705216464,1,0,537.3535056815114,1.6666666666666667,0.0,Old,Budget,Spacious
1999,Chennai,3496.762247362089,3,1,25.932314471083465,437.65425973225535,1,6,12515.985611043927,1.5,1.7158730206854413,Old,Luxury,Spacious
2000,Bangalore,4201.958608161923,4,2,38.9547627906498,124.93679900425236,1,3,2973.299136302152,1.3333333333333333,0.7139527729218399,Old,Mid-Range,Spacious
2001,Hyderabad,559.7654155636104,4,1,28.10390687828244,238.8431713761801,2,0,42668.440160008155,2.0,0.0,Old,Premium,Compact
2002,Bangalore,2939.068843158768,1,2,49.67417608531248,429.12694445726623,1,9,14600.778932284606,0.3333333333333333,3.0621943480327736,Old,Luxury,Large
2003,Delhi,2568.0333987748486,4,3,22.78566825784142,415.47782117918194,0,5,16178.832462903214,1.0,1.947015176043033,Old,Luxury,Large
2004,Mumbai,2745.355748993569,4,1,35.69713556036888,448.1251895005069,1,9,16323.028068941045,2.0,3.2782636652096353,Old,Luxury,Large
2005,Chennai,824.9593340083458,4,2,39.62955700982721,471.4000604636125,1,5,57142.21792887108,1.3333333333333333,6.060904815399564,Old,Luxury,Compact
2006,Chennai,3579.959124811884,2,3,24.70502078792197,234.63533925044413,3,2,6554.1345884158245,0.5,0.5586655965255173,Old,Premium,Spacious
2007,Mumbai,2764.491866863855,1,3,42.84919028556879,335.0546291844833,2,5,12119.935428299234,0.25,1.8086506456870826,Old,Luxury,Large
2008,Mumbai,3943.169824375688,3,4,27.30772956035982,207.4296514525312,0,9,5260.479783808779,0.6,2.282427691641444,Old,Premium,Spacious
2009,Delhi,2683.807853277719,4,1,20.58253984008157,188.3440243962396,0,8,7017.790940816278,2.0,2.980839328802785,Old,Mid-Range,Large
2010,Bangalore,1172.2173630189443,2,2,5.391183692597351,227.16579708688133,0,5,19379.153069515665,0.6666666666666666,4.26542052501503,Medium,Premium,Standard
2011,Chennai,3417.156293350199,4,4,19.67067881752121,376.67654469568447,1,0,11023.099687558883,0.8,0.0,Old,Luxury,Spacious
2012,Delhi,1275.738629473248,2,1,36.69682273666421,260.69155862794537,0,9,20434.55866313187,1.0,7.054736598919245,Old,Premium,Standard
2013,Bangalore,4425.775535096667,1,3,46.064320584005365,410.74864373520415,0,5,9280.828647497883,0.25,1.1297455011781998,Old,Luxury,Spacious
2014,Delhi,3259.0230758115868,4,1,12.583970193015514,377.7048690541548,3,7,11589.511957048537,2.0,2.1478829198706446,Old,Luxury,Spacious
2015,Chennai,1207.4174760062942,2,2,17.76177586652513,29.82966133971168,1,6,2470.5341716915964,0.6666666666666666,4.969283714399975,Old,Budget,Standard
2016,Mumbai,4830.521258665431,5,3,7.69804970522131,322.5143154109576,3,7,6676.59447378276,1.25,1.4491189718796413,Medium,Luxury,Spacious
2017,Mumbai,2832.6445850089426,5,4,34.53614471144844,229.5541391881237,2,7,8103.880748152491,1.0,2.4711889507938043,Old,Premium,Large
2018,Bangalore,828.0430334224475,2,1,48.009421500496266,239.181914792548,1,8,28885.203442140813,1.0,9.661333622885024,Old,Premium,Compact
2019,Hyderabad,3320.7480698678023,4,1,32.04761099240878,412.8190658575495,3,2,12431.50811720516,2.0,0.6022739328369524,Old,Luxury,Spacious
2020,Bangalore,1639.395081557646,4,4,30.853826500311317,282.85183332064486,2,6,17253.426980633463,0.8,3.6598865444314934,Old,Premium,Standard
2021,Hyderabad,4116.620533447861,1,1,27.67449652502169,445.0984752602946,3,5,10812.22987748895,0.5,1.2145885100107265,Old,Luxury,Spacious
2022,Delhi,4180.199331047857,1,1,4.422787034276826,362.1466843480114,2,1,8663.383146784809,0.5,0.23922304196659647,Recent,Luxury,Spacious
2023,Delhi,4905.263101345979,3,1,36.47519132146918,285.36320420674537,0,4,5817.4902815802725,1.5,0.8154506531774862,Old,Premium,Spacious
2024,Chennai,2758.4128896102666,1,3,30.10247717746754,382.1782285525298,0,2,13855.004448102307,0.25,0.7250546165634318,Old,Luxury,Large
2025,Hyderabad,2547.305958774817,4,3,33.07383844281435,38.40754444419551,1,4,1507.7711537513328,1.0,1.5702864378034462,Old,Budget,Large
2026,Chennai,3890.640224509162,3,2,44.94055465137108,33.00015431753971,3,8,848.1934183904904,1.0,2.056216853361009,Old,Budget,Spacious
2027,Mumbai,1096.1179535386696,1,1,39.198039353050895,60.00767692200899,3,7,5474.5638211911655,0.5,6.386174022057973,Old,Budget,Standard
2028,Hyderabad,2961.1198120690588,2,2,39.0457626077263,230.03135607062848,2,8,7768.390699121894,0.6666666666666666,2.701680616702255,Old,Premium,Large
2029,Bangalore,2958.114200588829,5,3,46.35918844396738,133.01606990093268,1,8,4496.650936412634,1.25,2.7044256771451067,Old,Mid-Range,Large
2030,Mumbai,902.6290526467424,1,1,49.49674757314998,492.4454213195766,0,7,54556.78829255484,0.5,7.7551237459886595,Old,Luxury,Compact
2031,Mumbai,2380.928384781111,1,2,29.064136598052983,280.2992667254561,3,7,11772.68785223144,0.3333333333333333,2.9400296307709146,Old,Premium,Large
2032,Bangalore,4339.781593552409,2,1,5.444080801558288,337.95955811895607,2,5,7787.478490186255,1.0,1.1521317126715487,Medium,Luxury,Spacious
2033,Mumbai,4352.691298975971,4,1,22.95649538877182,153.83366539841438,0,5,3534.2195168907524,2.0,1.1487145897932887,Old,Mid-Range,Spacious
2034,Hyderabad,946.5694921385646,2,4,39.38005732308222,174.46251612205222,0,5,18431.030956627677,0.4,5.282232357503521,Old,Mid-Range,Compact
2035,Chennai,908.2439723652388,1,2,1.3862662380924595,181.0217187877548,0,9,19930.957352388486,0.3333333333333333,9.909231741513572,Brand New,Mid-Range,Compact
2036,Mumbai,1682.129646508709,4,3,2.8443719178074534,355.3931384721443,2,5,21127.57118393159,1.0,2.9724224945310205,Recent,Luxury,Standard
2037,Hyderabad,4436.44728149297,3,2,3.3578891191410665,247.37897969086808,2,8,5576.060392351133,1.0,1.8032446893650023,Recent,Premium,Spacious
2038,Delhi,1080.061632830745,1,2,36.55178791641554,268.4881532144357,0,9,24858.59557021318,0.3333333333333333,8.33285779850526,Old,Premium,Standard
2039,Hyderabad,3739.985611823508,2,2,25.058331428158603,304.16143143648577,2,0,8132.689881878597,0.6666666666666666,0.0,Old,Luxury,Spacious
2040,Chennai,955.2452882589644,3,4,18.44489717602968,389.02959499434417,0,9,40725.6230180828,0.6,9.421663849714927,Old,Luxury,Compact
2041,Hyderabad,3304.1203418652144,5,1,5.2808522630868,63.37747928598951,0,5,1918.1347144944539,2.5,1.513262073613651,Medium,Budget,Spacious
2042,Bangalore,2102.3028460361515,3,3,36.612012510294456,392.8994778650344,0,7,18689.00470766323,0.75,3.3296820261640017,Old,Luxury,Large
2043,Chennai,4050.1128333464017,2,4,16.050990527544982,290.3528330600863,2,0,7169.006025448989,0.4,0.0,Old,Premium,Spacious
2044,Delhi,1551.6070197141362,3,3,13.26620350323336,341.16581353052345,1,5,21987.90087926896,0.75,3.222465441617547,Old,Luxury,Standard
2045,Bangalore,3376.4082322548197,2,4,32.61596007767755,177.22484712356575,1,8,5248.9164500470415,0.4,2.369381736359964,Old,Mid-Range,Spacious
2046,Hyderabad,1560.5714055914823,1,1,27.95054462984209,216.5056816718956,2,5,13873.487678690124,0.5,3.20395464256563,Old,Premium,Standard
2047,Chennai,3711.471274004692,4,3,18.12053209066508,130.9595934338817,3,1,3528.5088787060927,1.0,0.2694349292163579,Old,Mid-Range,Spacious
2048,Delhi,4431.55115552337,5,2,32.0743735402794,490.06399876035454,2,0,11058.52062995034,1.6666666666666667,0.0,Old,Luxury,Spacious
2049,Bangalore,1070.6080960704203,4,4,13.56107601920591,258.561426804952,3,3,24150.894034332512,0.8,2.8021458188213364,Old,Premium,Standard
2050,Delhi,4399.680598679766,4,3,39.741513080216336,498.11691958236696,0,5,11321.660934474183,1.0,1.1364461323625115,Old,Luxury,Spacious
2051,Hyderabad,3171.0886448643405,4,1,11.465947515382696,255.09726946940785,3,9,8044.469834753576,2.0,2.838142041401375,Old,Premium,Spacious
2052,Delhi,1071.9972089016078,2,3,7.941884769100782,125.48060690435231,0,9,11705.310971184574,0.5,8.395544247005644,Medium,Mid-Range,Standard
2053,Mumbai,2423.938349118704,2,4,39.121970474943744,263.57715043369126,1,8,10873.921382097968,0.4,3.3004139741873555,Old,Premium,Large
2054,Bangalore,1223.871320682941,5,1,35.39460153489666,39.00587446355735,0,4,3187.0895088702146,2.5,3.268317454949375,Old,Budget,Standard
2055,Delhi,3651.565499899563,2,2,9.13194878508992,454.28950468253663,3,6,12440.951824499163,0.6666666666666666,1.6431308709004484,Medium,Luxury,Spacious
2056,Hyderabad,3914.9066048807736,2,4,5.812287634496899,412.9041205733317,1,5,10546.972437568698,0.4,1.2771696759678568,Medium,Luxury,Spacious
2057,Hyderabad,976.0843412275954,2,4,41.919954424334605,368.3938499332567,1,5,37742.01002650422,0.4,5.122508157145143,Old,Luxury,Compact
2058,Delhi,2777.6293371258994,2,1,38.8299241098344,312.7168234123808,2,8,11258.407276759206,1.0,2.8801539114926875,Old,Luxury,Large
2059,Hyderabad,4165.812752116627,1,4,16.362868684983212,298.3204321617743,3,4,7161.1579759603765,0.2,0.9601967822407815,Old,Premium,Spacious
2060,Chennai,4712.733686979484,5,3,32.90987041066833,498.4295427581422,3,1,10576.229760981865,1.25,0.21219106922227265,Old,Luxury,Spacious
2061,Chennai,2810.8304003379653,2,2,6.20800932739054,153.4387683295702,2,7,5458.841213298433,0.6666666666666666,2.4903672591410504,Medium,Mid-Range,Large
2062,Chennai,4776.256506251331,5,3,25.352382952383905,394.24849537547743,2,2,8254.34092284347,1.25,0.41873797970907345,Old,Luxury,Spacious
2063,Mumbai,2910.600367052134,3,1,0.9365146030209937,299.0742897025556,1,8,10275.347075746404,1.5,2.74857383052639,Brand New,Premium,Large
2064,Delhi,2273.857225699586,1,4,19.58009404607777,488.4226610042649,2,4,21479.91771356684,0.2,1.7591253992516356,Old,Luxury,Large
2065,Mumbai,4316.914078488029,2,2,3.742141073570254,417.3455279831612,1,0,9667.682061657659,0.6666666666666666,0.0,Recent,Luxury,Spacious
2066,Hyderabad,2718.4221970614008,1,1,23.757359007844126,499.29205423500446,3,3,18366.979741952386,0.5,1.1035813359834183,Old,Luxury,Large
2067,Mumbai,2623.5612975403537,1,3,21.08408234264472,302.39599734197424,2,8,11526.164745053875,0.25,3.0492902938841855,Old,Luxury,Large
2068,Hyderabad,2706.4062023442275,3,4,22.2192513319028,118.18109962156882,3,0,4366.716996111044,0.6,0.0,Old,Mid-Range,Large
2069,Hyderabad,4310.532508413854,5,4,2.266565102399704,261.76977713347225,1,7,6072.794408173844,1.0,1.623929290948739,Recent,Premium,Spacious
2070,Bangalore,4243.736937596234,1,1,18.08081706409162,361.3333443442758,0,7,8514.508548895697,0.5,1.6494896132664119,Old,Luxury,Spacious
2071,Chennai,2315.83996598095,4,3,37.824192454995824,391.6929853671623,0,8,16913.64650066603,1.0,3.4544701350342817,Old,Luxury,Large
2072,Hyderabad,1999.8493694173624,3,4,18.445718667681003,20.244794727652916,3,8,1012.3159792555301,0.6,4.000301283856556,Old,Budget,Standard
2073,Bangalore,2713.676108176082,4,3,35.75859763047903,262.4130024811012,1,5,9670.019266133955,1.0,1.8425190776951654,Old,Premium,Large
2074,Chennai,3077.4762938169906,3,2,18.47393618168666,132.91259838591034,1,4,4318.882931866844,1.0,1.299766307879111,Old,Mid-Range,Spacious
2075,Hyderabad,1572.5174478259862,4,4,21.16197207450932,439.9576799622984,0,6,27977.92040848528,0.8,3.8155379504978035,Old,Luxury,Standard
2076,Hyderabad,4072.7978812201577,4,2,28.194605641463305,93.3946131441097,1,8,2293.1315490698958,1.3333333333333333,1.9642516602378763,Old,Budget,Spacious
2077,Mumbai,2689.172445795903,1,4,47.53409684035413,339.89899979592,1,4,12639.538990045005,0.2,1.487446447048559,Old,Luxury,Large
2078,Mumbai,2003.204967889818,1,1,5.443022332332759,147.7098513559639,3,2,7373.676369800635,0.5,0.9984000799013621,Medium,Mid-Range,Large
2079,Chennai,980.6944683379576,3,4,1.645688433058684,191.14022874285067,0,8,19490.293349649215,0.6,8.157484576779643,Brand New,Mid-Range,Compact
2080,Hyderabad,1574.8032218162311,5,4,30.397859190502256,471.4684451632856,1,9,29938.244895101107,1.0,5.714999737948364,Old,Luxury,Standard
2081,Delhi,4771.765272901926,1,3,47.45485444642132,135.41510019587815,3,0,2837.840766495333,0.25,0.0,Old,Mid-Range,Spacious
2082,Mumbai,1872.9485906878697,1,3,49.48615662773575,65.60132567500672,2,0,3502.569477943525,0.25,0.0,Old,Budget,Standard
2083,Chennai,1259.866802151659,2,2,24.20821236960009,53.2567526932284,0,9,4227.173269608664,0.6666666666666666,7.143612312531279,Old,Budget,Standard
2084,Hyderabad,2573.0275624474693,1,2,23.40408105425492,262.2152528477418,3,3,10190.922813058485,0.3333333333333333,1.1659416493566022,Old,Premium,Large
2085,Hyderabad,1881.894845121119,5,2,32.24818853725981,328.02151149645823,2,1,17430.384718193258,1.6666666666666667,0.5313793183463659,Old,Luxury,Standard
2086,Delhi,658.2166262203737,2,4,27.78173786024849,177.10094891402585,1,6,26906.179798431847,0.4,9.115540022823998,Old,Mid-Range,Compact
2087,Chennai,1954.1534777573777,4,4,31.704402880705903,351.3246760606788,1,1,17978.356360415735,0.8,0.5117305326230661,Old,Luxury,Standard
2088,Hyderabad,2948.4888077276087,4,2,43.69997127689472,49.29618491515414,2,6,1671.9135845438925,1.3333333333333333,2.0349407412620235,Old,Budget,Large
2089,Mumbai,2982.705674089851,2,1,37.31530847438047,431.5206295629808,3,7,14467.422424931547,1.0,2.346862468130046,Old,Luxury,Large
2090,Delhi,2104.515145295999,2,1,24.843869584339775,411.9522606748341,1,7,19574.6873856255,1.0,3.3261818123031155,Old,Luxury,Large
2091,Chennai,2512.8624031367026,2,4,23.09322295000848,493.0382102682011,1,2,19620.581280246854,0.4,0.7959050991027136,Old,Luxury,Large
2092,Delhi,4844.830632056449,3,1,31.9800874256558,469.5223908328858,3,8,9691.203397828402,1.5,1.6512445134958826,Old,Luxury,Spacious
2093,Mumbai,2198.068147536402,5,1,22.785314221014875,190.97463868108548,3,9,8688.294714389547,2.5,4.094504535761192,Old,Mid-Range,Large
2094,Chennai,1662.0206596699234,5,2,22.88896756328199,211.65218432747704,2,9,12734.630168165964,1.6666666666666667,5.41509514195052,Old,Premium,Standard
2095,Delhi,1595.6016983004206,4,1,0.8152950893252409,378.0631267895646,1,9,23694.078991784994,2.0,5.640505402812298,Brand New,Luxury,Standard
2096,Bangalore,2559.940757168604,4,1,8.70320687036542,84.35973053839193,3,5,3295.3782349126373,2.0,1.953170199739387,Medium,Budget,Large
2097,Mumbai,3917.840669226248,4,4,24.425681999787653,170.72706091752073,0,3,4357.682594357223,0.8,0.7657279234360705,Old,Mid-Range,Spacious
2098,Mumbai,1426.9468288481294,1,4,41.132672952518455,76.89964974831116,2,7,5389.104078277862,0.2,4.905578721283254,Old,Budget,Standard
2099,Mumbai,3691.832572133456,4,4,13.936350336356206,238.34549555495903,2,3,6456.021254973181,0.8,0.8126045646393829,Old,Premium,Spacious
2100,Bangalore,595.1742050723733,2,1,26.13217165655745,284.9620543449525,2,3,47878.764220015386,1.0,5.040541028882794,Old,Premium,Compact
2101,Bangalore,2385.198400927757,4,2,17.24810423796161,121.35702558212115,2,7,5087.921639345288,1.3333333333333333,2.9347663478548576,Old,Mid-Range,Large
2102,Hyderabad,3991.392793412541,2,3,5.240199476979451,32.7832097187704,0,3,821.3476201309061,0.5,0.7516173314115435,Medium,Budget,Spacious
2103,Delhi,2024.2983009849413,3,4,47.91492415356503,365.2907992402511,2,0,18045.304837854947,0.6,0.0,Old,Luxury,Large
2104,Hyderabad,3036.8169565042977,1,4,42.73369351251509,29.602478924560884,2,5,974.786407891917,0.2,1.646460775085877,Old,Budget,Spacious
2105,Delhi,1422.4065477165989,1,4,3.92462122334532,487.2332522856109,3,7,34254.148581344096,0.2,4.921237188648463,Recent,Luxury,Standard
2106,Bangalore,3838.979260067775,5,2,35.98936312341423,126.37148323634982,1,2,3291.799061037876,1.6666666666666667,0.5209718168586018,Old,Mid-Range,Spacious
2107,Bangalore,735.2559647094183,3,3,17.37899521787501,338.6720442158197,2,1,46061.7880671892,0.75,1.360070571335265,Old,Luxury,Compact
2108,Hyderabad,4336.441901939752,2,3,49.74249035308963,228.6808285951948,3,5,5273.466905965064,0.5,1.1530190218306464,Old,Premium,Spacious
2109,Chennai,1391.8837388975066,3,4,15.119925991448884,48.643452961811455,3,0,3494.7928194305446,0.6,0.0,Old,Budget,Standard
2110,Hyderabad,4434.791142687489,1,1,11.936922268129996,246.6481311845444,1,4,5561.662843835196,0.5,0.9019590486455232,Old,Premium,Spacious
2111,Delhi,2086.381585852328,2,4,28.39452741527026,268.0451044624638,3,5,12847.367244806377,0.4,2.396493543609091,Old,Premium,Large
2112,Hyderabad,3752.0760851351897,3,4,41.756308167160206,430.2479398845769,3,7,11466.930044119155,0.6,1.8656338094348068,Old,Luxury,Spacious
2113,Mumbai,1936.513840037848,1,1,9.6259435909899,371.527553430991,2,6,19185.380747071227,0.5,3.0983512102772957,Medium,Luxury,Standard
2114,Delhi,4576.602520555914,2,1,35.470138485966565,58.065187881625455,2,5,1268.7400232120735,1.0,1.0925134917315598,Old,Budget,Spacious
2115,Delhi,1069.8670648326847,2,4,3.070329157056084,120.39808804748724,3,1,11253.555886059185,0.4,0.9346955644030306,Recent,Mid-Range,Standard
2116,Chennai,1303.3390517266942,1,2,45.94673715552487,169.70608842317492,0,7,13020.870371247167,0.3333333333333333,5.370820425219543,Old,Mid-Range,Standard
2117,Bangalore,2718.63556321461,2,2,4.053745807364939,75.87568950311335,1,7,2790.9474344327073,0.6666666666666666,2.5748210222494676,Recent,Budget,Large
2118,Delhi,868.7229756716577,1,1,45.711568817208125,239.31155403895548,3,4,27547.510626610347,0.5,4.604459778340016,Old,Premium,Compact
2119,Bangalore,1381.910831157929,4,4,24.54036247263514,492.468411614017,3,2,35636.77196171684,0.8,1.4472713831500712,Old,Luxury,Standard
2120,Hyderabad,4746.9487199540645,4,2,22.40455563979599,267.0141397941256,0,7,5624.963646051551,1.3333333333333333,1.4746314765472626,Old,Premium,Spacious
2121,Mumbai,4894.203475165492,2,4,48.66535397501882,376.1034407951213,1,4,7684.671115607914,0.4,0.8172933594398104,Old,Luxury,Spacious
2122,Chennai,2193.1669819868985,2,4,49.51920888491095,347.81014289568617,3,2,15858.808095888247,0.4,0.9119232673237224,Old,Luxury,Large
2123,Bangalore,4654.78709456271,1,4,32.5089062980506,427.9574888442262,3,8,9193.921873336085,0.2,1.7186607759879837,Old,Luxury,Spacious
2124,Delhi,2951.711040530443,2,2,6.355964592852425,123.54727542349254,2,8,4185.615520186225,0.6666666666666666,2.7102923999506214,Medium,Mid-Range,Large
2125,Bangalore,1713.8410964319517,5,3,25.30850428276013,381.8366056126536,3,6,22279.580435292388,1.25,3.5009079969498975,Old,Luxury,Standard
2126,Delhi,3660.794244862694,4,4,26.458155047783123,443.05051534675977,0,7,12102.578995487285,0.8,1.9121533557433108,Old,Luxury,Spacious
2127,Bangalore,3465.0581295868574,2,2,25.722321406765484,102.32471503051651,3,4,2953.0446879607416,0.6666666666666666,1.1543817882434557,Old,Mid-Range,Spacious
2128,Delhi,4951.0639359893,2,3,28.474591926000485,186.46506549824176,1,4,3766.16153434874,0.5,0.8079071592923668,Old,Mid-Range,Spacious
2129,Hyderabad,1692.7127933417748,3,1,0.9362356897195334,485.6488468791495,1,4,28690.563974552086,1.5,2.363070696773757,Brand New,Luxury,Standard
2130,Delhi,3524.267761977809,2,2,35.56136407352512,394.7781660703004,0,1,11201.707495935327,0.6666666666666666,0.28374688517957636,Old,Luxury,Spacious
2131,Delhi,734.106897632511,5,3,35.619715097649404,155.64359961801554,3,2,21201.762320986894,1.25,2.7243988667726513,Old,Mid-Range,Compact
2132,Mumbai,1011.4071741352374,4,2,5.773488758894397,290.69204942935374,3,7,28741.347388394606,1.3333333333333333,6.921050373194223,Medium,Premium,Standard
2133,Delhi,517.6326872799197,3,3,28.51197212229004,214.0765389677498,3,5,41356.843226553014,0.75,9.65935908389834,Old,Premium,Compact
2134,Mumbai,4997.573064768529,1,3,28.41805912178873,255.18328463702235,3,8,5106.144148966867,0.25,1.6007769964180671,Old,Premium,Spacious
2135,Chennai,4110.23163716365,1,2,34.12252100952001,190.47977186754008,3,6,4634.283142226616,0.3333333333333333,1.4597717427284522,Old,Mid-Range,Spacious
2136,Mumbai,4040.2535663009335,4,1,4.269884606754054,154.07888889456348,1,5,3813.594527326434,2.0,1.2375460891128587,Recent,Mid-Range,Spacious
2137,Hyderabad,2793.767338796809,1,4,31.32516536330482,343.886259867881,2,3,12309.051476562197,0.2,1.0738188389345298,Old,Luxury,Large
2138,Mumbai,1850.30187307448,5,3,14.037597537317058,393.7000712413364,1,6,21277.61296523796,1.25,3.2427141145516654,Old,Luxury,Standard
2139,Chennai,1180.6892800820417,2,4,25.3501495248086,439.4994189187255,2,3,37223.96961952482,0.4,2.540888657675914,Old,Luxury,Standard
2140,Hyderabad,1781.0363248090864,4,1,38.66617763520384,94.55838431273024,1,6,5309.177752052092,2.0,3.368825170167798,Old,Budget,Standard
2141,Bangalore,2191.8704986811263,3,4,35.28229681815066,414.97065134971547,0,4,18932.261353917034,0.6,1.82492533313754,Old,Luxury,Large
2142,Bangalore,3903.3954364113233,2,4,5.945150883899669,142.3043957489905,3,1,3645.656661417356,0.4,0.2561872134890266,Medium,Mid-Range,Spacious
2143,Mumbai,2928.478050064186,1,2,29.559239355803665,225.1214671568243,2,6,7687.319601111238,0.3333333333333333,2.048845815958393,Old,Premium,Large
2144,Mumbai,848.6763194996721,1,2,48.45582654703693,452.6929692076384,1,7,53341.06287713066,0.3333333333333333,8.24813870631712,Old,Luxury,Compact
2145,Chennai,581.1305403151051,3,1,7.838471866750113,238.16172847164896,2,9,40982.48361590342,1.5,15.487053898629988,Medium,Premium,Compact
2146,Chennai,960.4948079032844,5,2,42.645354386270746,114.59049634127176,3,1,11930.36083052,1.6666666666666667,1.0411300423194934,Old,Mid-Range,Compact
2147,Delhi,2347.244211638207,3,3,35.12740402768885,96.73695451381654,0,5,4121.2990976469855,0.75,2.1301575588976998,Old,Budget,Large
2148,Chennai,4699.368126720582,4,1,38.70016564548799,247.03220799302423,3,3,5256.711143534391,2.0,0.6383836973617828,Old,Premium,Spacious
2149,Delhi,3368.311165441497,3,2,14.097916357132274,386.082763508746,1,4,11462.205970455247,1.0,1.1875387407908038,Old,Luxury,Spacious
2150,Hyderabad,4108.216549439818,1,2,14.394446468992122,498.6584691076646,1,0,12138.07653775359,0.3333333333333333,0.0,Old,Luxury,Spacious
2151,Mumbai,2598.6856752704684,5,1,45.3009727888244,397.9561416468329,2,5,15313.746692562734,2.5,1.9240495484239761,Old,Luxury,Large
2152,Hyderabad,2127.4973743776927,5,3,17.99160160462793,440.9657402925697,0,7,20726.969894454283,1.25,3.290250829121492,Old,Luxury,Large
2153,Chennai,987.8016772248022,3,1,3.150769534640524,378.9595332487463,0,1,38363.9289126762,1.5,1.0123489593675004,Recent,Luxury,Compact
2154,Hyderabad,4441.698599837922,4,2,30.0298351789725,449.80884836293086,1,0,10126.955673654767,1.3333333333333333,0.0,Old,Luxury,Spacious
2155,Hyderabad,4024.220130625563,1,2,6.240883452092133,56.62090079067836,2,8,1407.00307022908,0.3333333333333333,1.9879628202039745,Medium,Budget,Spacious
2156,Hyderabad,1256.531439189763,2,1,39.82981207039541,466.3671675111898,3,1,37115.43961143645,1.0,0.7958416071505702,Old,Luxury,Standard
2157,Chennai,2805.172537443172,5,3,32.08732212505287,210.27495378831492,3,7,7495.972207826261,1.25,2.4953901788801494,Old,Premium,Large
2158,Hyderabad,2693.186635645602,3,3,43.73632526106041,462.3748271746134,1,4,17168.317303185133,0.75,1.485229410787245,Old,Luxury,Large
2159,Delhi,3312.9119870893787,4,4,39.24186248913176,56.35176198054828,1,1,1700.9737113498506,0.8,0.30184925041687233,Old,Budget,Spacious
2160,Chennai,4757.841022960675,4,3,5.605682416909808,363.3166194181452,3,4,7636.165598321381,1.0,0.8407174558158963,Medium,Luxury,Spacious
2161,Hyderabad,3108.971487931158,1,1,19.053533821721118,373.13059936169816,3,8,12001.73757817236,0.5,2.573198252558932,Old,Luxury,Spacious
2162,Chennai,2930.977700503784,5,3,38.72801249572937,498.5172268629309,3,5,17008.564301845232,1.25,1.7059154012466853,Old,Luxury,Large
2163,Bangalore,726.4531982059877,1,3,20.867073663316287,389.0505299311106,2,2,53554.79621975513,0.25,2.7531023401632746,Old,Luxury,Compact
2164,Delhi,783.0836420811077,2,4,48.618274238998914,203.6353787914912,0,7,26004.29479669807,0.4,8.939019568071858,Old,Premium,Compact
2165,Hyderabad,1343.06056097055,2,3,36.78702249467246,287.47930477690176,1,0,21404.790903036985,0.5,0.0,Old,Premium,Standard
2166,Bangalore,646.1184726128672,2,4,0.7749958345160513,195.94445031996327,1,8,30326.39657051977,0.4,12.38163021039848,Brand New,Mid-Range,Compact
2167,Bangalore,3845.088030065056,4,4,43.99928457804182,114.0889497463319,2,8,2967.1349226405514,0.8,2.080576553110709,Old,Mid-Range,Spacious
2168,Chennai,3754.986367972834,5,3,5.04023924342788,139.2811172010913,3,3,3709.2309678951924,1.25,0.7989376540984832,Medium,Mid-Range,Spacious
2169,Bangalore,1112.2530549423932,1,2,7.026186209004292,126.56505645167404,2,7,11379.160155080825,0.3333333333333333,6.293531826138747,Medium,Mid-Range,Standard
2170,Delhi,4262.355053578764,1,1,36.72462003055254,283.4313584783422,3,2,6649.6421559336595,0.5,0.469224167123468,Old,Premium,Spacious
2171,Delhi,1196.5371568075038,2,1,43.24842797152401,454.9571045753088,1,5,38022.81458514716,1.0,4.178725225166065,Old,Luxury,Standard
2172,Mumbai,1855.2901414881144,5,3,26.8174813949778,458.1087805224308,0,9,24692.029040535144,1.25,4.850993275251906,Old,Luxury,Standard
2173,Delhi,1620.3960462261423,5,1,14.45248664728896,46.28661321239625,2,9,2856.500009377121,2.5,5.554197704296275,Old,Budget,Standard
2174,Bangalore,2175.381943578715,3,1,17.565777262658777,58.351712456908885,3,7,2682.366314069641,1.5,3.2178257343095895,Old,Budget,Large
2175,Delhi,1645.9869465048284,5,4,17.1444664798028,137.65714744272486,1,8,8363.198003181798,1.0,4.860305859039529,Old,Mid-Range,Standard
2176,Chennai,2700.2791689730343,5,2,16.333905190475612,142.42853718534798,0,7,5274.585636251682,1.6666666666666667,2.59232455682063,Old,Mid-Range,Large
2177,Mumbai,2333.3354660960845,1,1,12.14548359108249,65.54680411484054,2,8,2809.146180103594,0.5,3.428568294718822,Old,Budget,Large
2178,Bangalore,4939.562708506969,5,2,30.443354731461653,206.46240376325144,2,3,4179.770881492802,1.6666666666666667,0.6073412115678513,Old,Premium,Spacious
2179,Mumbai,751.6685755770155,5,1,45.02026592825336,302.1081884918179,1,9,40191.674669904314,2.5,11.97336205400257,Old,Luxury,Compact
2180,Bangalore,1139.8161937430823,1,2,15.354120654167058,297.5178562877426,2,0,26102.266130358552,0.3333333333333333,0.0,Old,Premium,Standard
2181,Chennai,737.7165225887112,5,2,9.334714873070604,280.8462470041245,1,6,38069.67017881214,1.6666666666666667,8.133205392967858,Medium,Premium,Compact
2182,Mumbai,3316.285377420691,1,1,41.928883318571245,182.56252394599863,2,9,5505.030573936625,0.5,2.713879831113912,Old,Mid-Range,Spacious
2183,Hyderabad,745.2917483617381,3,4,37.08916654448517,359.0987289519587,0,3,48182.303070081085,0.6,4.0252693077502135,Old,Luxury,Compact
2184,Bangalore,4263.978818192555,4,2,46.54185157799552,416.7122916709143,0,0,9772.850885022763,1.3333333333333333,0.0,Old,Luxury,Spacious
2185,Hyderabad,2803.723838068675,1,2,8.275986780245482,186.21164790915608,2,2,6641.583075365463,0.3333333333333333,0.7133370173068421,Medium,Mid-Range,Large
2186,Mumbai,2871.5343106169016,1,1,7.212565705829577,61.05697246374176,1,6,2126.2839255653776,0.5,2.0894752947287607,Medium,Budget,Large
2187,Hyderabad,3027.175284704874,5,2,27.07146971524984,162.23852052409111,3,2,5359.402917426637,1.6666666666666667,0.6606819268461966,Old,Mid-Range,Spacious
2188,Hyderabad,1268.6616783779482,1,2,30.72168274175476,85.93695419595333,2,0,6773.827542881907,0.3333333333333333,0.0,Old,Budget,Standard
2189,Mumbai,1389.6063640151938,2,4,24.00867209297948,244.3321890690468,3,6,17582.834635490723,0.4,4.317769517594407,Old,Premium,Standard
2190,Chennai,1934.677952928521,2,2,29.94833181619377,94.84887263171755,1,7,4902.566470463203,0.6666666666666666,3.618173241393537,Old,Budget,Standard
2191,Hyderabad,3170.733871198332,3,4,9.018988443753567,242.16548367582908,3,4,7637.521580589361,0.6,1.2615376005959968,Medium,Premium,Spacious
2192,Hyderabad,1445.529991730965,1,2,23.98068770820417,126.08138831583092,2,5,8722.156512633366,0.3333333333333333,3.4589389556786,Old,Mid-Range,Standard
2193,Chennai,1023.4927720996756,5,2,32.90462804698339,374.5909306219534,0,2,36599.27464397109,1.6666666666666667,1.9540929399013136,Old,Luxury,Standard
2194,Hyderabad,4865.525988882945,5,4,21.635322462435187,33.23275560120591,1,4,683.0249324972915,1.0,0.8221104992840338,Old,Budget,Spacious
2195,Hyderabad,598.9181666433032,4,4,33.972366790829895,286.27822583932425,0,2,47799.22229505898,0.8,3.3393543749210353,Old,Premium,Compact
2196,Hyderabad,4112.138324012098,3,3,22.55956402769198,101.3543719616272,0,1,2464.7607637560836,0.75,0.24318248103685583,Old,Mid-Range,Spacious
2197,Delhi,4046.158173087599,5,2,16.679979042113864,20.476094945420996,0,6,506.06264188124436,1.6666666666666667,1.4828881480482103,Old,Budget,Spacious
2198,Chennai,1837.463512302932,4,4,15.180252354354618,437.2160422711074,2,9,23794.542821867264,0.8,4.898056445605339,Old,Luxury,Standard
2199,Hyderabad,1110.3197720329104,5,2,20.5451029494294,342.33333815075247,1,6,30831.959114261866,1.6666666666666667,5.4038486489477355,Old,Luxury,Standard
2200,Chennai,1155.328910174405,4,2,1.1544811341100414,67.49255458425124,3,7,5841.847632295704,1.3333333333333333,6.058880668833345,Brand New,Budget,Standard
2201,Bangalore,3638.442277567366,2,2,33.42625692230568,338.75473648825067,0,0,9310.43316467671,0.6666666666666666,0.0,Old,Luxury,Spacious
2202,Bangalore,3392.6296598877816,2,1,42.25528204901309,313.5907197140473,3,1,9243.293584965591,1.0,0.29475660483174493,Old,Luxury,Spacious
2203,Hyderabad,4022.35553413124,5,3,17.731354722155928,247.2112097807376,1,1,6145.93135000263,1.25,0.2486105446210843,Old,Premium,Spacious
2204,Chennai,4718.665275795971,3,1,2.301656807085928,221.24388724429477,1,2,4688.696364608615,1.5,0.4238486697199832,Recent,Premium,Spacious
2205,Chennai,3613.673134699664,1,3,49.338779869277886,445.7934861995528,3,6,12336.29798774269,0.25,1.6603604632599585,Old,Luxury,Spacious
2206,Chennai,1201.3319144814957,3,2,13.184912772553348,137.67104955077662,3,6,11459.867825970188,1.0,4.994456509206823,Old,Mid-Range,Standard
2207,Delhi,1595.491775444348,3,2,6.33105608453865,211.188827366424,0,6,13236.597682091306,1.0,3.7605960070392634,Medium,Premium,Standard
2208,Bangalore,4289.871788929016,1,4,18.4876253986514,177.97539818951708,3,0,4148.734669619331,0.2,0.0,Old,Mid-Range,Spacious
2209,Chennai,1441.8773412539383,2,3,36.92785203167783,390.1764939375841,3,1,27060.31108015502,0.5,0.6935402696115214,Old,Luxury,Standard
2210,Chennai,826.3504262951664,2,3,14.695829844528284,459.90334699161895,2,7,55654.76005785284,0.5,8.470982499983187,Old,Luxury,Compact
2211,Delhi,3664.7602431901273,1,1,28.73516019597439,427.8952153953106,0,8,11675.94022529652,0.5,2.1829531726845253,Old,Luxury,Spacious
2212,Delhi,2311.368599705639,4,3,20.77799972185711,402.8978865438889,0,9,17431.139567925227,1.0,3.8937969483301718,Old,Luxury,Large
2213,Chennai,4640.180236456567,3,2,5.888199613830924,493.6591738736398,1,6,10638.793079525254,1.0,1.293053220833906,Medium,Luxury,Spacious
2214,Mumbai,3426.147819921477,5,4,16.514350624605513,354.62938419698486,3,0,10350.673783979131,1.0,0.0,Old,Luxury,Spacious
2215,Chennai,906.8854000624732,2,1,36.243525285703335,380.5058197824962,2,3,41957.431419260254,1.0,3.3080254680396632,Old,Luxury,Compact
2216,Chennai,4765.354552641474,5,4,30.600194866572284,491.7452190584091,1,9,10319.173812278686,1.0,1.8886317692796286,Old,Luxury,Spacious
2217,Delhi,1663.5076863811066,1,3,5.98891899417805,23.35557699160356,2,7,1403.9957364076067,0.25,4.207975747456999,Medium,Budget,Standard
2218,Delhi,2017.456206828286,5,3,8.166120485715428,324.3432206894552,0,4,16076.840706216202,1.25,1.9826948344462656,Medium,Luxury,Large
2219,Chennai,2310.171861575939,5,1,32.036667965372274,374.706335337579,3,0,16219.846738240683,2.5,0.0,Old,Luxury,Large
2220,Chennai,730.5093338194097,3,3,40.67077071604344,460.5569858034536,2,6,63046.00974712645,0.75,8.213447415694853,Old,Luxury,Compact
2221,Chennai,2734.319400037722,1,4,17.473724797908464,444.2452660084845,1,5,16247.014375948756,0.2,1.8286086109512376,Old,Luxury,Large
2222,Delhi,1054.933209838815,5,2,29.765537592172507,424.1411269922213,0,8,40205.49576375803,1.6666666666666667,7.583418481272699,Old,Luxury,Standard
2223,Chennai,2304.366470097583,2,1,8.532179437605263,473.9798105320178,2,3,20568.768756297093,1.0,1.3018762592362139,Medium,Luxury,Large
2224,Chennai,2078.1940459643797,1,3,15.568816845266191,277.9420101985796,2,3,13374.20876257017,0.25,1.443561060058691,Old,Premium,Large
2225,Hyderabad,3977.780375419265,2,4,1.01351028365263,23.321645880716844,1,7,586.2979772546819,0.4,1.7597753871120116,Brand New,Budget,Spacious
2226,Mumbai,4114.26730234729,4,2,38.41379738997613,25.306111374564573,2,3,615.08184847705,1.3333333333333333,0.7291699297924632,Old,Budget,Spacious
2227,Bangalore,1190.357970750896,5,3,20.05049098864834,281.42674669657185,0,2,23642.194500452966,1.25,1.6801668482451286,Old,Premium,Standard
2228,Mumbai,2149.4803432065182,1,1,40.806278682697695,228.9306746546918,2,6,10650.51259381052,0.5,2.791372351444449,Old,Premium,Large
2229,Hyderabad,2180.0892246432427,2,3,35.41864980113631,236.5976256154153,3,4,10852.657906886034,0.5,1.834787289797542,Old,Premium,Large
2230,Bangalore,1181.3469977123827,5,3,41.43721328642385,212.19427386081776,3,8,17962.06146642104,1.25,6.7719306990169565,Old,Premium,Standard
2231,Chennai,4093.040772730357,3,3,14.28293347914414,460.50838836379313,1,4,11251.009064749687,0.75,0.9772685448553957,Old,Luxury,Spacious
2232,Hyderabad,3682.527477509405,2,2,9.255436521392262,192.40176856149915,3,8,5224.720514281832,0.6666666666666666,2.1724209931518614,Medium,Mid-Range,Spacious
2233,Chennai,1356.7180383366565,2,2,48.59528413258353,430.98893204628,3,5,31767.023056218422,0.6666666666666666,3.6853641351522284,Old,Luxury,Standard
2234,Delhi,2150.248588672096,4,3,35.86638935204348,453.3751010199876,2,5,21084.776123488737,1.0,2.3253125365787555,Old,Luxury,Large
2235,Hyderabad,976.122611854314,3,3,41.70211339633352,259.7608495994984,0,5,26611.498027490386,0.75,5.122307320083113,Old,Premium,Compact
2236,Delhi,3326.929686918698,4,1,0.6566686854966863,234.5302579352424,0,6,7049.450394380209,2.0,1.8034646249338138,Brand New,Premium,Spacious
2237,Hyderabad,1046.1736604687885,3,3,17.723081014794328,385.2898900234145,2,3,36828.483126861254,0.75,2.867592746175339,Old,Luxury,Standard
2238,Hyderabad,4936.70375881213,2,4,37.14083452886658,359.8263236671435,3,3,7288.797166020854,0.4,0.6076929357255701,Old,Luxury,Spacious
2239,Delhi,4013.069336095381,4,4,3.8991416494991658,177.69685596617884,2,8,4427.953795063844,0.8,1.993486613362082,Recent,Mid-Range,Spacious
2240,Bangalore,2256.073473127978,5,1,28.366996478446783,69.22310044383036,3,6,3068.2999143576035,2.5,2.6594878542147744,Old,Budget,Large
2241,Mumbai,3103.537695257095,3,2,21.453638372750163,147.12915208759057,3,9,4740.691640782616,1.0,2.899916444950557,Old,Mid-Range,Spacious
2242,Chennai,4601.038172973839,2,3,0.8808253570553648,82.89368278990351,3,5,1801.6299729225225,0.5,1.0867112621168051,Brand New,Budget,Spacious
2243,Hyderabad,2993.446761781217,1,1,11.79877885597257,161.47149237281187,0,0,5394.166164382695,0.5,0.0,Old,Mid-Range,Large
2244,Chennai,1285.2431887907985,3,2,14.23959945333571,145.67435147878354,1,6,11334.38035301623,1.0,4.668377200773193,Old,Mid-Range,Standard
2245,Delhi,2204.165100115217,3,1,5.592997317316123,326.1014834656225,0,5,14794.784812107606,1.5,2.268432614117082,Medium,Luxury,Large
2246,Chennai,4294.151892633854,5,2,31.57684548713302,478.1580936582942,3,3,11135.09968006772,1.6666666666666667,0.6986245654575401,Old,Luxury,Spacious
2247,Delhi,3398.9585719532806,3,3,12.119893812594452,349.15699151863214,2,7,10272.469761759468,0.75,2.0594543451517584,Old,Luxury,Spacious
2248,Chennai,3428.259729502101,3,1,13.880974980969418,464.7917158709934,2,6,13557.657603103977,1.5,1.7501591108650925,Old,Luxury,Spacious
2249,Mumbai,4400.696685598201,5,3,44.91192991000737,396.3834841320528,3,7,9007.289355552826,1.25,1.5906572300036779,Old,Luxury,Spacious
2250,Mumbai,4522.878758581272,5,1,23.35615463465697,369.3812585941632,1,8,8166.950261342623,2.5,1.7687849767853214,Old,Luxury,Spacious
2251,Mumbai,4639.066573007463,4,2,19.606407348463616,218.7497313024039,0,0,4715.382455927777,1.3333333333333333,0.0,Old,Premium,Spacious
2252,Mumbai,926.8213696392024,2,1,36.19355191573586,175.90136137441695,0,2,18978.99283902924,1.0,2.1579131270770873,Old,Mid-Range,Compact
2253,Mumbai,2948.567008833954,2,4,45.48068984414561,426.2131387870013,3,1,14454.924629830692,0.4,0.33914779518457067,Old,Luxury,Large
2254,Mumbai,3832.2928454824337,4,4,1.2518168118721915,454.5887518059225,3,2,11862.056740830723,0.8,0.5218807853782967,Brand New,Luxury,Spacious
2255,Delhi,3906.170803071562,2,1,22.411942327769825,236.90359695244737,1,1,6064.8550433627115,1.0,0.2560051903551335,Old,Premium,Spacious
2256,Hyderabad,3230.2229088650174,3,4,30.539067803897364,24.35028712958932,0,5,753.8268353791449,0.6,1.54788079369941,Old,Budget,Spacious
2257,Chennai,1250.5430083265337,4,3,15.92815490629948,400.4149082751058,1,8,32019.283272067365,1.0,6.397221004582269,Old,Luxury,Standard
2258,Mumbai,4088.3924927374896,4,4,38.62038610616209,156.8330434267,0,1,3836.056437959271,0.8,0.24459491151506932,Old,Mid-Range,Spacious
2259,Delhi,3740.501000817256,2,4,48.57385351351369,24.746175208121954,1,3,661.5738159865537,0.4,0.8020315993350983,Old,Budget,Spacious
2260,Delhi,887.6109719706633,1,3,47.17136831251416,406.3945083085386,1,4,45785.20558463426,0.25,4.506478768642582,Old,Luxury,Compact
2261,Delhi,2587.144211034693,2,3,13.299126968997092,268.3588106321111,1,4,10372.781288631168,0.5,1.5461063140350628,Old,Premium,Large
2262,Hyderabad,1282.898297848116,1,2,11.3169139218743,348.9011582424652,2,0,27196.322485398763,0.3333333333333333,0.0,Old,Luxury,Standard
2263,Chennai,2018.6467057083732,4,3,47.87452655106105,459.0511141493492,2,5,22740.537650854625,1.0,2.476906922772019,Old,Luxury,Large
2264,Hyderabad,581.3649149255845,1,1,22.931424371573293,279.7634384662906,2,4,48121.830417320714,0.5,6.88036016158974,Old,Premium,Compact
2265,Bangalore,2301.484407848412,3,4,10.414886154234589,261.5331548379036,0,5,11363.672677774213,0.6,2.1725109164108343,Old,Premium,Large
2266,Delhi,2974.446145202947,5,2,35.34984818152091,159.5178182471665,1,3,5362.94188766637,1.6666666666666667,1.0085911304322202,Old,Mid-Range,Large
2267,Bangalore,3288.121667721891,1,3,14.22101619518958,166.49304053117726,3,5,5063.469584035454,0.25,1.5206249966608292,Old,Mid-Range,Spacious
2268,Mumbai,3485.706553079195,5,4,13.362348753552617,402.34019169423,3,8,11542.572088829786,1.0,2.295087058585864,Old,Luxury,Spacious
2269,Mumbai,4263.31090896107,3,1,43.96245215388924,235.5340378812498,0,0,5524.674200658927,1.5,0.0,Old,Premium,Spacious
2270,Hyderabad,1469.5830827407851,5,1,8.123957668845172,98.4925801318978,0,5,6702.0763431903615,2.5,3.4023255021927423,Medium,Budget,Standard
2271,Chennai,1042.1682009731055,3,2,3.2196473233118192,65.37380672023788,3,0,6272.865230314673,1.0,0.0,Recent,Budget,Standard
2272,Bangalore,4331.9172735406655,5,1,13.459322008584362,247.0016560936541,1,6,5701.90150219025,2.5,1.3850680013323378,Old,Premium,Spacious
2273,Chennai,1204.7576670169246,5,4,30.34727064191019,243.1784113365106,2,3,20184.84032051355,1.0,2.4901273360876277,Old,Premium,Standard
2274,Hyderabad,4886.420366012879,2,3,6.154392670163528,333.6599735385901,0,5,6828.310880892205,0.5,1.0232439343076407,Medium,Luxury,Spacious
2275,Mumbai,4291.422032293866,1,1,23.57973361383969,246.11238931766752,0,6,5734.984521811634,0.5,1.3981379493437653,Old,Premium,Spacious
2276,Chennai,2753.9447265031963,5,3,31.36685552126599,88.86833798442308,0,4,3226.9470454210273,1.25,1.4524619762717512,Old,Budget,Large
2277,Chennai,4916.3964121491135,4,4,42.436849629658695,263.7453847032865,3,8,5364.607785725622,0.8,1.6272080868480956,Old,Premium,Spacious
2278,Mumbai,938.1952809860188,2,4,11.493479560112718,455.2589138652921,2,7,48524.96309583084,0.4,7.46113324364964,Old,Luxury,Compact
2279,Bangalore,1863.7959252879573,1,3,40.86731616913947,96.53187757770196,1,2,5179.315839677444,0.25,1.073078856361916,Old,Budget,Standard
2280,Mumbai,3372.0098676827515,2,4,11.74531305656193,351.0822276693195,1,0,10411.6607437624,0.4,0.0,Old,Luxury,Spacious
2281,Chennai,2075.0309081293044,1,2,33.83832706198203,305.0524471834527,3,9,14701.103775772941,0.3333333333333333,4.3372847916341355,Old,Luxury,Large
2282,Bangalore,4677.676483913563,3,1,21.53367857412276,379.3211488216653,0,7,8109.17877980966,1.5,1.4964694595859422,Old,Luxury,Spacious
2283,Bangalore,795.317396800179,5,2,5.734062118933508,92.28813124524451,3,3,11603.937197469806,1.6666666666666667,3.7720789361203177,Medium,Budget,Compact
2284,Mumbai,2972.3532442743403,4,2,35.71317314109243,471.9705617148774,3,6,15878.68341772758,1.3333333333333333,2.0186026043700664,Old,Luxury,Large
2285,Chennai,3158.8982032780154,2,2,10.88813092745089,318.0638853282361,1,3,10068.82352201722,0.6666666666666666,0.9496982197422109,Old,Luxury,Spacious
2286,Hyderabad,3437.2765569975086,2,3,8.831171301229574,426.5941460917457,2,6,12410.818245721242,0.5,1.7455680101693805,Medium,Luxury,Spacious
2287,Chennai,1650.498004993165,2,3,17.91614642946916,138.3712465665131,1,0,8383.60580551481,0.5,0.0,Old,Mid-Range,Standard
2288,Delhi,2140.54892383939,2,4,32.66451223797417,374.9181869110216,3,0,17515.048721173378,0.4,0.0,Old,Luxury,Large
2289,Hyderabad,4296.562383492399,5,3,11.69982393953139,394.8947380802811,3,1,9190.946222437868,1.25,0.23274420588935202,Old,Luxury,Spacious
2290,Bangalore,1377.2424603657191,1,4,9.183076939094288,210.76893074579635,0,4,15303.691021102255,0.2,2.9043542550509387,Medium,Premium,Standard
2291,Hyderabad,4220.905312280129,5,3,0.4976812856682167,204.2976573840426,0,9,4840.138365332844,1.25,2.13224399367969,Brand New,Premium,Spacious
2292,Bangalore,3031.949403062341,3,4,23.58215485508618,335.74220721235963,3,5,11073.47658484182,0.6,1.6491040368120526,Old,Luxury,Spacious
2293,Bangalore,3929.8438003733695,5,1,21.432278465759136,64.83568724490367,1,1,1649.8286074053049,2.5,0.2544630399572093,Old,Budget,Spacious
2294,Hyderabad,3711.2331481856218,5,4,11.693387181868816,373.0995921044043,0,0,10053.251229629921,1.0,0.0,Old,Luxury,Spacious
2295,Bangalore,1433.8017292319555,3,1,2.682608200484537,40.585644722917245,2,8,2830.63159260226,1.5,5.579572012572031,Recent,Budget,Standard
2296,Bangalore,3059.657313952428,5,4,21.462793729791844,111.48334453799647,2,6,3643.654602416362,1.0,1.961003924406578,Old,Mid-Range,Spacious
2297,Delhi,4404.754187622915,1,3,39.41025555358157,338.78900347585625,3,7,7691.439500252528,0.25,1.5891919734521314,Old,Luxury,Spacious
2298,Chennai,2444.5230656086824,4,3,35.76410656635885,67.19536020414264,2,5,2748.81268863835,1.0,2.0453887591995406,Old,Budget,Large
2299,Chennai,4849.658466004926,3,1,43.03974449300851,486.4842039088592,2,8,10031.30854098304,1.5,1.6496006999417172,Old,Luxury,Spacious
2300,Delhi,2534.967950457732,2,2,0.4791343856577812,436.8301805417123,0,7,17232.17764795942,0.6666666666666666,2.7613761344540984,Brand New,Luxury,Large
2301,Hyderabad,1142.5353650054813,1,2,48.32096584022992,320.62511955523354,0,3,28062.59914358934,0.3333333333333333,2.6257392916547557,Old,Luxury,Standard
2302,Mumbai,2252.4560603495293,4,4,17.070612631372416,413.1475787212879,1,4,18342.09270467087,0.8,1.77583930288935,Old,Luxury,Large
2303,Mumbai,4782.660828757417,1,3,49.51988980459824,446.03842332299257,0,1,9326.156281897116,0.25,0.2090886299080945,Old,Luxury,Spacious
2304,Mumbai,1938.743822029344,1,2,12.630973030088732,144.54831179447285,1,0,7455.771626556086,0.3333333333333333,0.0,Old,Mid-Range,Standard
2305,Delhi,4406.441719401782,2,3,23.57681937891224,427.71756221567335,0,5,9706.642898110093,0.5,1.1347024012560407,Old,Luxury,Spacious
2306,Delhi,4465.628067568505,4,3,17.696383828765182,113.50101614604888,3,2,2541.6585176527965,1.0,0.4478653326561033,Old,Mid-Range,Spacious
2307,Bangalore,2075.8393594938248,1,3,17.78803574971513,218.4042867914314,1,3,10521.251839289112,0.25,1.4451985344046678,Old,Premium,Large
2308,Mumbai,874.6594612278445,2,4,42.11410493741079,287.9646229993277,3,0,32923.05585937225,0.4,0.0,Old,Premium,Compact
2309,Hyderabad,3760.510591214682,3,1,37.320946986866936,362.6676622755356,1,5,9644.106923214127,1.5,1.329606679391096,Old,Luxury,Spacious
2310,Hyderabad,1901.8053455629367,2,4,49.607571761502406,34.46783250681346,2,7,1812.3743624566864,0.4,3.680713179364837,Old,Budget,Standard
2311,Mumbai,4023.156264159076,5,2,30.675734135875626,159.44451813353072,1,9,3963.1699010542407,1.6666666666666667,2.2370495722917663,Old,Mid-Range,Spacious
2312,Mumbai,2491.946817171949,2,1,23.162830219725134,312.08916714098734,1,3,12523.909619193633,1.0,1.2038780199188313,Old,Luxury,Large
2313,Mumbai,2683.700340541797,2,2,4.503693147344556,191.536965991577,1,9,7137.047422847095,0.6666666666666666,3.353578588503306,Recent,Mid-Range,Large
2314,Delhi,4000.592330368416,2,1,49.82807097569284,392.0120267021569,1,7,9798.849628501297,1.0,1.7497408938329309,Old,Luxury,Spacious
2315,Delhi,2220.634989777325,1,1,27.576532646614144,332.7930373523438,1,9,14986.390779410118,0.5,4.052894798754153,Old,Luxury,Large
2316,Delhi,2494.0730539531155,4,4,35.02387348450709,132.51269778739317,2,2,5313.104104042182,0.8,0.801901129892724,Old,Mid-Range,Large
2317,Chennai,2192.8571094633,2,3,20.33711935956557,90.04591020431988,1,6,4106.32821517306,0.5,2.7361563934589865,Old,Budget,Large
2318,Hyderabad,2153.03231874776,2,3,27.385785408961794,321.9425569217842,3,2,14952.983014627082,0.5,0.9289224237763573,Old,Luxury,Large
2319,Hyderabad,2866.7595960565677,5,1,47.12888659464436,236.2243172982837,1,5,8240.116039839095,2.5,1.7441295066659432,Old,Premium,Large
2320,Bangalore,4139.597500255179,5,4,8.320971896580136,101.09937972863293,1,3,2442.2514440691593,1.0,0.7247081388504728,Medium,Mid-Range,Spacious
2321,Delhi,2127.9574036515464,3,2,14.61862921651273,176.65961855282114,3,5,8301.839982777643,1.0,2.3496710937070766,Old,Mid-Range,Large
2322,Chennai,2859.1462424198157,3,2,7.602986388901617,165.46243919292155,0,6,5787.127525624003,1.0,2.098528543584377,Medium,Mid-Range,Large
2323,Chennai,3518.2729644917035,5,3,39.61079519023873,71.90334672290005,0,7,2043.7114302553318,1.25,1.989612537357889,Old,Budget,Spacious
2324,Hyderabad,1712.4775083664476,4,3,3.102263021091478,282.51632924730944,2,5,16497.520572798945,1.0,2.919746376563835,Recent,Premium,Standard
2325,Delhi,1748.8526220607666,3,2,4.081582492566915,386.551344278026,1,3,22103.140047474775,1.0,1.715410413751697,Recent,Luxury,Standard
2326,Bangalore,4700.359071605547,4,2,14.924705639368437,296.2241066494338,1,8,6302.159093310496,1.3333333333333333,1.7019976299953958,Old,Premium,Spacious
2327,Delhi,3755.905579989899,5,4,25.709409046050563,416.6198551699291,0,6,11092.394265434372,1.0,1.597484247731312,Old,Luxury,Spacious
2328,Mumbai,3097.34004300489,3,2,20.31374002797933,81.23290266340703,1,8,2622.6665957089676,1.0,2.582861387165868,Old,Budget,Spacious
2329,Delhi,3414.7402448927537,2,4,2.2408155335403634,229.09369175466747,2,2,6708.963942347028,0.4,0.5856960871302859,Recent,Premium,Spacious
2330,Mumbai,631.8474939653827,5,3,47.87457789354757,312.5192497558876,3,4,49461.18370978452,1.25,6.330641552278041,Old,Luxury,Compact
2331,Mumbai,3281.463345027636,3,2,47.643476017904185,344.4807492521155,1,0,10497.778369948981,1.0,0.0,Old,Luxury,Spacious
2332,Bangalore,2792.7899295089087,4,3,13.967816162037996,353.97742708324495,3,7,12674.688609518484,1.0,2.506454182621211,Old,Luxury,Large
2333,Hyderabad,2955.8735590074607,4,1,36.57628076342908,369.9034050069829,2,0,12514.182275482415,2.0,0.0,Old,Luxury,Large
2334,Delhi,2117.407220738677,3,1,28.928770569161188,332.686309854088,0,0,15711.966342403766,1.5,0.0,Old,Luxury,Large
2335,Mumbai,866.6325397082385,4,1,11.873834750281205,65.22948269161647,2,6,7526.775155889797,2.0,6.923349545610146,Old,Budget,Compact
2336,Delhi,1370.0265512542348,3,2,13.108577587080772,353.74672524910227,2,7,25820.428438065923,1.0,5.109390028676178,Old,Luxury,Standard
2337,Hyderabad,4778.351209457022,3,3,24.557658715522525,367.89567525170605,2,2,7699.217975514007,0.75,0.41855441601733284,Old,Luxury,Spacious
2338,Hyderabad,2339.148030219203,4,2,20.961847074868007,496.870368480141,2,1,21241.510244803914,1.3333333333333333,0.4275060778886616,Old,Luxury,Large
2339,Chennai,2600.0742012388887,1,3,14.561466411563211,352.8139696165405,3,6,13569.380806456636,0.25,2.3076264504840314,Old,Luxury,Large
2340,Hyderabad,737.1940543404755,2,4,40.375579815257446,349.67858996074347,2,9,47433.72357683765,0.4,12.208454404928393,Old,Luxury,Compact
2341,Bangalore,669.0480329479126,5,2,24.073145881869245,267.1103792873465,2,4,39923.94658279219,1.6666666666666667,5.978643988198396,Old,Premium,Compact
2342,Mumbai,3727.3165117104095,2,1,32.74240311945639,436.6029961208546,2,0,11713.601320122505,1.0,0.0,Old,Luxury,Spacious
2343,Chennai,2921.425988545001,5,4,9.463675008393771,498.480685741356,2,1,17062.9236439983,1.0,0.34229859114043276,Medium,Luxury,Large
2344,Bangalore,2789.1769289732,5,3,26.675383125824336,393.9415376947674,3,2,14123.93504343921,1.25,0.7170574154778608,Old,Luxury,Large
2345,Delhi,1594.060386902009,2,2,15.898802472331075,314.00018137174806,2,5,19698.13590199017,0.6666666666666666,3.136644032486934,Old,Luxury,Standard
2346,Mumbai,3851.37829233465,3,3,26.32068051974391,57.898316927152734,0,0,1503.3142042262384,0.75,0.0,Old,Budget,Spacious
2347,Hyderabad,1257.064605988213,4,3,39.04129167054641,368.8347832302212,2,7,29340.95681902284,1.0,5.568528432551887,Old,Luxury,Standard
2348,Mumbai,1354.7063464745902,1,2,38.44566050456309,360.1095529193362,2,1,26582.11160348252,0.3333333333333333,0.7381673545727031,Old,Luxury,Standard
2349,Delhi,2573.20477106724,1,2,17.711033901713797,392.2727109485272,1,4,15244.519804999103,0.3333333333333333,1.5544818061024326,Old,Luxury,Large
2350,Chennai,1788.259379503734,1,3,34.713855853981954,79.78658643175487,1,7,4461.6898055301535,0.25,3.9144209616518797,Old,Budget,Standard
2351,Chennai,1613.5834155491586,2,3,47.064497519713846,333.7916000605489,1,4,20686.355402763482,0.5,2.4789545811231957,Old,Luxury,Standard
2352,Chennai,3403.5694004899924,2,4,31.28346649624532,161.94747437680385,2,7,4758.165776008246,0.4,2.056664394441979,Old,Mid-Range,Spacious
2353,Hyderabad,3429.3728534834504,3,1,7.4205061691318575,384.9301968333602,0,5,11224.507024436263,1.5,1.4579925291358027,Medium,Luxury,Spacious
2354,Bangalore,4210.3268140996815,1,3,33.985431463954754,135.3794979351038,0,6,3215.4154276513755,0.25,1.4250675220524454,Old,Mid-Range,Spacious
2355,Bangalore,2379.688551378392,3,1,5.2452193174655655,348.3097648737971,1,7,14636.779450489224,1.5,2.941561405565184,Medium,Luxury,Large
2356,Mumbai,828.8829096176761,1,4,43.60552043965136,161.59661455231026,1,2,19495.710754471584,0.2,2.4128860382976214,Old,Mid-Range,Compact
2357,Hyderabad,1731.4987321465596,2,1,25.833024790097014,24.317260552366943,2,4,1404.405333997591,1.0,2.310137412021753,Old,Budget,Standard
2358,Chennai,4910.0245843856765,4,1,19.257036815578974,324.0117977470858,0,9,6598.985242914519,2.0,1.8329847122600602,Old,Luxury,Spacious
2359,Chennai,3183.16358854716,4,4,2.850329732484619,74.36915991628274,0,6,2336.328556404035,0.8,1.8849172633124027,Recent,Budget,Spacious
2360,Delhi,3693.8168816045913,4,3,19.039186729605483,336.4599069383428,1,8,9108.732720723958,1.0,2.165781427834291,Old,Luxury,Spacious
2361,Delhi,533.1102333143654,4,1,45.16033339578947,464.29253521133,0,5,87091.2817270092,2.0,9.378923321195359,Old,Luxury,Compact
2362,Chennai,2831.925794821344,5,3,1.049149814315159,485.23804842132336,1,9,17134.560845791348,1.25,3.178049374195477,Brand New,Luxury,Large
2363,Chennai,668.878958893114,1,3,23.732407889090247,133.24308191725405,1,0,19920.35780849643,0.25,0.0,Old,Mid-Range,Compact
2364,Hyderabad,3061.535954411516,4,2,46.55790455553112,408.4415492723143,3,7,13341.06655464134,1.3333333333333333,2.2864340331895696,Old,Luxury,Spacious
2365,Bangalore,4643.468823362339,5,3,19.74204998825105,189.70557289877132,3,5,4085.4279443919118,1.25,1.076781214691024,Old,Mid-Range,Spacious
2366,Delhi,4857.886087251835,5,3,21.40878437310752,452.2193949190315,2,0,9308.97486677909,1.25,0.0,Old,Luxury,Spacious
2367,Bangalore,2932.487039250159,5,1,28.928002759955994,397.9949929420994,1,3,13571.926750744216,2.5,1.0230224242583879,Old,Luxury,Large
2368,Hyderabad,2561.921623634972,3,3,23.146866678859173,55.48242398996655,2,5,2165.656571150117,0.75,1.951660017181076,Old,Budget,Large
2369,Chennai,4752.576924118223,3,3,8.43008456187762,215.42575706109312,3,9,4532.819994303669,0.75,1.8937094851273404,Medium,Premium,Spacious
2370,Bangalore,3531.244243985128,5,2,0.9277769534930204,181.9125564846436,0,0,5151.51442142527,1.6666666666666667,0.0,Brand New,Mid-Range,Spacious
2371,Chennai,792.0467579228425,4,2,30.49058289893508,396.88688994717296,3,9,50109.02272840763,1.3333333333333333,11.362965519362353,Old,Luxury,Compact
2372,Chennai,2595.765099503739,1,1,46.04032935039061,216.9371411135164,3,4,8357.3487121385,0.5,1.5409714849639995,Old,Premium,Large
2373,Mumbai,1581.1025830893675,2,1,5.318206651358281,348.6024308734802,3,2,22048.05903183933,1.0,1.2649400623279832,Medium,Luxury,Standard
2374,Bangalore,2614.119446519067,3,2,10.547635962637669,309.1689226834114,0,6,11826.885840855412,1.0,2.2952279430037272,Old,Luxury,Large
2375,Bangalore,2549.595074028628,4,2,18.511474291248675,488.3065851668642,3,7,19152.3191325942,1.3333333333333333,2.745534014912911,Old,Luxury,Large
2376,Chennai,3119.651612666339,4,4,40.43711145105598,470.1367792647752,1,2,15070.169289286549,0.8,0.6410972276133801,Old,Luxury,Spacious
2377,Hyderabad,2105.4672065716304,2,3,13.46301582354888,225.29576707458497,1,9,10700.511809036345,0.5,4.274585693811332,Old,Premium,Large
2378,Mumbai,1239.217022551676,2,1,44.102720213938426,367.3175415877517,3,2,29641.098766655643,1.0,1.6139223103002516,Old,Luxury,Standard
2379,Chennai,2766.7374556548034,4,1,2.7478937325033206,418.1408451109865,2,2,15113.137831577344,2.0,0.7228730705590785,Recent,Luxury,Large
2380,Delhi,4235.912979555929,2,3,47.04783106294674,451.46516185382967,2,5,10658.036745154262,0.5,1.18038307777611,Old,Luxury,Spacious
2381,Delhi,3488.0550263042105,4,3,28.037353893688245,52.70444661271217,0,5,1510.9981412350446,1.0,1.433463624367698,Old,Budget,Spacious
2382,Mumbai,2022.6553966634715,2,1,32.93888392438522,164.99782365127845,0,2,8157.485646020339,1.0,0.9887991811650945,Old,Mid-Range,Large
2383,Hyderabad,4709.853602414858,2,2,18.384476126817656,173.71041966489048,1,5,3688.2339522363254,0.6666666666666666,1.0616041223524182,Old,Mid-Range,Spacious
2384,Chennai,4604.93407062132,4,2,39.09971427555302,228.53405658554172,1,8,4962.808437227132,1.3333333333333333,1.737267000419965,Old,Premium,Spacious
2385,Bangalore,1442.0677972284443,5,3,8.328312504220303,101.24708034340114,3,7,7020.965348369272,1.25,4.854140709232618,Medium,Mid-Range,Standard
2386,Mumbai,677.3791330416334,4,1,2.445591263924352,258.1788223760039,2,6,38114.37491685112,2.0,8.857668781525966,Recent,Premium,Compact
2387,Hyderabad,3835.88918757843,1,3,19.775847155377857,338.3428771032589,1,6,8820.454933862477,0.25,1.5641744864344629,Old,Luxury,Spacious
2388,Bangalore,4224.24617607119,2,2,42.68478569905197,258.7346817040245,2,7,6124.990611808134,0.6666666666666666,1.657100393355965,Old,Premium,Spacious
2389,Delhi,4855.390546781099,3,4,37.746341831884735,339.5806856948556,0,6,6993.890242670222,0.6,1.2357399352720912,Old,Luxury,Spacious
2390,Delhi,4504.263773397399,2,4,25.8577985244479,51.89198327259214,0,2,1152.063597586603,0.4,0.4440237296519325,Old,Budget,Spacious
2391,Bangalore,3202.406456928866,1,2,28.606887358267677,440.4739192195569,3,7,13754.466372203577,0.3333333333333333,2.185856197252692,Old,Luxury,Spacious
2392,Mumbai,2885.2355264557136,3,3,6.494641314937772,470.7532122085128,3,7,16315.937048882672,0.75,2.4261450879190276,Medium,Luxury,Large
2393,Delhi,625.2847306816383,3,4,42.03407543087911,316.5955635769513,1,0,50632.22369620679,0.6,0.0,Old,Luxury,Compact
2394,Chennai,1609.9540108015003,4,2,39.34798414820985,443.0676793457105,2,9,27520.517752251413,1.3333333333333333,5.59022179491912,Old,Luxury,Standard
2395,Bangalore,2568.266382798169,5,1,32.823519694347134,83.09408799114196,1,4,3235.415475111642,2.5,1.5574708397817882,Old,Budget,Large
2396,Bangalore,3328.267550376055,4,3,23.309551816446923,402.7754816366289,1,4,12101.655757546294,1.0,1.2018264575959485,Old,Luxury,Spacious
2397,Delhi,3007.633249932848,3,3,48.22296341397562,77.19113286684511,2,0,2566.507497833008,0.75,0.0,Old,Budget,Spacious
2398,Mumbai,3841.861953567608,3,4,43.951598593823554,215.8449111188176,1,5,5618.237035257889,0.6,1.3014522802822024,Old,Premium,Spacious
2399,Chennai,1758.951188991684,5,3,32.221524675730926,175.432896587972,3,5,9973.721709045187,1.25,2.842603041683176,Old,Mid-Range,Standard
2400,Mumbai,3042.28673443613,2,4,18.5900498858644,301.08407610581804,2,3,9896.63704928925,0.4,0.9861003455205325,Old,Luxury,Spacious
2401,Hyderabad,896.6400952585645,5,4,30.901113934075617,164.7269769149761,2,5,18371.582732698753,1.0,5.5763734261271765,Old,Mid-Range,Compact
2402,Hyderabad,2361.4948561244314,4,2,28.772046326533268,325.91054224022366,1,5,13801.026980642759,1.3333333333333333,2.1173029392940337,Old,Luxury,Large
2403,Delhi,3875.723748295704,2,4,19.71209939174582,196.34589879293972,2,0,5066.044732400757,0.4,0.0,Old,Mid-Range,Spacious
2404,Delhi,3620.303840430698,4,1,15.333698584403804,433.17938289462296,3,4,11965.277004017673,2.0,1.1048796389211715,Old,Luxury,Spacious
2405,Delhi,4957.8923172748055,5,3,20.35053961186612,324.2642433054135,3,1,6540.364787181404,1.25,0.20169861223401236,Old,Luxury,Spacious
2406,Hyderabad,1750.510066944902,2,4,28.695570301669893,123.34318271429412,0,6,7046.128156781197,0.4,3.4275724049228518,Old,Mid-Range,Standard
2407,Mumbai,2741.851846282906,5,3,21.40674223555472,181.3421225734818,0,8,6613.855625325818,1.25,2.9177360588776886,Old,Mid-Range,Large
2408,Mumbai,1982.8868619829848,1,4,13.178724410069192,426.7620260607948,0,8,21522.257988739293,0.2,4.034521663026,Old,Luxury,Standard
2409,Delhi,2482.714013266286,3,2,38.04816588804044,205.51027999398008,0,8,8277.646112111337,1.0,3.222280116538719,Old,Premium,Large
2410,Chennai,4356.275584412247,2,1,26.573374797870645,277.1835514715097,1,6,6362.856208255879,1.0,1.3773233313037807,Old,Premium,Spacious
2411,Mumbai,3578.9408383481896,3,3,3.3837581612799985,331.4921292571197,0,6,9262.296981978481,0.75,1.6764736470942103,Recent,Luxury,Spacious
2412,Hyderabad,4470.985361064118,1,2,18.41582528130628,186.94863180124003,0,0,4181.37427667053,0.3333333333333333,0.0,Old,Mid-Range,Spacious
2413,Bangalore,1415.799987493489,2,3,44.24567286059968,161.1097427638728,0,5,11379.414054742227,0.5,3.531572287164605,Old,Mid-Range,Standard
2414,Bangalore,4430.125030286471,3,2,37.7618265599976,248.12235325185367,0,4,5600.797980995336,1.0,0.9029090539553785,Old,Premium,Spacious
2415,Bangalore,768.9302338027298,3,1,16.162339197200353,123.14286660453875,1,7,16014.829589355337,1.5,9.103556723711634,Old,Mid-Range,Compact
2416,Chennai,4498.696761967186,2,4,46.909157602225456,156.42108172115044,0,7,3477.031015816918,0.4,1.5560061880985832,Old,Mid-Range,Spacious
2417,Delhi,1980.832007573276,3,2,3.830145417910508,49.79767233537732,2,3,2513.977568263581,1.0,1.5145151070510567,Recent,Budget,Standard
2418,Hyderabad,1915.644350363299,3,3,48.06173519460945,165.9057324660826,3,0,8660.570655227253,0.75,0.0,Old,Mid-Range,Standard
2419,Chennai,2804.398595143988,2,3,12.285254624233785,173.93796481451326,2,5,6202.326770370623,0.5,1.7829134591130693,Old,Mid-Range,Large
2420,Hyderabad,4733.105844754543,3,2,0.4547090151209632,481.6799198198335,1,9,10176.825442297144,1.0,1.901499838625886,Brand New,Luxury,Spacious
2421,Hyderabad,715.0161410663242,3,1,21.69040182591634,303.0698362236225,1,0,42386.43281138321,1.5,0.0,Old,Luxury,Compact
2422,Delhi,2085.039387818354,4,1,17.948521484350433,397.9435641995867,1,4,19085.661715770668,2.0,1.9184289866990631,Old,Luxury,Large
2423,Bangalore,4354.573949075011,4,4,26.95445026033969,41.78108133455478,3,4,959.4757563694566,0.8,0.918574364973104,Old,Budget,Spacious
2424,Delhi,2282.2451484596004,1,4,39.83864302849227,71.13761293201853,0,2,3117.001386990911,0.2,0.8763300477820705,Old,Budget,Large
2425,Chennai,1396.2060391868015,4,3,42.12154010752236,410.97774121404433,1,4,29435.321842141002,1.0,2.8649066740391254,Old,Luxury,Standard
2426,Chennai,2411.573815991353,4,3,20.06149998058459,319.3037837204652,0,5,13240.473155046486,1.0,2.0733348350544243,Old,Luxury,Large
2427,Chennai,2234.986256712512,1,4,21.49228718531751,111.6713746592974,1,4,4996.51281183076,0.2,1.7897201774670792,Old,Mid-Range,Large
2428,Delhi,4619.372906600165,3,4,7.408886516473684,214.3017948136344,3,0,4639.196686360604,0.6,0.0,Medium,Premium,Spacious
2429,Hyderabad,3928.704690843937,3,4,2.3773804440581747,278.56279999117896,2,6,7090.448937034767,0.6,1.5272209219449178,Recent,Premium,Spacious
2430,Hyderabad,2773.0200008480288,4,2,32.06074951175123,424.932717985972,2,2,15323.824489402223,1.3333333333333333,0.721235331655874,Old,Luxury,Large
2431,Mumbai,4947.66755024707,1,4,3.2218812776346137,48.9977560133572,3,6,990.3202977109976,0.2,1.2126926352803111,Recent,Budget,Spacious
2432,Chennai,2593.748890741655,3,2,36.69150597107279,306.426698896334,0,4,11814.046455696587,1.0,1.542169334231982,Old,Luxury,Large
2433,Hyderabad,762.0702386912385,5,2,26.95450725111237,364.1772423616083,1,2,47787.88409150287,1.6666666666666667,2.624430004555424,Old,Luxury,Compact
2434,Mumbai,1680.234448167432,2,4,9.92914891130417,489.3880917970205,2,5,29126.178928826124,0.4,2.9757751993796524,Medium,Luxury,Standard
2435,Hyderabad,2462.317160986907,2,1,26.97614717563248,407.4368375802485,3,0,16546.886974419904,1.0,0.0,Old,Luxury,Large
2436,Chennai,1206.0618086575405,2,1,9.149885830104942,152.58911051133123,0,5,12651.848306280186,1.0,4.14572450939763,Medium,Mid-Range,Standard
2437,Bangalore,4764.043068458193,4,3,21.9368603755206,360.59801306156726,2,3,7569.159385837984,1.0,0.6297172290196995,Old,Luxury,Spacious
2438,Chennai,3950.820040179979,2,4,39.97801581211144,386.373384764949,3,3,9779.574387988267,0.4,0.7593360288471492,Old,Luxury,Spacious
2439,Delhi,1707.292401924977,2,3,23.09596467053187,370.2730399608297,1,4,21687.73430628203,0.5,2.342890998337478,Old,Luxury,Standard
2440,Hyderabad,3158.6204008306213,5,4,7.434965914877411,413.6691526168976,3,8,13096.513671225424,1.0,2.5327513232980587,Medium,Luxury,Spacious
2441,Hyderabad,3746.521206993074,3,3,36.19143409114726,453.790388582546,0,0,12112.31335713576,0.75,0.0,Old,Luxury,Spacious
2442,Delhi,4735.755180080591,5,2,9.33842081350044,67.24633711488332,2,2,1419.9707239456357,1.6666666666666667,0.4223191284068795,Medium,Budget,Spacious
2443,Delhi,4467.359071289347,4,4,36.927493718505474,70.28665168693705,1,3,1573.3378617056464,0.8,0.6715376919845744,Old,Budget,Spacious
2444,Bangalore,2818.3650176219617,2,1,23.967614460791665,402.27199460991005,0,1,14273.239700843758,1.0,0.3548156444418847,Old,Luxury,Large
2445,Hyderabad,3985.936789068579,3,4,22.68708795471508,141.13878873030603,3,8,3540.9188905699352,0.6,2.007056414426837,Old,Mid-Range,Spacious
2446,Hyderabad,3029.6513922241325,2,3,42.571751892873735,48.09988253603741,2,6,1587.6375301623814,0.5,1.9804258719004864,Old,Budget,Spacious
2447,Bangalore,2987.1675052049304,2,3,35.430176217033434,212.5900068706908,2,0,7116.775557455936,0.5,0.0,Old,Premium,Large
2448,Mumbai,1016.3388125218636,4,3,1.645539847746963,413.5409176765175,0,8,40689.27729429022,1.0,7.8713908210879255,Brand New,Luxury,Standard
2449,Bangalore,1067.6194610726843,2,3,14.808715730080118,80.75121143071058,1,5,7563.669863190418,0.5,4.6833166519616265,Old,Budget,Standard
2450,Chennai,2882.9012676010584,1,3,43.54603304249493,342.4841464661444,0,1,11879.843070419643,0.25,0.3468727879231631,Old,Luxury,Large
2451,Hyderabad,1709.8769524055297,3,3,0.916308427259932,21.73561365035249,2,0,1271.1799886988288,0.75,0.0,Brand New,Budget,Standard
2452,Delhi,594.6660610721088,3,1,27.26267231309852,72.67397466197596,2,5,12220.972310233046,1.5,8.40808031147031,Old,Budget,Compact
2453,Chennai,3752.776417550955,1,3,36.3912834586972,188.40816596887367,2,6,5020.500690841262,0.25,1.598816271584752,Old,Mid-Range,Spacious
2454,Hyderabad,646.1896851057423,4,1,31.09280427422879,60.12909489171874,1,9,9305.17714498634,2.0,13.92779892258299,Old,Budget,Compact
2455,Bangalore,3178.745784968245,2,4,38.02661010522182,426.0328003698142,2,5,13402.543933662508,0.4,1.5729474258822962,Old,Luxury,Spacious
2456,Chennai,2926.372073572915,2,2,36.28459244573729,434.75384150982507,2,6,14856.410277966403,0.6666666666666666,2.0503202768315036,Old,Luxury,Large
2457,Hyderabad,4859.66610760012,3,1,34.601534757655664,382.6739374877717,0,5,7874.490325360027,1.5,1.028877270432306,Old,Luxury,Spacious
2458,Mumbai,2678.9591270643878,4,4,41.07699304628261,136.39022306989636,2,7,5091.16476216467,0.8,2.6129551321936826,Old,Mid-Range,Large
2459,Mumbai,786.2064637000881,4,2,32.28453342247692,271.15859611519033,3,1,34489.48954693769,1.3333333333333333,1.2719305248315373,Old,Premium,Compact
2460,Delhi,2982.5958551290773,4,1,20.120924712849103,108.41049225121829,0,8,3634.769761541381,2.0,2.6822272907818365,Old,Mid-Range,Large
2461,Hyderabad,4284.932767772456,2,1,23.59545549572938,155.0136560350932,2,8,3617.6450001963003,1.0,1.867007123231677,Old,Mid-Range,Spacious
2462,Mumbai,4985.82177926648,4,4,35.83623913407253,267.68254024341974,0,8,5368.875023904315,0.8,1.604549932624541,Old,Premium,Spacious
2463,Bangalore,2436.5442816008263,1,3,43.815301483339695,372.80662806118295,0,6,15300.630112753233,0.25,2.4625039837396097,Old,Luxury,Large
2464,Hyderabad,1941.3443412353413,5,1,13.610940041988783,65.4341025889468,3,8,3370.556227408319,2.5,4.120855754476477,Old,Budget,Standard
2465,Bangalore,4579.939836283995,4,1,17.103839798553537,162.41441486148136,0,0,3546.2128470503844,2.0,0.0,Old,Mid-Range,Spacious
2466,Bangalore,1360.5895808425462,5,4,46.53696981812063,464.7782473145227,0,2,34160.062215580714,1.0,1.4699509890127913,Old,Luxury,Standard
2467,Mumbai,3269.43011764817,2,3,28.92558962047227,225.9791925353063,1,1,6911.883245813558,0.5,0.3058637022403584,Old,Premium,Spacious
2468,Hyderabad,2325.714908814265,4,2,8.948090856750051,470.6574434764709,2,0,20237.1082411141,1.3333333333333333,0.0,Medium,Luxury,Large
2469,Chennai,684.8706422999987,3,3,33.184756945619135,495.8722599450251,1,4,72403.78391454174,0.75,5.840519001612938,Old,Luxury,Compact
2470,Mumbai,2062.79813437564,2,3,49.53810777696898,272.79671653347964,2,0,13224.595852955274,0.5,0.0,Old,Premium,Large
2471,Mumbai,1693.5283512620356,1,4,41.17267822352,158.26112469672827,0,2,9345.053159505147,0.2,1.1809663525913685,Old,Mid-Range,Standard
2472,Hyderabad,3587.410192745691,1,3,37.28705682757013,399.572868114838,2,5,11138.198495472789,0.25,1.3937631135995512,Old,Luxury,Spacious
2473,Hyderabad,4769.557239613631,5,4,10.40233271331346,96.4691530520072,0,5,2022.6018518193086,1.0,1.0483153359545458,Old,Budget,Spacious
2474,Bangalore,1706.21234320387,5,2,43.80698923420036,140.98249264259383,2,2,8262.892552861356,1.6666666666666667,1.1721870422320737,Old,Mid-Range,Standard
2475,Hyderabad,4151.596726182568,3,1,26.28944217677732,396.7423565596555,0,3,9556.379935882256,1.5,0.7226135383237302,Old,Luxury,Spacious
2476,Bangalore,749.1191762228428,3,1,44.46450110359778,228.15004387137435,2,6,30455.77407612722,1.5,8.0094065009159,Old,Premium,Compact
2477,Mumbai,2921.5445451791597,1,4,16.491391471243965,116.73820975408005,2,5,3995.7703176804116,0.2,1.7114235031091687,Old,Mid-Range,Large
2478,Delhi,817.4752866945256,4,4,3.102552631771638,332.54035757711574,2,1,40678.949319892956,0.8,1.223278570344941,Recent,Luxury,Compact
2479,Chennai,4703.148460087877,1,3,23.798798432987304,371.7256934632078,0,8,7903.762694666505,0.25,1.7009881928861166,Old,Luxury,Spacious
2480,Mumbai,3948.580762508256,1,3,13.491880240893884,80.03419493627317,2,5,2026.9104204780924,0.25,1.2662777592078047,Old,Budget,Spacious
2481,Hyderabad,3460.7746004206656,3,1,35.76146448881491,152.9505247879684,0,1,4419.545981682161,1.5,0.2889526523566278,Old,Mid-Range,Spacious
2482,Chennai,4207.533717310989,5,1,47.85532764280162,126.21284257867195,1,6,2999.6870152078986,2.5,1.4260135279045525,Old,Mid-Range,Spacious
2483,Delhi,3413.8390800657344,3,1,34.5487075575782,202.33022180597703,2,9,5926.765060117629,1.5,2.6363281305651647,Old,Premium,Spacious
2484,Delhi,4860.249787284311,3,4,44.34669648546017,386.4535498765109,3,9,7951.3104632518025,0.6,1.8517566779276162,Old,Luxury,Spacious
2485,Bangalore,3712.810765391472,3,2,22.65120068006032,362.5798890916756,3,3,9765.644197959706,1.0,0.8080131710358487,Old,Luxury,Spacious
2486,Chennai,4660.963743120111,1,2,38.58203685976508,338.0114769841779,0,0,7251.965379115104,0.3333333333333333,0.0,Old,Luxury,Spacious
2487,Bangalore,2827.093514047871,4,4,42.15217183358517,23.017062016923777,3,9,814.1599102594818,0.8,3.1834815351097734,Old,Budget,Large
2488,Mumbai,1026.789858418382,1,3,35.54378137917712,88.22879042258693,0,8,8592.682300007358,0.25,7.791272902054971,Old,Budget,Standard
2489,Chennai,2876.799746403577,2,2,25.388864303478236,127.18282356899206,0,9,4420.982855271358,0.6666666666666666,3.128476360320639,Old,Mid-Range,Large
2490,Mumbai,1070.9277262839198,3,3,31.293305480768403,150.5388060986478,3,7,14056.859525059825,0.75,6.53638880402298,Old,Mid-Range,Standard
2491,Bangalore,3166.2206562938227,3,1,35.025349783944016,90.284739991472,3,4,2851.4986727789715,1.5,1.263335829752986,Old,Budget,Spacious
2492,Chennai,2671.2187723744837,2,1,12.654220161071343,216.95146470746704,1,2,8121.815665237177,1.0,0.7487219020335695,Old,Premium,Large
2493,Bangalore,3301.589290247517,3,3,40.47896304574924,56.08668080673244,0,3,1698.7782512017923,0.75,0.9086532988405389,Old,Budget,Spacious
2494,Chennai,545.2114147467422,3,1,47.51622694836367,380.0106513861347,3,2,69699.68733370239,1.5,3.6683017741457706,Old,Luxury,Compact
2495,Bangalore,1376.7822124491386,3,4,23.2619657589968,398.1059779021304,1,9,28915.682836571897,0.6,6.53698160727253,Old,Luxury,Standard
2496,Delhi,2710.9869436045888,2,3,35.053359155493865,295.64801100843107,1,7,10905.54905496265,0.5,2.5820854713127623,Old,Premium,Large
2497,Bangalore,4777.266027151107,1,3,36.8512952895177,63.05834098014456,0,4,1319.967123910598,0.25,0.8372989859192279,Old,Budget,Spacious
2498,Delhi,2226.240681598213,3,3,33.112377376074015,447.2399213824439,2,7,20089.468541261736,0.75,3.1443141156573944,Old,Luxury,Large
2499,Bangalore,2409.674117241356,4,2,27.355755416431776,483.50519777989496,3,0,20065.169572947136,1.3333333333333333,0.0,Old,Luxury,Large
2500,Chennai,3716.1324005298,2,3,44.08239772874053,117.1345089544589,3,8,3152.0542416023527,0.5,2.1527758265177686,Old,Mid-Range,Spacious
2501,Chennai,3217.067407787531,5,3,22.44633546344472,358.22711333154547,3,9,11135.20694233474,1.25,2.7975789311140224,Old,Luxury,Spacious
2502,Chennai,1845.1676754425,2,3,3.055147824330179,424.13054270839314,3,2,22986.01630373131,0.5,1.0839123330731277,Recent,Luxury,Standard
2503,Hyderabad,2348.6737800534247,1,2,42.227818785608015,279.1248908204971,3,0,11884.361855231677,0.3333333333333333,0.0,Old,Premium,Large
2504,Mumbai,1479.649094857546,2,1,33.699063615827534,175.19508777283946,3,2,11840.313246006914,1.0,1.3516718301325026,Old,Mid-Range,Standard
2505,Chennai,4847.096566085938,5,2,42.46293132498233,249.7081832385693,1,1,5151.70638410058,1.6666666666666667,0.20630907314634056,Old,Premium,Spacious
2506,Delhi,1087.8547170081188,4,4,6.927372122234715,265.88900037653696,0,6,24441.590978968252,0.8,5.515442371295267,Medium,Premium,Standard
2507,Chennai,2173.2655305488875,5,3,1.5376470254858166,212.3057812102534,1,9,9768.97568317999,1.25,4.1412334910253366,Brand New,Premium,Large
2508,Hyderabad,616.2753749900504,2,4,46.71872701912507,466.3243969441789,3,3,75668.1859877506,0.4,4.867953713140711,Old,Luxury,Compact
2509,Delhi,1498.007713700959,5,2,7.386415292528714,377.063893252401,0,6,25171.024808732906,1.6666666666666667,4.005319829212679,Medium,Luxury,Standard
2510,Hyderabad,4012.120122710697,2,1,40.482616603522594,135.8247882823827,3,2,3385.3619564764126,1.0,0.49848956133664957,Old,Mid-Range,Spacious
2511,Delhi,1405.2885452999576,4,1,41.16049710903179,301.0674499135369,0,5,21423.888419248044,2.0,3.5579881560428963,Old,Luxury,Standard
2512,Bangalore,860.2853113803452,4,3,35.43526002745015,350.57079244696035,1,6,40750.52634392449,1.0,6.9744303670289085,Old,Luxury,Compact
2513,Mumbai,2635.039309300355,1,1,6.563110554643547,87.27508241702253,0,6,3312.0979299620185,0.5,2.277005879503595,Medium,Budget,Large
2514,Mumbai,544.8615563053332,4,2,33.36993122804038,192.04435634247145,1,4,35246.450060582414,1.3333333333333333,7.341314419618279,Old,Mid-Range,Compact
2515,Hyderabad,881.4476949184993,3,2,44.45432916634328,454.6631751698797,3,5,51581.41291774765,1.0,5.672486329960068,Old,Luxury,Compact
2516,Mumbai,4134.316413033388,5,1,21.276582240044164,292.24308808889674,0,2,7068.716055878152,2.5,0.4837559103350245,Old,Premium,Spacious
2517,Hyderabad,3971.6300518682287,5,3,20.675842718929943,124.1589181089521,2,3,3126.1450962822823,1.25,0.7553573622973316,Old,Mid-Range,Spacious
2518,Hyderabad,4618.124691822032,2,3,22.142915478970952,78.93670309719238,2,5,1709.2804626297072,0.5,1.082690558107755,Old,Budget,Spacious
2519,Hyderabad,4345.319461598373,4,2,4.113594533810322,268.7489088679413,1,2,6184.790583132069,1.3333333333333333,0.4602653539457659,Recent,Premium,Spacious
2520,Mumbai,3574.2900345791813,1,1,44.60127845149867,282.8891470539892,1,6,7914.554899496148,0.5,1.6786550453246611,Old,Premium,Spacious
2521,Hyderabad,735.4978578529827,1,2,43.45914319902552,180.51893665021396,1,2,24543.77463140043,0.3333333333333333,2.719246533005914,Old,Mid-Range,Compact
2522,Mumbai,4022.818780939959,1,2,49.89546608951432,322.5996936411769,1,8,8019.244992333442,0.3333333333333333,1.9886553274295755,Old,Luxury,Spacious
2523,Hyderabad,4304.798648782522,3,4,29.259157074920672,52.96864938530659,3,3,1230.4559099480093,0.6,0.6968967063879878,Old,Budget,Spacious
2524,Chennai,4095.869655973795,4,2,37.559581822569285,89.66705276774749,2,1,2189.206695993579,1.3333333333333333,0.24414839435661911,Old,Budget,Spacious
2525,Hyderabad,2788.155658886117,1,3,10.133595315365234,282.21143408540445,1,5,10121.796219876383,0.25,1.7933001638787722,Old,Premium,Large
2526,Delhi,1548.0582739226677,3,1,33.37644091120848,49.671533045337895,0,8,3208.6345767510306,1.5,5.167764117644343,Old,Budget,Standard
2527,Hyderabad,4303.98489059927,5,1,32.486642437869534,442.83620719572826,0,9,10288.981454441619,2.5,2.091085407771233,Old,Luxury,Spacious
2528,Bangalore,3772.232643830623,2,4,45.06043679208062,88.23025781912806,3,9,2338.9399899135615,0.4,2.3858549696608025,Old,Budget,Spacious
2529,Hyderabad,4913.425284749832,4,4,41.53963614195371,343.4815395605775,1,1,6990.6739118770565,0.8,0.20352400658330458,Old,Luxury,Spacious
2530,Delhi,1200.616689901698,4,3,46.92332313088816,207.7776520229241,0,3,17305.91068494443,1.0,2.498715889286554,Old,Premium,Standard
2531,Delhi,1515.4906237342475,5,4,43.44167363508038,211.89811882027925,1,4,13982.146474661207,1.0,2.639409269417842,Old,Premium,Standard
2532,Mumbai,1453.091674466762,4,2,43.4346947449426,387.146973733349,0,8,26642.983408147287,1.3333333333333333,5.50550260563274,Old,Luxury,Standard
2533,Chennai,4066.428954296015,4,2,3.1861663344359137,259.7418244029987,3,6,6387.467414833158,1.3333333333333333,1.4754960845095417,Recent,Premium,Spacious
2534,Hyderabad,1341.0828340255316,4,3,42.29809763479779,368.3146225490559,0,4,27463.97263497028,1.0,2.982664380240548,Old,Luxury,Standard
2535,Mumbai,799.9692342048775,4,1,30.373919725155908,262.4917898013292,1,5,32812.73561254273,2.0,6.2502403670182485,Old,Premium,Compact
2536,Chennai,4993.523629635329,3,3,19.02222258829806,304.59456387452644,1,8,6099.792180151767,0.75,1.6020751263740851,Old,Luxury,Spacious
2537,Hyderabad,611.6774515031711,3,4,2.825731219403116,385.1430213774388,3,3,62965.05134053354,0.6,4.904545676201777,Recent,Luxury,Compact
2538,Bangalore,4258.598270714896,2,1,33.883688738402334,311.50819660221214,2,1,7314.805877425928,1.0,0.23481904993873226,Old,Luxury,Spacious
2539,Hyderabad,2144.150786977937,4,1,16.410087526880872,315.49525250661856,1,4,14714.228795041594,2.0,1.8655404388036445,Old,Luxury,Large
2540,Delhi,4287.269568910169,5,1,23.388813249301737,398.82540388524535,2,6,9302.550200654337,2.5,1.39949212513017,Old,Luxury,Spacious
2541,Delhi,2995.7922104501527,1,4,34.086421852756715,475.5616715932992,1,3,15874.320987096784,0.2,1.0014045665567757,Old,Luxury,Large
2542,Bangalore,4557.34053268862,2,2,45.58872735120714,200.82375388896165,3,0,4406.599692265807,0.6666666666666666,0.0,Old,Premium,Spacious
2543,Mumbai,4667.86843886582,1,2,41.27184578024992,297.0162354684566,0,7,6362.995002074746,0.3333333333333333,1.4996138155300776,Old,Premium,Spacious
2544,Chennai,540.941815763492,1,4,22.529856455179992,61.41111571210189,2,4,11352.628678821118,0.2,7.3945106172913455,Old,Budget,Compact
2545,Hyderabad,839.3547919675473,4,4,19.389157872318947,192.22586267305613,0,9,22901.622116489725,0.8,10.722521734704024,Old,Mid-Range,Compact
2546,Delhi,1626.6142830688495,5,3,11.988986942202374,217.78362842690527,3,1,13388.76897207764,1.25,0.6147738959437583,Old,Premium,Standard
2547,Mumbai,3511.919373635757,1,3,18.62133755879841,420.9139120755445,3,2,11985.295426636982,0.25,0.5694891559909234,Old,Luxury,Spacious
2548,Bangalore,4497.224884301777,1,2,5.552319364594915,266.4283530203249,3,9,5924.283527611264,0.3333333333333333,2.0012341458431,Medium,Premium,Spacious
2549,Delhi,2569.7387808228323,2,4,48.55527541823773,370.91185918325976,1,9,14433.835141192581,0.4,3.5023015051818587,Old,Luxury,Large
2550,Bangalore,3231.3790232341944,5,3,28.695872197978943,29.123552012322254,1,4,901.273165509793,1.25,1.2378615975530207,Old,Budget,Spacious
2551,Hyderabad,1348.249337580025,5,4,6.3902921397606445,242.9564814215915,1,3,18020.14469057144,1.0,2.2251077129284593,Medium,Premium,Standard
2552,Chennai,4122.350752467584,1,4,17.64030046329529,452.63247927852046,1,8,10979.96037837345,0.2,1.9406402997637469,Old,Luxury,Spacious
2553,Delhi,4852.976501090614,5,2,27.3519571810328,127.67067646677684,2,8,2630.7705474791665,1.6666666666666667,1.6484728492301894,Old,Mid-Range,Spacious
2554,Delhi,1708.6951981156883,2,2,26.64428183204348,35.1306489474142,3,7,2055.99272393084,0.6666666666666666,4.096693200589226,Old,Budget,Standard
2555,Hyderabad,2726.7167822024585,2,4,1.7751684359316178,228.03619218246868,2,1,8363.031821672232,0.4,0.36674142563213596,Brand New,Premium,Large
2556,Mumbai,887.5224972786821,2,1,47.54205171145557,358.12727391084576,1,4,40351.34602322016,1.0,4.50692800719394,Old,Luxury,Compact
2557,Chennai,3016.1149540833576,4,1,13.76878407374723,238.14248328390536,0,7,7895.669989683149,2.0,2.3208664479193915,Old,Premium,Spacious
2558,Delhi,2762.5254883100624,1,4,0.8092334465945594,240.7895904854076,2,7,8716.284845310418,0.2,2.5339132723376805,Brand New,Premium,Large
2559,Chennai,1149.964178697849,5,2,3.822200447514124,341.50641979439337,0,6,29697.13545174032,1.6666666666666667,5.217553825714853,Recent,Luxury,Standard
2560,Delhi,2489.297959031338,2,1,29.009745162398847,142.10662797586352,1,3,5708.703028510157,1.0,1.2051590646735564,Old,Mid-Range,Large
2561,Chennai,2003.4709343895347,1,2,6.889276033754843,380.9070999881492,2,2,19012.359672900024,0.3333333333333333,0.9982675394337116,Medium,Luxury,Large
2562,Bangalore,2848.2389388733523,1,1,2.086239642675164,93.49449483475205,2,7,3282.53692338518,0.5,2.457658978136475,Recent,Budget,Large
2563,Delhi,3135.444509429597,4,4,18.981323320635568,209.9602905372741,2,7,6696.348473265447,0.8,2.232538314407435,Old,Premium,Spacious
2564,Chennai,538.2301037324428,5,3,31.13805961700943,334.88389206604063,0,9,62219.46519597003,1.25,16.721472726233742,Old,Luxury,Compact
2565,Mumbai,3924.5269232729993,5,3,5.591990242080619,417.6171234704949,1,4,10641.209288028229,1.25,1.0192311272677057,Medium,Luxury,Spacious
2566,Bangalore,3708.5643133778335,2,2,15.666391607565778,399.93491415922654,3,2,10784.0900241786,0.6666666666666666,0.5392922519330291,Old,Luxury,Spacious
2567,Bangalore,2148.2887379293497,2,2,20.888033581227116,366.40908766769496,3,4,17055.858516526143,0.6666666666666666,1.8619471067261848,Old,Luxury,Large
2568,Mumbai,738.2117100596822,1,1,7.973004889338359,192.3662640974677,1,3,26058.414066869173,0.5,4.063874846631001,Medium,Mid-Range,Compact
2569,Chennai,3897.196429032727,5,4,25.303694923335502,78.70607182098745,2,7,2019.556192617216,1.0,1.796162992414878,Old,Budget,Spacious
2570,Hyderabad,4798.288222151596,5,1,4.260704345088545,124.08042449263549,3,1,2585.931039319616,2.5,0.20840765575178202,Recent,Mid-Range,Spacious
2571,Mumbai,1580.6821820990638,2,4,2.325924817253433,435.1202309967128,2,7,27527.369886519235,0.4,4.428467707976796,Recent,Luxury,Standard
2572,Chennai,1955.8607618166704,3,4,25.99176835775674,431.51905766367656,1,9,22062.872065742908,0.6,4.6015545562867635,Old,Luxury,Standard
2573,Mumbai,1327.1580026681672,1,2,12.39484863754378,476.7492092187276,0,5,35922.56598387332,0.3333333333333333,3.7674489321903017,Old,Luxury,Standard
2574,Mumbai,3096.2125550517785,5,3,4.768690394901376,56.474552909859966,2,3,1823.9882406560273,1.25,0.9689257267254477,Recent,Budget,Spacious
2575,Delhi,1196.7862759135471,4,3,21.19562937438161,277.6683609331789,0,2,23201.165197288494,1.0,1.671142158171335,Old,Premium,Standard
2576,Chennai,2102.8727455762078,4,2,45.75703697586974,331.3678615540321,0,9,15757.86562696803,1.3333333333333333,4.279859548768802,Old,Luxury,Large
2577,Hyderabad,3636.5585627041833,3,3,36.20962233270775,361.1155409920912,1,4,9930.145074401384,0.75,1.0999410379426304,Old,Luxury,Spacious
2578,Delhi,3020.521923542068,2,2,40.78079576735138,329.0543528050065,1,5,10893.956777480864,0.6666666666666666,1.6553430587706717,Old,Luxury,Spacious
2579,Mumbai,2239.0815394757083,2,1,43.59569943793182,389.6054671530954,0,0,17400.235779011575,1.0,0.0,Old,Luxury,Large
2580,Mumbai,2391.1232081339385,2,4,48.63138706982095,192.54635661888395,0,0,8052.548524638739,0.4,0.0,Old,Mid-Range,Large
2581,Mumbai,3029.4989718045326,4,3,38.16232867570865,106.12773062503145,3,9,3503.144632586426,1.0,2.9707882668925665,Old,Mid-Range,Spacious
2582,Chennai,526.3912754922259,2,3,30.420396096973985,118.2000186322105,3,2,22454.782998005096,0.5,3.7994550691019904,Old,Mid-Range,Compact
2583,Chennai,853.2944080412444,4,1,18.27129401511236,25.749770945678883,1,1,3017.688936317775,2.0,1.1719284581924325,Old,Budget,Compact
2584,Delhi,4465.661304933552,3,1,9.082161827885804,188.15449861098676,2,0,4213.362495787988,1.5,0.0,Medium,Mid-Range,Spacious
2585,Hyderabad,850.4554509108084,1,3,34.33299369916472,64.03714442238909,0,7,7529.747073030989,0.25,8.230883807615369,Old,Budget,Compact
2586,Delhi,3680.616182947273,5,3,49.74749930609709,174.31457253929162,2,0,4736.016033046626,1.25,0.0,Old,Mid-Range,Spacious
2587,Bangalore,4640.171738490737,3,2,23.367934230945952,321.54083703979893,0,9,6929.502940000737,1.0,1.9395833833786809,Old,Luxury,Spacious
2588,Mumbai,1718.07621935779,4,2,36.18396840464038,449.3494666816736,1,7,26154.221891834266,1.3333333333333333,4.074324480561503,Old,Luxury,Standard
2589,Mumbai,2167.2114667678143,3,3,24.75462249965781,423.0106164754479,2,4,19518.659021601023,0.75,1.8456897544777262,Old,Luxury,Large
2590,Mumbai,3060.146326301224,5,2,21.59667116817383,141.2836217396369,1,3,4616.8910462005715,1.6666666666666667,0.9803452776802597,Old,Mid-Range,Spacious
2591,Delhi,4467.690363373631,1,1,20.51528067799576,84.35990825506254,0,7,1888.2219087215544,0.5,1.5668050895797037,Old,Budget,Spacious
2592,Delhi,4738.575142671891,5,4,25.23123414658488,112.67469142243102,1,7,2377.8179733348775,1.0,1.4772373106344756,Old,Mid-Range,Spacious
2593,Mumbai,3828.0346165007054,4,2,18.344783093268752,486.0735929137313,2,7,12697.732429547945,1.3333333333333333,1.828614602863456,Old,Luxury,Spacious
2594,Delhi,889.7889238461231,5,4,37.43866609109039,283.7477502490356,3,2,31889.33269954998,1.0,2.2477240909619063,Old,Premium,Compact
2595,Chennai,3511.1936999068284,3,2,43.71360132957583,107.60106704027592,1,7,3064.5152685006005,1.0,1.9936239918024885,Old,Mid-Range,Spacious
2596,Chennai,2346.366748426979,2,3,44.14426533225921,423.5581542496713,2,0,18051.660275770093,0.5,0.0,Old,Luxury,Large
2597,Delhi,2618.154497709777,3,2,11.384935671291297,209.6917972700264,1,3,8009.145275935919,1.0,1.1458452901172338,Old,Premium,Large
2598,Mumbai,721.1677565532966,4,4,44.79545693657454,451.6266329478691,1,4,62624.351802186044,0.8,5.546559678593156,Old,Luxury,Compact
2599,Delhi,1359.7796270586118,1,4,17.077561592755252,145.12502088055354,3,5,10672.686808411645,0.2,3.677066416133679,Old,Mid-Range,Standard
2600,Delhi,4057.311233901415,5,3,15.465383274264882,208.74644422603336,2,4,5144.945314567542,1.25,0.9858745778675928,Old,Premium,Spacious
2601,Delhi,2542.814748715369,1,4,36.3378028699118,262.3749261392406,2,4,10318.287097862418,0.2,1.57305993368994,Old,Premium,Large
2602,Bangalore,1857.4800873401696,4,3,15.234817004314472,448.4553603627352,2,4,24143.21227017317,1.0,2.153455117641571,Old,Luxury,Standard
2603,Chennai,2228.085832842312,5,3,2.648320280485505,437.0035671704268,0,8,19613.408098060234,1.25,3.5905259492604937,Recent,Luxury,Large
2604,Hyderabad,4344.797809965561,3,4,18.6808886155154,295.6904337458614,1,9,6805.620115800169,0.6,2.0714427675683575,Old,Premium,Spacious
2605,Hyderabad,3870.495578322306,3,1,36.07328001791745,126.45224469482751,3,9,3267.0814921752,1.5,2.325283627865844,Old,Mid-Range,Spacious
2606,Bangalore,1725.4192873148725,4,4,16.347921013508827,213.6113464341801,2,2,12380.257251360961,0.8,1.1591385437173563,Old,Premium,Standard
2607,Delhi,1028.7582809556798,5,4,31.477952799757325,488.3038713754426,3,1,47465.36483981696,1.0,0.9720456384283349,Old,Luxury,Standard
2608,Bangalore,1633.9919973983226,3,2,33.00597221315652,311.731147461153,0,9,19077.88703723752,1.0,5.507982911990998,Old,Luxury,Standard
2609,Bangalore,4643.404029746302,4,4,36.68680058631781,394.9269224596144,0,1,8505.11650353182,0.8,0.2153592479986361,Old,Luxury,Spacious
2610,Mumbai,3117.1497703238992,4,2,44.85652331554682,235.93505377348143,3,7,7568.9354428730485,1.3333333333333333,2.2456412157804784,Old,Premium,Spacious
2611,Chennai,2900.6609393515228,1,2,21.628224963421573,275.36349222406704,2,4,9493.129255073425,0.3333333333333333,1.3789960576689282,Old,Premium,Large
2612,Hyderabad,3183.771198616077,3,4,8.321603833122854,225.8979738716212,3,4,7095.295477571209,0.6,1.2563716895669894,Medium,Premium,Spacious
2613,Delhi,2147.127195859319,5,3,15.946285771594471,357.4020790697446,2,5,16645.594157578817,1.25,2.3286929668826213,Old,Luxury,Large
2614,Hyderabad,4131.981591437807,3,1,21.608362758699297,428.7060866657012,2,8,10375.314535622707,1.5,1.9361170477083944,Old,Luxury,Spacious
2615,Hyderabad,2854.7881218511243,3,4,35.69457346640566,263.5345007477905,0,6,9231.315582779831,0.6,2.101732158010183,Old,Premium,Large
2616,Chennai,1025.36556245958,3,4,0.6561062780816751,250.81638014538837,3,4,24461.166761222838,0.6,3.901047730143249,Brand New,Premium,Standard
2617,Hyderabad,1080.7930617307834,4,3,15.789269171993949,183.33750420723047,0,4,16963.238449517205,1.0,3.700986008916818,Old,Mid-Range,Standard
2618,Hyderabad,2915.8661592617827,2,2,38.99212905096584,105.00641326116023,1,9,3601.208269715129,0.6666666666666666,3.0865614223797406,Old,Mid-Range,Large
2619,Bangalore,4714.565981318777,2,3,33.54288516653477,470.8389069800522,0,8,9986.898239323129,0.5,1.6968688171296331,Old,Luxury,Spacious
2620,Chennai,1887.5845475428944,1,3,36.586998679280256,171.7182649661624,2,8,9097.248925336426,0.25,4.238220751708186,Old,Mid-Range,Standard
2621,Mumbai,4412.935259866483,3,2,40.59053847195974,404.331902515657,3,1,9162.425431273841,1.0,0.22660654215676299,Old,Luxury,Spacious
2622,Delhi,3938.430139604957,2,4,39.16178594389812,363.3665702179876,1,6,9226.177876407248,0.4,1.5234496454980484,Old,Luxury,Spacious
2623,Hyderabad,1615.1559930810809,1,3,34.10915830763891,399.64044813350193,1,9,24743.148639850293,0.25,5.572217196700332,Old,Luxury,Standard
2624,Delhi,663.533367423091,4,3,21.98307661852953,469.6487040186092,1,0,70779.96783229524,1.0,0.0,Old,Luxury,Compact
2625,Mumbai,958.3126931407224,3,4,49.17991644390769,319.21796490603066,1,3,33310.418112050975,0.6,3.130502206088872,Old,Luxury,Compact
2626,Delhi,3778.222702313481,5,4,28.45365977950369,451.0161648233814,3,1,11937.25728626889,1.0,0.26467471051605296,Old,Luxury,Spacious
2627,Mumbai,1398.51382118291,4,1,10.138460468441956,100.49471499790096,2,9,7185.822083109564,2.0,6.435402971125088,Old,Mid-Range,Standard
2628,Bangalore,2170.719142274272,1,3,14.64064275523922,320.8220364592581,1,8,14779.52767869967,0.25,3.685414591045788,Old,Luxury,Large
2629,Hyderabad,2757.646247028912,4,1,34.678122798523496,390.6922941990141,2,5,14167.600163361996,2.0,1.8131404654919026,Old,Luxury,Large
2630,Mumbai,3764.6067580257327,5,2,46.23697825997318,150.38774275720354,0,3,3994.779599133248,1.6666666666666667,0.7968959821910551,Old,Mid-Range,Spacious
2631,Delhi,1009.5405046660642,4,4,8.936006460294877,375.5618246201432,2,2,37201.26363274266,0.8,1.9810993127626513,Medium,Luxury,Standard
2632,Hyderabad,2328.6488237485764,1,4,4.117324787289317,393.6688779757937,1,3,16905.463544394792,0.2,1.288300738782375,Recent,Luxury,Large
2633,Bangalore,2682.8280911421293,5,1,44.07655240210031,418.9702188878935,0,1,15616.737437303713,2.5,0.37274099048749765,Old,Luxury,Large
2634,Hyderabad,2933.7217878719284,5,3,45.76389894564172,170.18379804604774,0,4,5800.952181273336,1.25,1.3634558043424874,Old,Mid-Range,Large
2635,Mumbai,4182.622886278476,4,2,13.818967265794974,347.1711632807884,0,8,8300.321896571624,1.3333333333333333,1.9126754234154895,Old,Luxury,Spacious
2636,Bangalore,1272.551877694476,5,3,18.864286218561997,166.0415760366858,1,5,13047.921970576852,1.25,3.9291129011248365,Old,Mid-Range,Standard
2637,Delhi,4135.2415332198,4,3,33.00939987489292,374.73938599925856,2,1,9062.091850955978,1.0,0.2418238431701414,Old,Luxury,Spacious
2638,Bangalore,3617.952924634935,3,1,16.49650104212374,242.22735926994187,3,5,6695.149558762806,1.5,1.3819969756805277,Old,Premium,Spacious
2639,Bangalore,3001.418663895317,5,3,43.857935413502645,306.8212997730656,2,8,10222.542541761408,1.25,2.6654062281392616,Old,Luxury,Spacious
2640,Chennai,3647.875416811574,4,1,5.378935135693136,219.60319108667304,1,3,6020.029907672046,2.0,0.8223965067924799,Medium,Premium,Spacious
2641,Bangalore,2354.079825282454,3,4,1.8991110480097608,97.75180492631566,1,0,4152.442235665773,0.6,0.0,Brand New,Budget,Large
2642,Bangalore,1122.7891368565606,5,4,10.424310337139476,105.45417421057456,0,1,9392.161960687605,1.0,0.8906391834175296,Old,Mid-Range,Standard
2643,Hyderabad,3495.943581194153,3,4,14.30438891024845,57.23307548582456,2,4,1637.1281216808065,0.6,1.1441832246713977,Old,Budget,Spacious
2644,Delhi,2861.0253800853,5,2,5.646329564443753,316.67488626639766,1,9,11068.580113642896,1.6666666666666667,3.1457253272362338,Medium,Luxury,Large
2645,Hyderabad,3377.18660244249,1,2,3.284521467032336,427.3464310174684,1,6,12653.918226147103,0.3333333333333333,1.77662673293226,Recent,Luxury,Spacious
2646,Hyderabad,2020.994514628205,1,3,37.78038567508991,30.001676605798853,3,7,1484.5006450360481,0.25,3.463641266383034,Old,Budget,Large
2647,Mumbai,4580.899598029262,4,1,8.213828295112869,51.79496100240968,2,2,1130.6722597607743,2.0,0.4365954671568037,Medium,Budget,Spacious
2648,Hyderabad,3143.164408590096,2,3,45.6961099533152,239.58415630539696,0,8,7622.387032973095,0.5,2.545205709932461,Old,Premium,Spacious
2649,Chennai,884.3111793089322,1,4,18.3999830724048,374.1059533607309,0,1,42304.786156054884,0.2,1.1308236550639061,Old,Luxury,Compact
2650,Chennai,2524.117958169929,2,3,33.53029048606727,95.69966946173663,0,3,3791.4103479982427,0.5,1.1885339947326001,Old,Budget,Large
2651,Mumbai,3903.6022463463546,3,3,11.270105738440012,150.39263338361306,2,3,3852.66284556465,0.75,0.7685209226446938,Old,Mid-Range,Spacious
2652,Delhi,4073.6055277952255,3,3,12.016138424593342,131.36297661526743,1,5,3224.734837945037,0.75,1.2274138882333485,Old,Mid-Range,Spacious
2653,Delhi,2725.6867374369144,2,4,28.735460143378766,211.544584962154,1,9,7761.148119357211,0.4,3.301920164333743,Old,Premium,Large
2654,Hyderabad,4526.364068740855,4,1,28.032146257299303,127.99936496843416,3,5,2827.862784003609,2.0,1.1046393803207486,Old,Mid-Range,Spacious
2655,Hyderabad,1704.507967374339,5,3,38.43646140060407,189.24736570148144,3,2,11102.756298229699,1.25,1.1733591384033502,Old,Mid-Range,Standard
2656,Hyderabad,2347.6941375722,2,4,37.8906652847133,369.7004473577332,1,8,15747.385549126438,0.4,3.4075989167281255,Old,Luxury,Large
2657,Delhi,4543.686097560365,2,2,33.53438823318305,313.2844392580108,1,4,6894.940199020839,0.6666666666666666,0.8803425047667167,Old,Luxury,Spacious
2658,Bangalore,4533.155224122105,2,1,22.45652829467455,58.967218588012585,2,1,1300.7985756638684,1.0,0.22059690228094073,Old,Budget,Spacious
2659,Chennai,3585.707459711064,2,4,44.532019314030855,326.1179197979445,3,5,9094.93937980716,0.4,1.3944249652766987,Old,Luxury,Spacious
2660,Bangalore,4365.412462049991,2,3,31.128924511064938,248.99704234842247,0,2,5703.86062057224,0.5,0.4581468572297985,Old,Premium,Spacious
2661,Bangalore,899.479701303047,4,4,49.50992452311786,468.5914758594266,0,7,52095.83664651836,0.8,7.7822767871907805,Old,Luxury,Compact
2662,Delhi,4392.477392934994,1,1,40.96849089671793,158.86607220994557,0,2,3616.776092358973,0.5,0.4553239142942127,Old,Mid-Range,Spacious
2663,Bangalore,1942.7895794760204,5,3,2.215490561916311,368.5598814555968,0,4,18970.65360804535,1.25,2.058895128045117,Recent,Luxury,Standard
2664,Mumbai,1302.4918059269737,1,2,16.02969535401589,370.8131950613936,1,3,28469.522293653787,0.3333333333333333,2.3032774458530447,Old,Luxury,Standard
2665,Hyderabad,1577.1642635392086,2,2,28.593785823547584,126.32037488440992,1,3,8009.335349822271,0.6666666666666666,1.9021480953847516,Old,Mid-Range,Standard
2666,Mumbai,2380.858286062492,1,2,36.07347689357436,453.5473399860493,2,1,19049.741122397267,0.3333333333333333,0.4200165989945662,Old,Luxury,Large
2667,Chennai,1630.3640207201024,4,4,27.516824888097076,255.76793620620947,0,7,15687.780946812196,0.8,4.2935196747706845,Old,Premium,Standard
2668,Hyderabad,1942.5541370742455,3,1,39.30652112310909,345.8640161068652,1,2,17804.601143718144,1.5,1.029572335632445,Old,Luxury,Standard
2669,Bangalore,1107.4031873223894,1,2,14.13278263786723,90.01066826408218,1,3,8128.0846302890495,0.3333333333333333,2.7090404238891126,Old,Budget,Standard
2670,Chennai,1832.7954450154932,5,3,9.195602561641254,143.74588015614523,1,5,7842.985454109425,1.25,2.7280731265445355,Medium,Mid-Range,Standard
2671,Hyderabad,3075.2771654390053,4,3,2.6958341894885054,301.3314166098669,0,8,9798.51247218723,1.0,2.601391539568101,Recent,Luxury,Spacious
2672,Bangalore,2488.341686409788,3,3,28.665687228576104,173.13308881920776,1,3,6957.769898112604,0.75,1.2056222087121964,Old,Mid-Range,Large
2673,Mumbai,2060.2344255616003,4,4,34.429976033774764,259.85260091406724,3,2,12612.768609729153,0.8,0.970763314691637,Old,Premium,Large
2674,Hyderabad,3859.034579857013,2,1,16.30748585596808,199.52249569917885,0,4,5170.269702702992,1.0,1.0365286750418832,Old,Mid-Range,Spacious
2675,Bangalore,4520.794871269931,3,1,30.67920924279383,327.46582238914306,0,8,7243.545255066065,1.5,1.7696003087511756,Old,Luxury,Spacious
2676,Mumbai,3905.551503060786,5,2,2.6078615426664618,253.82977413478827,3,0,6499.204374487483,1.6666666666666667,0.0,Recent,Premium,Spacious
2677,Chennai,1994.0031595295563,3,1,4.964667314840182,22.21276926712072,2,4,1113.9786394501682,1.5,2.006014875595141,Recent,Budget,Standard
2678,Chennai,3849.989755268992,5,3,35.08773861292492,331.8468022137843,2,3,8619.420396109566,1.25,0.7792228527087068,Old,Luxury,Spacious
2679,Chennai,1183.9108211332305,2,3,18.403485260864937,222.61834738408723,0,4,18803.641575891554,0.5,3.378632856967411,Old,Premium,Standard
2680,Chennai,1086.4309464108092,5,4,33.56670155515028,184.01520343530697,0,6,16937.588536411757,1.0,5.522670372950916,Old,Mid-Range,Standard
2681,Delhi,2055.321666662715,4,3,41.5860560139959,65.1904410959473,0,6,3171.7877621462,1.0,2.9192510823584965,Old,Budget,Large
2682,Hyderabad,4134.660660698257,1,1,42.631121873805846,125.77745147191592,3,6,3042.0259797251356,0.5,1.451146899921583,Old,Mid-Range,Spacious
2683,Hyderabad,1608.5671125903584,4,3,8.608382273222547,127.41069995880964,1,0,7920.757484195586,1.0,0.0,Medium,Mid-Range,Standard
2684,Delhi,784.6403400440581,4,2,24.314278617567325,468.97735971426994,3,8,59769.72324516689,1.3333333333333333,10.195754145843171,Old,Luxury,Compact
2685,Bangalore,1092.692908428598,3,4,36.696336181624325,227.60622787834248,1,6,20829.84396829875,0.6,5.491021268389672,Old,Premium,Standard
2686,Bangalore,4364.35235838311,2,4,38.69902981334552,40.19160666328162,1,3,920.9065483927074,0.4,0.6873872120424825,Old,Budget,Spacious
2687,Chennai,3352.0247813627943,1,1,39.23379903644388,86.63200747679403,2,3,2584.4679895705617,0.5,0.89498145022076,Old,Budget,Spacious
2688,Mumbai,1639.405235164895,5,3,11.408366719029225,57.93568435179779,3,1,3533.9453058395593,1.25,0.6099773128389564,Old,Budget,Standard
2689,Bangalore,2998.831213976816,3,3,9.626740886188667,302.6573072994614,3,5,10092.508904430835,0.75,1.6673162453079147,Medium,Luxury,Large
2690,Mumbai,2874.1083009140766,2,1,29.5006234136848,109.57831595207682,0,9,3812.6021875107044,1.0,3.1314060076085704,Old,Mid-Range,Large
2691,Hyderabad,3449.4619029829755,1,1,37.054289886910986,259.30766733525246,3,2,7517.336750726603,0.5,0.5798005765103447,Old,Premium,Spacious
2692,Mumbai,1549.3439948972734,4,2,15.956975776709664,197.62979017758823,1,0,12755.707630356921,1.3333333333333333,0.0,Old,Mid-Range,Standard
2693,Hyderabad,4389.81344237479,2,1,5.235257843121078,405.8606610292157,1,4,9245.510460910482,1.0,0.9112004536202092,Medium,Luxury,Spacious
2694,Delhi,1892.1585293600576,2,3,35.83731914550388,173.8350258873739,3,5,9187.127991129062,0.5,2.642484719127122,Old,Mid-Range,Standard
2695,Delhi,3623.592442893066,2,2,14.984891569000226,239.967431550468,2,4,6622.362623068026,0.6666666666666666,1.10387690200789,Old,Premium,Spacious
2696,Chennai,572.560908674967,4,4,8.318136215586092,366.2170633269564,2,4,63961.24111484732,0.8,6.986156301269131,Medium,Luxury,Compact
2697,Bangalore,2176.9570845236626,5,3,7.386176419856582,228.0085793267069,0,9,10473.728717376034,1.25,4.134211034283792,Medium,Premium,Large
2698,Chennai,2082.694180814637,3,4,15.745477376335815,400.74345728633074,0,7,19241.58913862148,0.6,3.361031141529372,Old,Luxury,Large
2699,Hyderabad,2945.679928623565,5,4,29.63390329568728,337.6084909935992,1,9,11461.13967485104,1.0,3.0553217654592406,Old,Luxury,Large
2700,Chennai,827.3131779973842,1,4,17.92011193469083,217.0539746944237,3,0,26236.010795794427,0.2,0.0,Old,Premium,Compact
2701,Mumbai,4055.5911817674873,3,3,1.0330925796715795,261.9113243294541,1,7,6458.030718355325,0.75,1.726012235027421,Brand New,Premium,Spacious
2702,Hyderabad,1480.0136079540584,1,4,4.845421733890554,484.25765880425286,1,6,32719.811236984577,0.2,4.0540167791391335,Recent,Luxury,Standard
2703,Delhi,3546.670166969046,4,3,14.525162359930954,337.5735183240283,3,0,9518.040935069972,1.0,0.0,Old,Luxury,Spacious
2704,Bangalore,4114.454554598419,5,4,32.9852241073546,454.3977084667159,1,8,11043.935531111154,1.0,1.9443646524322393,Old,Luxury,Spacious
2705,Hyderabad,3028.446303086809,2,1,4.925753673426692,105.8040816661109,1,3,3493.6753396706363,1.0,0.9906069646809273,Recent,Mid-Range,Spacious
2706,Hyderabad,3833.974430248935,3,1,28.032842675034093,251.95335499767293,2,6,6571.597165850528,1.5,1.5649556639349909,Old,Premium,Spacious
2707,Mumbai,3478.371404967525,2,3,5.9942935412002125,456.1576015256243,0,2,13114.114291365704,0.5,0.5749817276969803,Medium,Luxury,Spacious
2708,Bangalore,2099.8840871840343,1,4,10.580766367469074,174.85378949188046,2,7,8326.830540744806,0.2,3.333517332086206,Old,Mid-Range,Large
2709,Delhi,4139.863425651044,2,4,8.609426377788138,484.478815110282,0,3,11702.77290087394,0.4,0.7246615870010767,Medium,Luxury,Spacious
2710,Hyderabad,1826.156164484876,2,4,3.361431778540525,66.59719542735557,0,1,3646.8510592105563,0.4,0.5475982938633734,Recent,Budget,Standard
2711,Hyderabad,3070.458129881827,4,1,33.56649086932951,453.2821617320177,0,1,14762.688255562149,2.0,0.32568429781470004,Old,Luxury,Spacious
2712,Mumbai,3854.289826136928,4,4,23.17017736930173,233.70181859161215,2,7,6063.4209966988,0.8,1.8161581810820777,Old,Premium,Spacious
2713,Chennai,2205.3015941562844,5,4,41.55267204486691,55.39719926775712,3,7,2512.0010530328964,1.0,3.1741690200328794,Old,Budget,Large
2714,Delhi,1862.4542342784127,1,3,4.944541999115848,442.170364441322,1,0,23741.274083582302,0.25,0.0,Recent,Luxury,Standard
2715,Bangalore,2567.057045777702,4,4,7.236646666903612,140.93130195637443,3,5,5489.99494141271,0.8,1.947755702672835,Medium,Mid-Range,Large
2716,Hyderabad,4180.835724571191,4,1,15.32288656752253,30.680060237708098,3,8,733.8260161096094,2.0,1.9134930255650076,Old,Budget,Spacious
2717,Hyderabad,4684.647934155491,5,4,38.29329934694041,85.1874106732123,0,8,1818.437839311593,1.0,1.7077057043438575,Old,Budget,Spacious
2718,Delhi,2952.875357869505,3,1,15.28794115778494,336.3750761118856,0,1,11391.441742213587,1.5,0.3386529666194575,Old,Luxury,Large
2719,Chennai,3476.597923956433,5,1,20.42093537493463,489.3495147863336,2,7,14075.528015889877,2.5,2.013462630166295,Old,Luxury,Spacious
2720,Hyderabad,4564.731300075114,2,2,15.080178314858228,73.50182700008807,2,7,1610.2114706922307,0.6666666666666666,1.533496615646317,Old,Budget,Spacious
2721,Delhi,943.4608313582409,2,1,4.011214590051498,241.7350630998857,1,3,25622.16205116592,1.0,3.1797822445698034,Recent,Premium,Compact
2722,Mumbai,1544.3536003977426,4,2,46.97168114480937,106.7055444548156,3,3,6909.3984970368165,1.3333333333333333,1.9425603043418043,Old,Mid-Range,Standard
2723,Chennai,3690.050028132121,4,2,27.426949603559443,377.6175363687642,3,4,10233.398829010232,1.3333333333333333,1.0839961435495153,Old,Luxury,Spacious
2724,Bangalore,4206.850078605348,5,4,39.39165940927484,76.6682718856708,1,9,1822.4626609724066,1.0,2.1393678956545257,Old,Budget,Spacious
2725,Hyderabad,4356.630627487601,5,2,32.9178546092648,135.12403927082698,0,6,3101.572082294038,1.6666666666666667,1.3772110865088658,Old,Mid-Range,Spacious
2726,Delhi,2367.982295847197,1,3,25.712713953098756,114.27486447155424,2,0,4825.832721467621,0.25,0.0,Old,Mid-Range,Large
2727,Mumbai,902.0295603134008,2,1,4.483912832969006,285.2094945761494,1,8,31618.641685872946,1.0,8.868888949959114,Recent,Premium,Compact
2728,Bangalore,2470.0166478482897,5,3,32.13667726351522,439.1283641603035,3,2,17778.356455323577,1.25,0.8097111417213579,Old,Luxury,Large
2729,Delhi,1538.305655931742,3,2,7.768517796841606,265.3232965550809,1,3,17247.761882171348,1.0,1.9501976011281836,Medium,Premium,Standard
2730,Delhi,1810.384047484809,1,4,20.71915846781383,47.9568573303062,1,6,2648.988063993014,0.2,3.3142139140785525,Old,Budget,Standard
2731,Bangalore,3975.204005768776,5,1,31.45565717402152,290.426686686479,3,4,7305.956782721459,2.5,1.0062376658393481,Old,Premium,Spacious
2732,Mumbai,839.8718871164909,4,3,39.11145002360617,402.81007967264446,3,4,47960.89568560286,1.0,4.762631136199939,Old,Luxury,Compact
2733,Mumbai,4224.11547866316,5,4,34.252258785430975,83.4349747060749,2,0,1975.2058182954847,1.0,0.0,Old,Budget,Spacious
2734,Chennai,2424.510886208761,4,2,33.57667645273144,54.90138288540402,2,1,2264.431279632405,1.3333333333333333,0.4124543245766626,Old,Budget,Large
2735,Hyderabad,3182.2876899526777,4,4,7.452110458760375,110.14773322763315,3,4,3461.2751567181876,0.8,1.2569573808895582,Medium,Mid-Range,Spacious
2736,Bangalore,903.4350405605556,2,3,17.306427003579394,378.1214349543812,2,1,41853.74907749512,0.5,1.1068864446297417,Old,Luxury,Compact
2737,Bangalore,2018.1158526077584,2,4,2.145613633009708,304.0066013753608,2,0,15063.88253095238,0.4,0.0,Recent,Luxury,Large
2738,Bangalore,903.654135566806,5,3,35.973844658823225,279.48543390163945,2,9,30928.363286506254,1.25,9.959562675331377,Old,Premium,Compact
2739,Mumbai,4826.946752964993,5,4,47.62929906587095,139.7503494232488,3,2,2895.2121615471715,1.0,0.414340597142797,Old,Mid-Range,Spacious
2740,Hyderabad,4132.677421968127,3,1,13.205519508953788,179.47356571849252,0,0,4342.791546334164,1.5,0.0,Old,Mid-Range,Spacious
2741,Chennai,2568.347394604071,1,4,4.384835458115466,483.6248062128043,0,9,18830.194358787612,0.2,3.504198855228233,Recent,Luxury,Large
2742,Delhi,1506.21146745652,1,1,23.77850383768268,135.50010883010515,2,7,8996.087983509968,0.5,4.647421793847197,Old,Mid-Range,Standard
2743,Delhi,4700.547973624335,5,3,42.83491115637844,452.78980316244247,0,7,9632.702521134383,1.25,1.489188077491885,Old,Luxury,Spacious
2744,Bangalore,2050.6846807713728,2,1,27.598709763588985,298.6551221397136,2,7,14563.678411415907,1.0,3.41349407133959,Old,Premium,Large
2745,Hyderabad,1224.4299425931863,3,4,2.338857509505665,79.18230385819895,0,6,6466.8709171307055,0.6,4.900239524764288,Recent,Budget,Standard
2746,Mumbai,3034.239748042797,1,1,48.7136120263973,244.30994151443264,0,6,8051.767882614487,0.5,1.9774310859483777,Old,Premium,Spacious
2747,Hyderabad,4746.983541551673,5,3,41.43249549813003,475.3033843332205,1,1,10012.745571429883,1.25,0.21066009419386453,Old,Luxury,Spacious
2748,Hyderabad,517.2363072514515,2,4,6.579703852575508,220.9114871059321,2,8,42709.972986976965,0.4,15.466818333986065,Medium,Premium,Compact
2749,Mumbai,1571.5617946429943,2,1,46.089887825175445,434.4255510988939,0,6,27642.918819974286,1.0,3.817858146241712,Old,Luxury,Standard
2750,Bangalore,4723.014381846834,2,1,22.53441443025943,143.08577343281968,0,4,3029.5434623866004,1.0,0.8469167520163013,Old,Mid-Range,Spacious
2751,Hyderabad,1269.886850857229,4,2,18.59489952874706,294.04263286417904,1,3,23155.026187229785,1.3333333333333333,2.362415200988079,Old,Premium,Standard
2752,Delhi,1009.5955323791892,2,1,23.05266652635941,425.0489879369474,0,7,42100.918071149434,1.0,6.933469667307227,Old,Luxury,Standard
2753,Mumbai,3065.8424710991203,5,2,41.72859784354736,461.93045176145387,1,4,15066.998911912438,1.6666666666666667,1.3046984760981473,Old,Luxury,Spacious
2754,Chennai,4378.297204826735,3,3,32.973983914339286,253.19521623262435,0,5,5782.960918082404,0.75,1.1419964808437137,Old,Premium,Spacious
2755,Bangalore,2646.994179622668,5,2,2.962422619986377,327.0502890298059,1,3,12355.534876031625,1.6666666666666667,1.1333610111782162,Recent,Luxury,Large
2756,Mumbai,4975.5391550803615,2,3,47.88021855580855,21.43046277551885,1,1,430.71639288853555,0.5,0.20098324399254955,Old,Budget,Spacious
2757,Chennai,3556.272647920968,3,1,7.389206673915888,141.54718760642703,3,6,3980.2119134250547,1.5,1.6871597298670726,Medium,Mid-Range,Spacious
2758,Chennai,833.3370824470148,1,1,37.278397586767554,153.78180979853397,2,1,18453.73415364745,0.5,1.199994601300587,Old,Mid-Range,Compact
2759,Hyderabad,4967.744592568889,1,2,31.80682652140655,64.87664559412678,3,6,1305.9577517566815,0.3333333333333333,1.2077915617834365,Old,Budget,Spacious
2760,Hyderabad,2335.524065510857,5,3,9.376402397328045,154.2536064113488,2,6,6604.667821207332,1.25,2.5690165597534103,Medium,Mid-Range,Large
2761,Hyderabad,1793.3114023046714,3,1,8.536603805652481,174.13857586790678,0,0,9710.448260358622,1.5,0.0,Medium,Mid-Range,Standard
2762,Mumbai,3010.456326100485,5,2,43.51637968523461,485.0076989927328,2,9,16110.770144304823,1.6666666666666667,2.989579992232577,Old,Luxury,Spacious
2763,Mumbai,1869.3841631938892,3,2,20.984746174979858,340.92914266920207,3,9,18237.511014681764,1.0,4.814419730946729,Old,Luxury,Standard
2764,Bangalore,889.0587820406854,3,2,32.72882570870693,224.48243811984523,2,2,25249.448366572953,1.0,2.2495700401376557,Old,Premium,Compact
2765,Hyderabad,506.4275438562952,5,1,25.203550192833664,494.2661411338445,3,2,97598.58979433756,2.5,3.9492322727365785,Old,Luxury,Compact
2766,Chennai,2523.1250881411806,3,3,36.36767585379798,93.55151371261336,2,5,3707.7636044407923,0.75,1.9816694873751048,Old,Budget,Large
2767,Delhi,4265.885400019665,2,1,23.96211875196653,248.5045730866326,0,2,5825.392615692092,1.0,0.4688358482369874,Old,Premium,Spacious
2768,Bangalore,3075.4183353353446,3,4,14.36899576277842,330.5898593835437,0,8,10749.427340833488,0.6,2.6012721287647773,Old,Luxury,Spacious
2769,Mumbai,4996.432845245484,3,4,18.16916854982482,46.67870455235697,2,4,934.2406072119151,0.6,0.8005711522384071,Old,Budget,Spacious
2770,Bangalore,1790.8099054124,5,1,42.95388472251713,364.159451879897,2,5,20334.902704038584,2.5,2.79203280308446,Old,Luxury,Standard
2771,Bangalore,1762.047791420249,1,3,23.40173464613635,67.93632940255515,0,5,3855.5327348866613,0.25,2.8376074839433785,Old,Budget,Standard
2772,Bangalore,1218.872571052749,4,2,10.672466612230464,87.33550812784493,2,7,7165.269791280365,1.3333333333333333,5.743012162423222,Old,Budget,Standard
2773,Bangalore,1238.2861471940082,3,4,46.73026940386266,96.65096598180035,1,9,7805.220643129554,0.6,7.268110057109383,Old,Budget,Standard
2774,Delhi,1783.339682045215,4,4,39.83002282491885,465.86711679464855,0,2,26123.296727204037,0.8,1.121491334565218,Old,Luxury,Standard
2775,Hyderabad,4067.780203730872,3,1,2.7833073028099564,347.95306166632054,0,8,8553.880599231645,1.5,1.9666745987559968,Recent,Luxury,Spacious
2776,Chennai,4575.905557864016,5,4,49.94714809902589,334.60520052949,3,6,7312.327501043971,1.0,1.3112158728207528,Old,Luxury,Spacious
2777,Bangalore,4887.8922636845655,5,4,34.74633482200512,286.6368783031962,3,5,5864.2225081926235,1.0,1.0229358034644827,Old,Premium,Spacious
2778,Bangalore,1545.3034434340368,3,2,8.013329952029347,160.54687937364935,1,0,10389.343274669438,1.0,0.0,Medium,Mid-Range,Standard
2779,Bangalore,4465.838955263413,5,2,11.858384064929822,318.0270582076887,2,3,7121.32840869382,1.6666666666666667,0.6717662750610872,Old,Luxury,Spacious
2780,Hyderabad,1977.1479017480167,5,3,34.622274062077345,216.8718655465471,1,4,10968.924750384554,1.25,2.023116225378769,Old,Premium,Standard
2781,Mumbai,1007.78245032598,3,4,38.9880527639561,89.79975204445515,2,1,8910.628679375026,0.6,0.9922776484910382,Old,Budget,Standard
2782,Mumbai,4415.112164840745,1,3,11.951797157490308,351.0066993573119,3,0,7950.119640278104,0.25,0.0,Old,Luxury,Spacious
2783,Delhi,3362.4753558962834,3,3,12.84844269496354,82.19944060636291,2,1,2444.610945987209,0.75,0.29739994919113555,Old,Budget,Spacious
2784,Mumbai,1241.2890323647778,1,2,15.356034743603042,111.52091889016316,3,7,8984.282949612858,0.3333333333333333,5.639299000865504,Old,Mid-Range,Standard
2785,Bangalore,2434.2406588085114,5,2,29.900918241831835,412.4956696868508,0,9,16945.55828710688,1.6666666666666667,3.6972515299309943,Old,Luxury,Large
2786,Bangalore,1792.6596269468043,1,1,8.590808915063846,336.85620614007394,0,5,18790.862530540486,0.5,2.7891518974607723,Medium,Luxury,Standard
2787,Bangalore,3815.5755591958864,5,2,5.212159944238875,322.87575402254834,2,9,8462.045869970736,1.6666666666666667,2.358752922166402,Medium,Luxury,Spacious
2788,Delhi,2540.373037809206,1,3,33.94320445427568,220.73733648450755,3,1,8689.170180882937,0.25,0.39364297491615274,Old,Premium,Large
2789,Bangalore,4951.759752978733,1,4,38.95489698965851,210.21464875489812,1,8,4245.251370049677,0.2,1.6155872657569053,Old,Premium,Spacious
2790,Mumbai,746.352420168178,3,3,25.046470220825277,351.3260524089925,3,7,47072.40747337927,0.75,9.378947278582773,Old,Luxury,Compact
2791,Hyderabad,2097.56869761311,1,3,18.191635513419268,375.202658532342,3,3,17887.502753034834,0.25,1.430227292871883,Old,Luxury,Large
2792,Hyderabad,2668.5507519948983,5,3,21.60213567632382,264.9023371348691,3,9,9926.824023745436,1.25,3.3726171380746544,Old,Premium,Large
2793,Chennai,2764.100996367439,3,2,19.420391693597598,485.2492372872926,0,6,17555.40907966111,1.0,2.170687687564657,Old,Luxury,Large
2794,Mumbai,1921.7112007353653,1,3,47.99924541188376,478.73578828105855,3,2,24911.95285211767,0.25,1.040739107538467,Old,Luxury,Standard
2795,Bangalore,3781.581120939056,3,1,38.40449526095701,217.9661552061241,2,5,5763.88944823159,1.5,1.3221982657768245,Old,Premium,Spacious
2796,Hyderabad,4436.361830700386,4,4,10.404360742505514,413.89868205591375,0,2,9329.687204313763,0.8,0.4508198556212562,Old,Luxury,Spacious
2797,Mumbai,4724.236858900384,3,2,19.209457602699004,280.76856396723934,0,9,5943.151716414812,1.0,1.9050695951123089,Old,Premium,Spacious
2798,Hyderabad,4122.920195597868,4,3,27.20061456815549,265.6428260274438,0,2,6443.074651580121,1.0,0.485093066350264,Old,Premium,Spacious
2799,Bangalore,4327.610887879697,4,1,30.649293103184423,46.38274946175288,3,8,1071.7865044580753,2.0,1.8485950348275377,Old,Budget,Spacious
2800,Hyderabad,2977.45385278998,3,4,23.409194801438357,295.5078610247889,1,5,9924.851085362332,0.6,1.6792871517772887,Old,Premium,Large
2801,Chennai,4216.497018920665,5,3,40.50633175059796,452.277406670319,3,7,10726.377954041398,1.25,1.660145843478351,Old,Luxury,Spacious
2802,Chennai,1865.767591165785,5,4,38.380300972911584,394.4642476136442,3,3,21142.196352932235,1.0,1.6079173066381296,Old,Luxury,Standard
2803,Hyderabad,2293.1544294914647,5,2,25.25789593140833,397.43222945564577,1,3,17331.245743610092,1.6666666666666667,1.3082415913285381,Old,Luxury,Large
2804,Mumbai,1926.1085621834493,2,2,42.72146933908652,96.76593851664282,3,7,5023.908850025999,0.6666666666666666,3.634270745395968,Old,Budget,Standard
2805,Mumbai,2603.2430095156647,4,1,37.554476522119295,192.05573462411056,2,6,7377.556913514682,2.0,2.304817482681459,Old,Mid-Range,Large
2806,Mumbai,1785.1082730738638,3,2,38.92909243603216,131.9383599921132,1,4,7391.056440790686,1.0,2.2407604403245567,Old,Mid-Range,Standard
2807,Hyderabad,4827.25149014501,5,1,47.82003897167083,171.63933557870524,2,1,3555.632763884635,2.5,0.20715722021973212,Old,Mid-Range,Spacious
2808,Mumbai,1907.8008260255067,5,3,13.323347060460131,298.1788848769882,2,5,15629.45569628355,1.25,2.620818657687882,Old,Premium,Standard
2809,Bangalore,941.2004214992292,3,4,13.38240811834246,195.096230417719,0,0,20728.4469876195,0.6,0.0,Old,Mid-Range,Compact
2810,Chennai,2870.6772472268603,4,2,44.447612784532005,289.1349523828477,0,6,10072.01184536362,1.3333333333333333,2.090099124099073,Old,Premium,Large
2811,Bangalore,756.9458530032937,3,4,38.611318669283975,230.48059917179697,1,8,30448.756441075857,0.6,10.568787672538038,Old,Premium,Compact
2812,Mumbai,997.4442483886124,2,4,46.32727707178137,157.5754680558693,3,4,15797.922371143553,0.4,4.010249200857156,Old,Mid-Range,Compact
2813,Bangalore,1487.2522513831082,2,3,3.156508016222653,65.79364841847614,2,4,4423.839221442741,0.5,2.6895235803342024,Recent,Budget,Standard
2814,Mumbai,2589.5761244696378,3,3,31.38785386307983,448.08245952549566,3,6,17303.312897096854,0.75,2.3169815103345686,Old,Luxury,Large
2815,Hyderabad,2449.6291953906257,4,2,7.231416906172372,25.45921568223136,2,4,1039.3089586839103,1.3333333333333333,1.6329001987429967,Medium,Budget,Large
2816,Bangalore,4098.6133790125605,5,3,25.19485991462913,20.79319430814616,0,9,507.3226573313842,1.25,2.195864593153767,Old,Budget,Spacious
2817,Hyderabad,3827.63594247851,2,4,7.787346592672212,416.8629150865021,0,3,10890.871581077554,0.4,0.7837735994446247,Medium,Luxury,Spacious
2818,Hyderabad,2418.432322958156,2,1,6.403925449243964,498.4692513563792,0,0,20611.25492842678,1.0,0.0,Medium,Luxury,Large
2819,Delhi,2001.6689340903347,4,1,0.6084172691016576,369.009357302555,1,5,18435.084394725473,2.0,2.4979155717737447,Brand New,Luxury,Large
2820,Mumbai,1924.109528276744,2,1,31.511940619145214,27.331442270184677,2,8,1420.4722687831108,1.0,4.157767467200736,Old,Budget,Standard
2821,Chennai,3982.9778928230407,2,2,17.951130834504305,128.81130880088642,3,3,3234.0452863921873,0.6666666666666666,0.7532052852730424,Old,Mid-Range,Spacious
2822,Mumbai,734.3258279957138,4,3,5.2594142439485845,486.4748961257414,2,9,66247.82590768153,1.0,12.256139790921983,Medium,Luxury,Compact
2823,Chennai,557.6974227977262,3,3,16.141888886565493,408.1300410434407,3,3,73181.26718176843,0.75,5.3792610067127455,Old,Luxury,Compact
2824,Mumbai,4079.949763669916,5,3,8.447204572579247,292.0639250262613,3,4,7158.51767653996,1.25,0.9804042284094201,Medium,Premium,Spacious
2825,Hyderabad,2647.1586919507217,5,3,47.08474157508297,133.6931405313723,3,5,5050.439210081973,1.25,1.8888176274447084,Old,Mid-Range,Large
2826,Bangalore,1088.9651234910918,2,4,16.000244288067407,26.89769884483951,2,2,2470.0239029335216,0.4,1.8366061105687566,Old,Budget,Standard
2827,Bangalore,1560.0467056752557,5,1,16.697676164469495,30.013506865956323,0,8,1923.885147590192,2.5,5.128051596722711,Old,Budget,Standard
2828,Delhi,4696.267788938221,3,4,41.99290016997928,313.7508144945088,1,0,6680.8544272864965,0.6,0.0,Old,Luxury,Spacious
2829,Chennai,4367.76339031204,2,2,32.38778806430021,30.479300649163097,1,5,697.823987370012,0.6666666666666666,1.144750654554754,Old,Budget,Spacious
2830,Chennai,3694.0327260078766,5,1,35.508580370150064,496.9424681241789,0,5,13452.57351472417,2.5,1.3535343000069944,Old,Luxury,Spacious
2831,Chennai,2670.013536517969,1,1,31.80009019944803,108.02424007699427,1,7,4045.8311764917635,0.5,2.6217095547496263,Old,Mid-Range,Large
2832,Hyderabad,2841.456317861236,1,4,47.30981419742827,361.1395336972531,3,4,12709.663401374502,0.2,1.4077288377992028,Old,Luxury,Large
2833,Chennai,4888.600408777814,1,2,10.35004157790226,94.42866627795844,1,8,1931.6094256426718,0.3333333333333333,1.636460199454113,Old,Budget,Spacious
2834,Bangalore,4845.966997479292,1,2,49.45196208778979,279.244842126903,2,8,5762.417331198431,0.3333333333333333,1.650857301372735,Old,Premium,Spacious
2835,Hyderabad,1468.710706036254,1,1,41.54780887782566,58.69341846378443,0,1,3996.254553232325,0.5,0.6808692793550835,Old,Budget,Standard
2836,Mumbai,4149.970548373932,2,3,29.448629443817108,388.0536437759568,0,4,9350.75657170643,0.5,0.9638622620026317,Old,Luxury,Spacious
2837,Chennai,1387.5919977515755,4,2,33.11858121981245,300.7621254679182,0,6,21675.112421754144,1.3333333333333333,4.324037620368431,Old,Luxury,Standard
2838,Chennai,1460.9186504777813,4,4,32.441293825030705,61.36001283267922,0,1,4200.097850254149,0.8,0.6845008102764368,Old,Budget,Standard
2839,Mumbai,3542.418653740596,2,2,2.9198112029576957,427.3213708160026,2,6,12062.983305622987,0.6666666666666666,1.6937580185967955,Recent,Luxury,Spacious
2840,Chennai,2322.504943643968,2,1,10.90082492659693,282.56893509281696,3,8,12166.559036445857,1.0,3.444556715323131,Old,Premium,Large
2841,Mumbai,4691.949831979341,3,3,48.07354422623746,462.3643088063926,3,7,9854.417147749853,0.75,1.4919170602143856,Old,Luxury,Spacious
2842,Hyderabad,900.5438070320397,4,2,26.718221442968964,459.9792193654941,3,9,51077.939326623884,1.3333333333333333,9.993961348378688,Old,Luxury,Compact
2843,Bangalore,2801.865383642719,1,1,18.9176801630956,461.8437389535596,1,8,16483.437842867177,0.5,2.85524067169821,Old,Luxury,Large
2844,Mumbai,4633.346886994045,2,2,38.10192316945375,57.33689609622463,3,3,1237.483346156774,0.6666666666666666,0.6474801203469348,Old,Budget,Spacious
2845,Delhi,4568.511472157774,1,3,26.22594713279048,78.05972564217126,1,7,1708.64681237853,0.25,1.532227738216404,Old,Budget,Spacious
2846,Mumbai,1204.3814603708356,4,4,0.6581385715948795,494.098788663775,2,8,41025.10748643037,0.8,6.642413772740039,Brand New,Luxury,Standard
2847,Chennai,2149.869650434054,5,1,36.811879835755896,254.04839427137887,1,9,11816.920817505705,2.5,4.186300317408974,Old,Premium,Large
2848,Hyderabad,3286.0463002101333,5,1,36.61087800264306,134.34274535799088,3,1,4088.279138045013,2.5,0.3043170754885751,Old,Mid-Range,Spacious
2849,Hyderabad,1217.2769814713097,2,3,8.25743560549872,389.4389544793559,0,9,31992.632770287433,0.5,7.3935514570577,Medium,Luxury,Standard
2850,Mumbai,4856.099774205824,3,1,47.83300442121067,146.85690618199135,2,2,3024.1739875702738,1.5,0.4118531523226546,Old,Mid-Range,Spacious
2851,Bangalore,4616.371979274471,1,3,11.195406577055715,369.0635302489483,3,0,7994.666199038664,0.25,0.0,Old,Luxury,Spacious
2852,Delhi,1251.2758056551113,2,1,22.887468369109964,421.8971733678853,3,0,33717.36043014106,1.0,0.0,Old,Luxury,Standard
2853,Hyderabad,1045.1995756744343,3,3,5.736798063045734,396.4464211017347,3,9,37930.21259561078,0.75,8.610795688653608,Medium,Luxury,Standard
2854,Chennai,884.3381726371938,1,2,30.16411597252942,151.54294793500898,2,5,17136.31194762194,0.3333333333333333,5.653945690356721,Old,Mid-Range,Compact
2855,Chennai,4592.49648816484,4,2,18.772556002860625,212.7769155580338,0,0,4633.142694967185,1.3333333333333333,0.0,Old,Premium,Spacious
2856,Bangalore,1371.3071440795734,5,2,17.658673110485275,218.36048155197264,0,4,15923.528328041857,1.6666666666666667,2.9169249334617997,Old,Premium,Standard
2857,Hyderabad,2373.2821784495964,3,1,41.34884386104736,255.81100069014647,0,5,10778.785726072454,1.5,2.1067869827709953,Old,Premium,Large
2858,Mumbai,2519.8311454340137,1,3,0.4780856425239121,100.3389687392653,3,8,3981.971923836309,0.25,3.1748159056197736,Brand New,Mid-Range,Large
2859,Chennai,3195.5496989610538,2,3,39.89733854462113,237.18562419888437,1,5,7422.373192192844,0.5,1.56467602479336,Old,Premium,Spacious
2860,Bangalore,822.8090468634123,1,4,28.57242828740393,265.17583544743025,3,3,32228.113735294148,0.2,3.6460464447202474,Old,Premium,Compact
2861,Hyderabad,1520.4137783023218,2,2,49.30492567400995,275.2203183589052,0,0,18101.67220835195,0.6666666666666666,0.0,Old,Premium,Standard
2862,Hyderabad,4691.706741135167,5,4,29.47216103021245,413.55220639254,2,5,8814.536568679061,1.0,1.0657102576684578,Old,Luxury,Spacious
2863,Hyderabad,4587.8454827085625,5,2,2.768956707397896,268.3205592701577,1,6,5848.509072100378,1.6666666666666667,1.3078034172279345,Recent,Premium,Spacious
2864,Hyderabad,4015.807913325615,1,4,2.532266322186316,130.7762828065641,1,4,3256.5373052981563,0.2,0.996063578321772,Recent,Mid-Range,Spacious
2865,Hyderabad,587.3056052819695,1,2,44.1576493185916,338.3017943572098,3,5,57602.34387594322,0.3333333333333333,8.513455269338806,Old,Luxury,Compact
2866,Chennai,1971.5304582324595,2,3,42.06070727555266,402.71078916158007,2,9,20426.303204193115,0.5,4.56498146524644,Old,Luxury,Standard
2867,Bangalore,3325.814309043085,2,2,17.294503779101163,173.29839989036566,1,7,5210.7058238085365,0.6666666666666666,2.104747694712416,Old,Mid-Range,Spacious
2868,Hyderabad,1738.3559529806405,3,1,30.90162420905686,329.7468459284505,0,0,18968.89100089404,1.5,0.0,Old,Luxury,Standard
2869,Delhi,4593.140127741997,3,2,24.47956785278001,90.53023805408608,3,7,1970.9879415020382,1.0,1.5240118536164111,Old,Budget,Spacious
2870,Delhi,3352.5025782459884,3,2,48.35820275680261,184.12462619747075,3,1,5492.15464865664,1.0,0.2982846326469329,Old,Mid-Range,Spacious
2871,Bangalore,823.5802279240052,1,3,47.49804504384458,456.4274861838244,0,1,55419.917903364316,0.25,1.2142107910005262,Old,Luxury,Compact
2872,Mumbai,4590.525149760664,3,1,49.191950427038726,457.427918318034,0,7,9964.609786352721,1.5,1.5248800020984437,Old,Luxury,Spacious
2873,Mumbai,4809.949961793001,1,3,43.32243903171321,296.1557977966705,0,1,6157.14924581612,0.25,0.2079023706989315,Old,Premium,Spacious
2874,Mumbai,849.7058827627648,5,4,45.477579538755066,357.1287012152512,1,7,42029.68444258264,1.0,8.23814468276946,Old,Luxury,Compact
2875,Delhi,2895.621056875917,4,4,10.86393893835682,429.9273992988519,2,4,14847.502171527245,0.8,1.3813962260364263,Old,Luxury,Large
2876,Mumbai,1865.139269963767,5,1,41.550339449488725,480.1055289500608,1,8,25741.001579972497,2.5,4.289223935623537,Old,Luxury,Standard
2877,Chennai,2267.775844166311,1,4,35.44285566021374,255.14549133908932,2,8,11250.913179776238,0.2,3.5276855164408865,Old,Premium,Large
2878,Hyderabad,1308.4304807990384,1,1,48.13932544140351,289.5563535804965,3,7,22130.052595814555,0.5,5.349921224492728,Old,Premium,Standard
2879,Delhi,3101.324459055857,4,2,28.56309142213097,219.50795199095853,2,8,7077.877690287968,1.3333333333333333,2.5795430647831856,Old,Premium,Spacious
2880,Bangalore,4810.907089620007,2,4,4.258358335527817,54.5513297870858,0,6,1133.9094430816492,0.4,1.247166051688168,Recent,Budget,Spacious
2881,Bangalore,2763.826701222241,2,2,29.86994455935765,222.94566677543284,1,7,8066.557381359695,0.6666666666666666,2.5327203029424408,Old,Premium,Large
2882,Hyderabad,873.1156162751652,2,3,34.32904640106439,399.50112290387705,0,5,45755.810050472515,0.5,5.726618453270493,Old,Luxury,Compact
2883,Delhi,3290.0060006483377,3,4,11.016051435621415,406.3450390359337,3,8,12350.890513751592,0.6,2.431606507229317,Old,Luxury,Spacious
2884,Mumbai,2031.0034750306563,2,3,19.70566917563642,448.3410150047839,1,1,22074.852185962736,0.5,0.49236744904383084,Old,Luxury,Large
2885,Mumbai,4351.66335316084,3,3,29.925170702584,44.70401848446515,1,2,1027.2857722781862,0.75,0.4595943752283355,Old,Budget,Spacious
2886,Chennai,2456.051667424116,3,1,18.70528686582528,273.03420299870425,0,1,11116.793942900229,1.5,0.40715755831341716,Old,Premium,Large
2887,Chennai,1367.778240240105,2,3,18.7473858619332,71.5637542097966,1,5,5232.116735329407,0.5,3.6555633456504473,Old,Budget,Standard
2888,Mumbai,1359.9753021101524,2,1,6.65433195863987,116.3562479195568,0,2,8555.761839131725,1.0,1.4706149419748862,Medium,Mid-Range,Standard
2889,Bangalore,3959.438813245222,4,1,47.0373361538833,452.1039211426911,2,0,11418.383828291546,2.0,0.0,Old,Luxury,Spacious
2890,Bangalore,1695.1441923831196,4,1,37.524719224754826,258.459804046254,3,3,15247.068963667221,2.0,1.769760952183335,Old,Premium,Standard
2891,Chennai,3952.550273716504,3,1,0.0621719433051004,384.10156203037457,0,4,9717.815977814535,1.5,1.0120048381418512,Brand New,Luxury,Spacious
2892,Hyderabad,1426.4928984496971,4,1,38.28066420110826,50.90437084576679,3,3,3568.498020641345,2.0,2.1030598913323577,Old,Budget,Standard
2893,Mumbai,1947.5886591558924,3,2,36.98974963289294,220.0767218839289,1,5,11299.95909810405,1.0,2.567277220728456,Old,Premium,Standard
2894,Chennai,2594.691375978647,1,1,0.4865480077761497,343.6353347188821,3,2,13243.784517119006,0.5,0.7708045814295176,Brand New,Luxury,Large
2895,Chennai,4744.381323620528,3,4,18.48021488068823,84.03511101354239,3,9,1771.2554131170384,0.6,1.8969807412385495,Old,Budget,Spacious
2896,Mumbai,4692.791411392211,3,1,30.337384516276533,176.39258197072792,3,5,3758.7986873338896,1.5,1.0654639342933527,Old,Mid-Range,Spacious
2897,Mumbai,1430.9234394002951,4,2,22.637532592901792,50.98294641146396,1,9,3562.9401970542244,1.3333333333333333,6.289644681319869,Old,Budget,Standard
2898,Bangalore,2111.985685593828,1,4,38.89930593602536,332.643171617365,2,0,15750.256921075466,0.2,0.0,Old,Luxury,Large
2899,Hyderabad,1172.2972480419753,5,4,21.2729166317217,486.0278043478969,2,5,41459.43404368498,1.0,4.265129862201101,Old,Luxury,Standard
2900,Hyderabad,2794.932856910737,5,2,7.693148472691852,416.98183574855824,2,7,14919.207619515118,1.6666666666666667,2.5045324372254005,Medium,Luxury,Large
2901,Mumbai,2572.621478126,5,4,48.82078121369143,487.8190960676315,0,9,18961.946023360513,1.0,3.4983770743280735,Old,Luxury,Large
2902,Delhi,4553.420731028296,1,2,12.10199963880233,425.89030164723033,0,7,9353.194593793922,0.3333333333333333,1.5373057781153454,Old,Luxury,Spacious
2903,Chennai,4685.024200059826,2,3,35.884615527066615,430.4939869745498,1,0,9188.724936982237,0.5,0.0,Old,Luxury,Spacious
2904,Chennai,2226.053259532814,1,3,7.157815583203597,297.04505377824444,2,6,13344.022767927208,0.25,2.695353300423383,Medium,Premium,Large
2905,Mumbai,2712.8207435854524,4,1,16.450630689196633,268.7611094783408,3,9,9907.072190959712,2.0,3.3175800580560932,Old,Premium,Large
2906,Delhi,4533.063121157598,3,1,22.10138042152119,215.00204788535723,2,9,4742.974940760424,1.5,1.9854124594015556,Old,Premium,Spacious
2907,Bangalore,4130.185134852776,3,1,9.611600226353197,412.6855496220224,0,3,9991.93828236789,1.5,0.7263596914056826,Medium,Luxury,Spacious
2908,Mumbai,516.4534010509218,4,1,22.497978818430475,107.3924538934518,1,5,20794.219512335636,2.0,9.681415573652123,Old,Mid-Range,Compact
2909,Mumbai,1940.2680388261213,4,2,7.8581411495874995,46.987959595612736,2,5,2421.7251769008603,1.3333333333333333,2.5769635431530595,Medium,Budget,Standard
2910,Chennai,2397.9840887125665,3,3,27.950326949294507,474.989034888644,0,4,19807.847646881462,0.75,1.6680677819457619,Old,Luxury,Large
2911,Mumbai,1533.7232765745428,2,2,33.1856626260097,21.813528897668988,0,9,1422.259753818687,0.6666666666666666,5.868072903021223,Old,Budget,Standard
2912,Mumbai,1398.0722715317245,2,4,3.1217142014005383,488.8780745004088,3,8,34968.01162967027,0.4,5.722164842905596,Recent,Luxury,Standard
2913,Mumbai,670.0302796805585,2,4,43.55660605410841,369.8496175394076,2,9,55198.94081738156,0.4,13.43222877075169,Old,Luxury,Compact
2914,Chennai,3395.1637628139224,4,4,9.257044252101776,177.67948145495723,3,7,5233.311082105092,0.8,2.0617562182621723,Medium,Mid-Range,Spacious
2915,Bangalore,1681.2963071742454,3,4,11.26812126601619,354.9535246814289,2,5,21111.895813177587,0.6,2.9738957842615497,Old,Luxury,Standard
2916,Bangalore,735.5623029409089,3,4,33.067492004153145,412.5800754488611,1,3,56090.43228551716,0.6,4.078512436003675,Old,Luxury,Compact
2917,Mumbai,1539.4068973762865,3,3,23.437553021720703,137.77378687348923,2,3,8949.796646247736,0.75,1.9488024934233432,Old,Mid-Range,Standard
2918,Chennai,4108.6127877625695,1,2,24.96977995855329,390.0299279741993,3,8,9492.98335282158,0.3333333333333333,1.947129216904513,Old,Luxury,Spacious
2919,Bangalore,4331.70131740946,1,4,6.407749228156634,406.0974200039553,3,3,9375.009730514354,0.2,0.6925685268148004,Medium,Luxury,Spacious
2920,Bangalore,2673.798103369862,5,1,40.28679109382041,139.69022246016578,0,6,5224.411756598613,2.5,2.2439988989587634,Old,Mid-Range,Large
2921,Bangalore,2372.318016839088,1,3,30.8527123052105,40.124650101432096,2,5,1691.3689402778627,0.25,2.1076432267972547,Old,Budget,Large
2922,Chennai,4900.341620758018,2,1,6.769102165472801,117.97869658788689,2,1,2407.560650223344,1.0,0.20406740537516102,Medium,Mid-Range,Spacious
2923,Chennai,1402.5409681463143,2,3,18.6999683512798,116.31027626690934,1,4,8292.825586452014,0.5,2.851966602648798,Old,Mid-Range,Standard
2924,Mumbai,1469.116772845738,2,3,40.52049663675151,51.31541800423193,0,2,3492.943444164204,0.5,1.361362171453478,Old,Budget,Standard
2925,Hyderabad,1813.4022966637988,2,1,28.417752299331035,368.483544634494,3,8,20320.010916078052,1.0,4.4115969273436875,Old,Luxury,Standard
2926,Bangalore,1277.407932264893,5,1,5.432438956646523,202.38796374003596,2,9,15843.643884471141,2.5,7.045517545865445,Medium,Premium,Standard
2927,Hyderabad,2207.1451919188394,2,4,18.63885228946433,444.505360377852,0,0,20139.380137081498,0.4,0.0,Old,Luxury,Large
2928,Chennai,4598.754021453892,4,1,12.13471992278673,141.04213071928928,1,9,3066.9640094100732,2.0,1.9570518357828275,Old,Mid-Range,Spacious
2929,Chennai,3269.0652828285843,4,2,25.87327768268632,237.55143924796516,0,3,7266.647151274445,1.3333333333333333,0.917693511891028,Old,Premium,Spacious
2930,Chennai,2353.7594687551864,4,3,42.16805644359948,326.72836588484614,2,3,13881.128051611846,1.0,1.2745567420219814,Old,Luxury,Large
2931,Hyderabad,4704.848575570467,1,3,21.81335674022099,441.1831758424535,2,8,9377.202448836724,0.25,1.7003735341322848,Old,Luxury,Spacious
2932,Chennai,718.0890461412005,3,4,21.667101518416157,271.8181287772999,1,0,37852.983587198636,0.6,0.0,Old,Premium,Compact
2933,Mumbai,1446.242800558376,5,3,45.26754511635185,199.29182134994372,1,1,13779.969813713138,1.25,0.6914468300992839,Old,Mid-Range,Standard
2934,Chennai,3046.498722957916,4,1,28.80927062536362,436.1672376665642,1,0,14317.000508803081,2.0,0.0,Old,Luxury,Spacious
2935,Delhi,3269.9868043693064,4,3,28.309554369870344,168.91828385005306,3,0,5165.717599359944,1.0,0.0,Old,Mid-Range,Spacious
2936,Hyderabad,678.0087795317592,2,3,13.09549459376947,58.12337582363669,0,0,8572.658286781681,0.5,0.0,Old,Budget,Compact
2937,Delhi,2313.674410582095,4,1,30.38613739185632,233.6202116049152,0,2,10097.367656244205,2.0,0.8644258634026307,Old,Premium,Large
2938,Chennai,3421.192841738927,2,1,28.79552337086982,396.84478711903614,0,3,11599.602988685301,1.0,0.8768871381348843,Old,Luxury,Spacious
2939,Mumbai,3641.3174588153074,2,3,19.8425735170932,34.774799241691085,3,9,955.0059733875818,0.5,2.4716328916095454,Old,Budget,Spacious
2940,Bangalore,3371.629561323212,3,2,49.53477829495903,301.22347759500417,0,1,8934.062064540318,1.0,0.29659248793854603,Old,Luxury,Spacious
2941,Chennai,1942.5345096241604,1,1,44.09454824740433,305.34274329307334,1,0,15718.78089064944,0.5,0.0,Old,Luxury,Standard
2942,Mumbai,920.8405561905928,2,2,37.479314503840776,465.7000464451432,0,4,50573.3640112126,0.6666666666666666,4.343857330250007,Old,Luxury,Compact
2943,Hyderabad,2422.006008887003,2,2,26.867279420650025,157.50311222961048,3,5,6503.002538048561,0.6666666666666666,2.064404457153959,Old,Mid-Range,Large
2944,Delhi,1079.3949681562497,3,4,23.102990094731517,153.84157434113416,3,1,14252.574718216081,0.6,0.9264449339690115,Old,Mid-Range,Standard
2945,Delhi,4764.306463343002,2,2,9.244869761159968,231.43215264304555,0,2,4857.625226750318,0.6666666666666666,0.4197882767173308,Medium,Premium,Spacious
2946,Delhi,2638.268897101827,5,4,15.286873700731183,191.3191527063273,3,9,7251.692688205281,1.0,3.411327787659028,Old,Mid-Range,Large
2947,Hyderabad,1927.666284605904,1,2,38.69803999116051,373.4460140908769,3,2,19372.959784230752,0.3333333333333333,1.0375239822223088,Old,Luxury,Standard
2948,Mumbai,3948.3683200350506,5,4,22.687447696877573,328.0409970231438,0,1,8308.26737613556,1.0,0.2532691782896087,Old,Luxury,Spacious
2949,Hyderabad,2740.768666620188,4,1,44.11347582847507,384.2820981950079,3,3,14020.960720807203,2.0,1.0945834416953863,Old,Luxury,Large
2950,Delhi,1895.1531080560253,1,3,7.3955568172764385,413.6200597753708,3,4,21825.152702287272,0.25,2.1106474104897233,Medium,Luxury,Standard
2951,Chennai,4153.854840758608,4,3,25.417354800681824,463.0309437123909,0,7,11147.017925831726,1.0,1.6851816609753287,Old,Luxury,Spacious
2952,Bangalore,4402.184679505049,2,4,32.34828420106544,226.8496312566309,1,5,5153.1148230277395,0.4,1.1357996912937702,Old,Premium,Spacious
2953,Hyderabad,3528.5367482990464,3,1,25.842422815396297,492.6547469463438,1,8,13962.012644018265,1.5,2.267228761003113,Old,Luxury,Spacious
2954,Hyderabad,711.3399008345028,5,4,44.46134457924936,123.51719043375331,3,2,17364.01828279984,1.0,2.81159540980861,Old,Mid-Range,Compact
2955,Mumbai,3048.4529607493946,4,4,49.47816409145699,362.8952777347177,2,9,11904.24396922654,0.8,2.9523171641092176,Old,Luxury,Spacious
2956,Mumbai,3934.8271039877673,2,1,5.791732917068488,276.32447230745083,2,8,7022.531486260442,1.0,2.0331261802818137,Medium,Premium,Spacious
2957,Hyderabad,1114.2635543761198,5,2,6.49774520384605,412.1122854487441,0,3,36985.17140134654,1.6666666666666667,2.6923612355603885,Medium,Luxury,Standard
2958,Delhi,1529.018381230715,5,2,6.516205678006054,248.8498498910845,0,7,16275.137888844994,1.6666666666666667,4.578100620586172,Medium,Premium,Standard
2959,Bangalore,4471.227972806614,4,1,34.05885480352638,396.290544973967,1,9,8863.125463164726,2.0,2.012869854710327,Old,Luxury,Spacious
2960,Mumbai,590.5477483388331,2,4,18.63380477479189,466.4809830308855,2,6,78991.23895452346,0.4,10.160059058522455,Old,Luxury,Compact
2961,Delhi,3887.272120216892,3,3,36.665733063295306,371.5012477472419,0,6,9556.862402689572,0.75,1.54349883785991,Old,Luxury,Spacious
2962,Chennai,2631.979816314903,4,4,20.273573644348936,392.5252573847957,2,8,14913.687975555205,0.8,3.039536986723929,Old,Luxury,Large
2963,Mumbai,2510.474714778231,5,2,31.38033606660318,52.24420700761094,2,9,2081.048922742329,1.6666666666666667,3.584979345547815,Old,Budget,Large
2964,Delhi,531.9343962269922,5,1,38.49290028394468,118.37967787149468,3,1,22254.56347834641,2.5,1.8799310725025389,Old,Mid-Range,Compact
2965,Delhi,4187.292039349218,1,1,27.41079553274603,487.665795441725,3,4,11646.328721736762,0.5,0.9552713215153901,Old,Luxury,Spacious
2966,Bangalore,2119.212052864549,2,1,26.975179522500305,352.72976181794934,2,2,16644.382582722803,1.0,0.9437469918579362,Old,Luxury,Large
2967,Bangalore,2933.445340852443,1,2,4.411716264281723,289.49552830928224,1,6,9868.788904215833,0.3333333333333333,2.0453764440200657,Recent,Premium,Large
2968,Chennai,3547.8530885104674,3,4,20.53908714547174,196.14865923029603,0,2,5528.657876661042,0.6,0.5637211998650375,Old,Mid-Range,Spacious
2969,Delhi,3661.833093970621,4,1,27.28885766124688,41.3067205793206,0,4,1128.0339523757661,2.0,1.092349076910738,Old,Budget,Spacious
2970,Delhi,4801.910264717325,5,3,23.0990412833205,197.1852358227848,1,4,4106.391518217855,1.25,0.8330018220853755,Old,Mid-Range,Spacious
2971,Bangalore,2891.029789564741,2,1,45.03910000942128,259.47817917899647,3,1,8975.285557955534,1.0,0.3458975080815597,Old,Premium,Large
2972,Mumbai,2298.737979384924,5,4,45.32653160597447,121.50056450570564,3,0,5285.533435968883,1.0,0.0,Old,Mid-Range,Large
2973,Mumbai,4791.666319212685,1,2,41.09586902943808,103.1056598114396,1,5,2151.77044774647,0.3333333333333333,1.0434783365344076,Old,Mid-Range,Spacious
2974,Hyderabad,3389.496057614845,1,3,18.764903768656,264.0399446516081,1,0,7789.946946786255,0.25,0.0,Old,Premium,Spacious
2975,Bangalore,1841.6766032445005,4,3,35.86495758437672,301.2340331012211,3,8,16356.51083206107,1.0,4.343867965692954,Old,Luxury,Standard
2976,Hyderabad,1069.0891043160702,2,1,19.76442305348049,135.16060105017192,2,9,12642.594569948255,1.0,8.418381558343148,Old,Mid-Range,Standard
2977,Bangalore,4291.495256593316,2,4,11.629679948787953,301.94694773898226,3,4,7035.938051546967,0.4,0.9320760622662994,Old,Luxury,Spacious
2978,Chennai,2129.817212573682,4,1,17.14513217754408,452.1631826596616,2,0,21230.140313931694,2.0,0.0,Old,Luxury,Large
2979,Delhi,3472.1137461399403,1,3,3.5482316642767744,247.12316385024985,0,7,7117.369473421904,0.25,2.0160629840488733,Recent,Premium,Spacious
2980,Chennai,2618.673887146542,1,1,16.58887545023236,431.54728140184704,0,0,16479.611436920306,0.5,0.0,Old,Luxury,Large
2981,Bangalore,1395.1840090776725,1,4,23.03711086305858,465.09029337599287,2,3,33335.40883137375,0.2,2.1502540026840173,Old,Luxury,Standard
2982,Delhi,3207.5897387920927,5,2,47.7740447390415,64.34913388980114,2,6,2006.1522554325666,1.6666666666666667,1.8705634101010271,Old,Budget,Spacious
2983,Mumbai,773.0738102780704,3,3,15.670529310981246,65.98955823526255,3,3,8535.997127043596,0.75,3.88061264023537,Old,Budget,Compact
2984,Mumbai,2360.0410694203647,1,4,45.12267696027603,248.50120778604867,1,4,10529.528956336404,0.2,1.6948857593323219,Old,Premium,Large
2985,Hyderabad,2959.76722848652,3,1,11.442913791174853,302.2891732724973,2,6,10213.27523202131,1.5,2.027186442992041,Old,Luxury,Large
2986,Bangalore,2462.211383533606,3,3,9.548444887962471,224.42406294321404,0,3,9114.735820168908,0.75,1.218416915811101,Medium,Premium,Large
2987,Bangalore,3869.0247886294583,2,1,25.94977282160825,176.69636980040144,3,4,4566.948506499318,1.0,1.0338522543860302,Old,Mid-Range,Spacious
2988,Mumbai,4225.662295453906,4,1,33.6255684648703,327.67717574055484,0,6,7754.457238409225,2.0,1.4198957655596331,Old,Luxury,Spacious
2989,Chennai,3970.593833149301,5,2,2.2166125401140717,20.999125927961728,3,0,528.8661296113015,1.6666666666666667,0.0,Recent,Budget,Spacious
2990,Delhi,674.6582651531095,3,1,11.053293252360834,484.6751748145964,1,2,71840.10036616129,1.5,2.964463793452693,Old,Luxury,Compact
2991,Chennai,1373.579467006875,5,1,22.784183325065825,131.39796233025064,1,0,9566.098320949419,2.5,0.0,Old,Mid-Range,Standard
2992,Chennai,2914.7337916869847,2,4,16.550216799159074,460.2074089198434,0,2,15789.003106643413,0.4,0.6861690099123746,Old,Luxury,Large
2993,Mumbai,4706.699181997105,1,1,35.63105396741609,72.32707737656287,2,1,1536.6836625805704,0.5,0.21246312146417837,Old,Budget,Spacious
2994,Mumbai,4257.305487734526,3,2,25.55802980206584,134.28184738139484,2,4,3154.1510884822906,1.0,0.9395614224828748,Old,Mid-Range,Spacious
2995,Mumbai,4291.405287583108,4,1,8.017955280195011,132.7393765220002,0,9,3093.1447306101027,2.0,2.097215107144714,Medium,Mid-Range,Spacious
2996,Hyderabad,1864.436871918537,2,1,44.72326896575453,498.1533940163102,2,4,26718.705337751766,1.0,2.1454199175346345,Old,Luxury,Standard
2997,Chennai,2432.515536854162,5,1,14.645283774167977,22.20826194842452,2,9,912.9751326129345,2.5,3.6998735932594307,Old,Budget,Large
2998,Bangalore,2618.1767629217184,1,3,36.556555448221175,327.026340465678,0,8,12490.61351001899,0.25,3.0555614553207286,Old,Luxury,Large
2999,Delhi,1208.1721250745968,5,2,38.99578895527049,437.4495589092094,0,7,36207.55270133382,1.6666666666666667,5.793876430949601,Old,Luxury,Standard
3000,Hyderabad,639.8065861000534,4,3,48.15788501280511,342.6913539318736,1,2,53561.71089465516,1.0,3.1259446893021487,Old,Luxury,Compact
3001,Bangalore,4761.063047572326,3,2,24.92537332620507,194.1122327441332,0,0,4077.077551894873,1.0,0.0,Old,Mid-Range,Spacious
3002,Chennai,1583.2066354857802,4,2,30.79177577322161,479.9884940974088,1,4,30317.488781250115,1.3333333333333333,2.5265179606657395,Old,Luxury,Standard
3003,Mumbai,1579.7700667563408,5,4,16.743814673976686,448.8899622027397,1,2,28414.89224595969,1.0,1.2660070234819014,Old,Luxury,Standard
3004,Chennai,875.205741959418,5,3,33.908964670603325,228.2983617197685,3,4,26085.107852315068,1.25,4.570353927346005,Old,Premium,Compact
3005,Delhi,4678.284883747004,4,2,23.169174293315987,295.19767645335844,2,8,6309.955117930403,1.3333333333333333,1.710028396900985,Old,Premium,Spacious
3006,Hyderabad,3108.817017228974,4,2,21.882618236221116,484.40921014651553,0,0,15581.785851722174,1.3333333333333333,0.0,Old,Luxury,Spacious
3007,Hyderabad,3501.6658570640925,4,4,42.77337645580527,491.6289737247057,2,0,14039.85970657129,0.8,0.0,Old,Luxury,Spacious
3008,Delhi,4602.095992683737,1,3,2.508442174934433,235.91517234461708,3,8,5126.25492209783,0.25,1.7383383598947395,Recent,Premium,Spacious
3009,Bangalore,2055.2907600535527,5,1,44.09812139159342,426.7280135086825,0,2,20762.41580035925,2.5,0.9730983269480995,Old,Luxury,Large
3010,Bangalore,3296.7829001213786,2,4,42.60349189142785,164.95050893788945,0,9,5003.377957699806,0.4,2.729934082001167,Old,Mid-Range,Spacious
3011,Hyderabad,674.5975462799936,1,2,25.318312678089452,198.47017900671904,3,4,29420.530818880776,0.3333333333333333,5.929461235158109,Old,Mid-Range,Compact
3012,Hyderabad,1340.4763770400818,1,3,24.51014271028141,99.1145038353086,2,8,7393.976166455408,0.25,5.9680275885688285,Old,Budget,Standard
3013,Mumbai,4240.606122904741,1,2,18.09036840177451,120.40860453283054,1,4,2839.419673580831,0.3333333333333333,0.9432613838844505,Old,Mid-Range,Spacious
3014,Bangalore,3950.457603522511,2,4,49.70868958408672,335.29918508449225,3,2,8487.603683824262,0.4,0.5062704630007058,Old,Luxury,Spacious
3015,Delhi,2077.892111557161,4,4,5.558466637692061,265.1751766433988,3,8,12761.739417003608,0.8,3.85005552285621,Medium,Premium,Large
3016,Bangalore,2195.647824983956,5,3,29.51076178143035,130.9432931002894,0,6,5963.765755614575,1.25,2.732678679944423,Old,Mid-Range,Large
3017,Mumbai,2900.9949509911075,3,4,34.08407950562085,213.39661585359323,1,6,7355.980257073097,0.6,2.068255926453831,Old,Premium,Large
3018,Hyderabad,501.0845210831055,3,4,46.716500410847225,199.12806073456724,3,7,39739.41567864588,0.6,13.969699133530092,Old,Mid-Range,Compact
3019,Hyderabad,1585.5995121711253,5,1,39.01017484283808,493.9328981769604,2,4,31151.176219815392,2.5,2.522705115191976,Old,Luxury,Standard
3020,Mumbai,1437.043138736965,2,2,32.19236014057734,429.7116018614621,3,1,29902.484502945466,0.6666666666666666,0.6958733339619244,Old,Luxury,Standard
3021,Delhi,1627.1732603739356,3,1,5.840615840606134,206.22384002423564,2,8,12673.748091020376,1.5,4.916501638037946,Medium,Premium,Standard
3022,Hyderabad,4126.576291400486,1,1,18.68667584157337,458.6799578700959,0,2,11115.266639464651,0.5,0.48466327986419844,Old,Luxury,Spacious
3023,Chennai,1758.5323544589942,3,3,6.942082127399263,184.4649879815221,3,1,10489.712487449347,0.75,0.568656014468182,Medium,Mid-Range,Standard
3024,Hyderabad,1361.8459492256666,5,4,44.06063662327568,340.5927261127325,2,9,25009.63683200662,1.0,6.608676998391278,Old,Luxury,Standard
3025,Chennai,2769.1855735686418,1,2,37.48105777818215,483.991998407414,0,9,17477.774080113195,0.3333333333333333,3.250053042996943,Old,Luxury,Large
3026,Mumbai,4395.402663677294,3,2,37.87683933986146,207.3338547145051,0,4,4717.0616796469985,1.0,0.9100417654689932,Old,Premium,Spacious
3027,Mumbai,1586.0736672687494,5,2,32.61282588867721,346.3447832503682,0,7,21836.61392265473,1.6666666666666667,4.413414171394788,Old,Luxury,Standard
3028,Hyderabad,853.413092567594,2,4,25.352176846835484,162.04342931006394,3,2,18987.689633696285,0.4,2.343530955194001,Old,Mid-Range,Compact
3029,Bangalore,2103.821311323491,5,2,7.49855297317486,147.82991148702783,0,5,7026.733244470732,1.6666666666666667,2.3766276979362635,Medium,Mid-Range,Large
3030,Chennai,3864.4332105424,2,2,16.48474433525259,295.59519988714493,0,8,7649.12171546254,0.6666666666666666,2.0701612795831306,Old,Premium,Spacious
3031,Delhi,2978.107451126576,1,4,6.845789623844528,490.04700705594473,2,1,16454.980725110065,0.2,0.3357837205040114,Medium,Luxury,Large
3032,Hyderabad,4175.570163084563,5,3,36.24565714261716,237.5042473856816,0,7,5687.947707966025,1.25,1.6764177649044658,Old,Premium,Spacious
3033,Delhi,4818.164664241553,4,2,8.011438801100251,470.06574575195873,3,9,9756.116249836674,1.3333333333333333,1.8679311786071404,Medium,Luxury,Spacious
3034,Hyderabad,4066.9811453822767,4,4,35.10567750858428,458.8944897174856,1,6,11283.418174645894,0.8,1.475295750218195,Old,Luxury,Spacious
3035,Bangalore,3217.1138547968903,4,1,34.61276947979523,141.8060539255975,0,2,4407.865569139153,2.0,0.6216752313623878,Old,Mid-Range,Spacious
3036,Bangalore,2720.037146235712,4,4,22.965223949564447,212.87331540047717,3,0,7826.117951921164,0.8,0.0,Old,Premium,Large
3037,Bangalore,680.3108885672,4,1,6.761432705902615,328.7851896772079,0,5,48328.667849144826,2.0,7.349581028359666,Medium,Luxury,Compact
3038,Bangalore,4929.448904663186,2,4,15.740041306701835,268.662024517468,3,1,5450.14320491927,0.4,0.20286243337546614,Old,Premium,Spacious
3039,Mumbai,2225.665051587692,5,2,16.004655453777573,66.06009433432368,0,2,2968.1058381718,1.6666666666666667,0.8986078109881305,Old,Budget,Large
3040,Mumbai,1185.0269626259003,1,3,35.01925665716467,496.975054461036,2,4,41937.86893758007,0.25,3.37545062361822,Old,Luxury,Standard
3041,Chennai,3500.1898492840555,4,3,5.687150970686217,381.2739205814144,1,7,10892.949725552797,1.0,1.999891520579037,Medium,Luxury,Spacious
3042,Delhi,1779.297300929567,4,2,41.45343231080454,230.09313834786164,1,1,12931.685909243664,1.3333333333333333,0.5620196239704096,Old,Premium,Standard
3043,Hyderabad,3136.002219189714,1,1,38.0503645092957,316.7209038398198,3,5,10099.51147042411,0.5,1.5943866268346931,Old,Luxury,Spacious
3044,Hyderabad,3140.4555853006605,1,4,9.315345908713695,62.03495228779046,3,0,1975.3488181190553,0.2,0.0,Medium,Budget,Spacious
3045,Mumbai,2505.7841940629114,4,2,35.95821908894447,257.7447937710128,1,6,10285.993278339824,1.3333333333333333,2.39445999149333,Old,Premium,Large
3046,Hyderabad,4262.533769952692,2,4,33.42565907339109,466.7995595923941,2,3,10951.222554128291,0.4,0.7038067407576916,Old,Luxury,Spacious
3047,Mumbai,1692.3517769994935,1,2,37.40604000554632,450.3684598663896,2,0,26611.9884758761,0.3333333333333333,0.0,Old,Luxury,Standard
3048,Chennai,2518.846662279804,5,2,9.446427772434724,181.9428058319099,0,8,7223.258507813802,1.6666666666666667,3.176056772252747,Medium,Mid-Range,Large
3049,Delhi,2919.6145786593715,5,4,7.879516107823431,275.0565746342426,2,8,9420.989217026827,1.0,2.740087701464157,Medium,Premium,Large
3050,Chennai,3486.3112434528484,2,3,11.82419929613771,354.7440915620705,1,2,10175.341981536087,0.5,0.5736722456309428,Old,Luxury,Spacious
3051,Bangalore,4027.873327275153,3,3,18.29358515744878,183.20444811579452,1,5,4548.416328666719,0.75,1.241349862256589,Old,Mid-Range,Spacious
3052,Bangalore,2276.632772952152,2,1,39.68324905179006,51.14202468509048,2,6,2246.3888464002766,1.0,2.6354711533998025,Old,Budget,Large
3053,Bangalore,3407.211248434682,4,4,36.8961968739425,262.61199522454626,2,3,7707.534874604376,0.8,0.8804854707433358,Old,Premium,Spacious
3054,Chennai,1177.749288808336,3,1,46.27257961392666,308.7851531952015,1,5,26218.24153319038,1.5,4.245385709431481,Old,Luxury,Standard
3055,Hyderabad,4696.9164524411535,4,2,2.9314779549307723,22.80396805832492,1,8,485.5093397812705,1.3333333333333333,1.7032451143222096,Recent,Budget,Spacious
3056,Delhi,2223.764628894516,5,1,0.5778140507092799,65.8761792984947,1,9,2962.371936424011,2.5,4.0471909135788815,Brand New,Budget,Large
3057,Bangalore,3782.846398893973,1,2,34.956941485039955,119.4995089251931,1,5,3158.9839058792427,0.3333333333333333,1.3217560198748481,Old,Mid-Range,Spacious
3058,Bangalore,591.5348684697994,4,4,13.964374789708284,187.0650977556484,1,6,31623.680652934985,0.8,10.143104523188944,Old,Mid-Range,Compact
3059,Bangalore,1423.3421430716314,5,4,16.703944776690875,279.7045869586786,2,5,19651.25450125888,1.0,3.5128588191801815,Old,Premium,Standard
3060,Delhi,2691.871449456101,2,4,27.34010129572561,161.04460100463933,2,6,5982.625991935045,0.4,2.2289325893375462,Old,Mid-Range,Large
3061,Bangalore,4452.13610479556,4,4,5.120656156339925,152.5682309151218,0,0,3426.8546002172966,0.8,0.0,Medium,Mid-Range,Spacious
3062,Delhi,2872.648174778047,5,1,32.13472082740248,437.2876850302793,0,5,15222.458805421447,2.5,1.740554253702273,Old,Luxury,Large
3063,Bangalore,4684.417170322456,1,2,16.25737231155751,89.6243075846846,3,8,1913.2435119674715,0.3333333333333333,1.7077898293693843,Old,Budget,Spacious
3064,Chennai,2677.086034622584,4,3,31.635756215049582,257.82086392273294,0,2,9630.65290350598,1.0,0.747080958226268,Old,Premium,Large
3065,Chennai,2707.020935311775,5,4,41.70034565366929,477.35586412934526,2,5,17633.992330922512,1.0,1.847048884911611,Old,Luxury,Large
3066,Delhi,1038.8605482523935,4,4,8.555566666871483,320.006359575702,0,3,30803.591503597625,0.8,2.8877793126774347,Medium,Luxury,Standard
3067,Chennai,4111.9530986849895,1,2,46.543654645726015,364.2586303493305,0,6,8858.530766457941,0.3333333333333333,1.4591606120018275,Old,Luxury,Spacious
3068,Delhi,1611.3443561017812,4,3,26.534407053122187,226.99375586749144,2,6,14087.22815876815,1.0,3.723598855377756,Old,Premium,Standard
3069,Chennai,4548.256202175418,4,4,46.146388258698416,29.567440217465396,1,8,650.0829967169257,0.8,1.7589158667389102,Old,Budget,Spacious
3070,Chennai,4598.708991486783,5,3,10.386504110088907,330.1425768162586,2,3,7179.027362405945,1.25,0.6523569996609172,Old,Luxury,Spacious
3071,Delhi,4744.895503433674,3,4,30.22813323021188,323.3236550854996,2,7,6814.136472584577,0.6,1.475269580738797,Old,Luxury,Spacious
3072,Hyderabad,2841.037200963905,4,1,20.194355866180235,73.00526550239988,3,7,2569.669467109783,2.0,2.463888891572784,Old,Budget,Large
3073,Chennai,3546.9220315264,3,1,38.71110955780066,241.83666253982312,3,7,6818.211970556058,1.5,1.973542112789997,Old,Premium,Spacious
3074,Bangalore,4003.3214602774856,2,3,30.295447160664818,459.35789343951217,3,7,11474.41937894421,0.5,1.748548066763243,Old,Luxury,Spacious
3075,Hyderabad,1089.5657839270953,4,2,24.725772847915923,118.44071934654806,1,5,10870.451430629097,1.3333333333333333,4.588984046450709,Old,Mid-Range,Standard
3076,Delhi,3204.307377488737,3,2,45.64927032155043,241.32740222437292,0,7,7531.343713146045,1.0,2.1845594617973267,Old,Premium,Spacious
3077,Hyderabad,654.3405558649025,2,1,18.85585320858401,241.3295288962498,3,5,36881.33445698811,1.0,7.641280912797828,Old,Premium,Compact
3078,Mumbai,2739.047375249266,5,2,10.999010244909076,409.1655047108664,2,9,14938.241244316938,1.6666666666666667,3.2858139225068927,Old,Luxury,Large
3079,Mumbai,1196.7920672910234,4,2,30.405059342604584,415.7964177581334,3,1,34742.57802354102,1.3333333333333333,0.8355670356869357,Old,Luxury,Standard
3080,Chennai,1323.153166829381,5,2,31.20142185864069,384.4493214384281,2,2,29055.54179790603,1.6666666666666667,1.5115408027874204,Old,Luxury,Standard
3081,Chennai,2142.714050116707,2,3,21.95473107859377,195.4179964103714,1,5,9120.115509567298,0.5,2.3334891558337736,Old,Mid-Range,Large
3082,Bangalore,2445.967250224264,5,3,24.330502184469115,54.577724008889646,3,6,2231.3350272325015,1.25,2.4530173081630084,Old,Budget,Large
3083,Hyderabad,3304.2759103948424,5,2,47.977670714995,187.7518290675268,2,3,5682.086912805399,1.6666666666666667,0.9079144966563996,Old,Mid-Range,Spacious
3084,Mumbai,834.9278829733205,1,1,36.63428456984006,346.29977661024304,0,0,41476.60937816695,0.5,0.0,Old,Luxury,Compact
3085,Chennai,2766.612925568501,2,2,5.53008757412885,357.3183557547567,1,3,12915.372166900894,0.6666666666666666,1.084358412510323,Medium,Luxury,Large
3086,Hyderabad,1321.813086138955,5,4,10.606503543530549,483.2001005488252,2,5,36555.85692227206,1.0,3.7826830831317535,Old,Luxury,Standard
3087,Chennai,3082.8882876428383,3,1,48.77883172177795,237.7477910929801,0,7,7711.8522927329595,1.5,2.270598006440307,Old,Premium,Spacious
3088,Chennai,3368.3207551753258,2,3,36.323277689676566,323.5690798113393,0,3,9606.243090542519,0.5,0.8906515198680495,Old,Luxury,Spacious
3089,Mumbai,3005.1916544878422,1,4,45.752256307232656,278.8116179468152,2,9,9277.665120973174,0.2,2.9948173144164474,Old,Premium,Spacious
3090,Mumbai,3822.329797152384,4,2,15.193073199436103,92.29690885435394,3,0,2414.6767482783584,1.3333333333333333,0.0,Old,Budget,Spacious
3091,Chennai,2010.241599084056,5,2,37.09334300432962,241.3771866234253,0,4,12007.371986203356,1.6666666666666667,1.9898105788988523,Old,Premium,Large
3092,Delhi,3942.979662349089,3,1,35.70013542617557,281.5208742507172,1,6,7139.800312411375,1.5,1.5216918457107664,Old,Premium,Spacious
3093,Chennai,2447.4518676868715,1,1,14.734499271968756,476.3598109002841,0,5,19463.500679606823,0.5,2.042941095599802,Old,Luxury,Large
3094,Chennai,2678.830242451685,2,2,27.540816272535267,195.9387461162989,3,2,7314.3397820152395,0.6666666666666666,0.7465945278300222,Old,Mid-Range,Large
3095,Bangalore,3416.459572674821,5,2,31.370755563514763,490.4475694918293,1,6,14355.433133600556,1.6666666666666667,1.756204009550878,Old,Luxury,Spacious
3096,Bangalore,582.6127279965078,1,1,24.05659054137325,280.30403553156054,1,3,48111.553706605715,0.5,5.1492180926366276,Old,Premium,Compact
3097,Bangalore,3442.973996391117,1,4,41.35893533290064,136.3852367854676,1,4,3961.262470423098,0.2,1.1617862941145505,Old,Mid-Range,Spacious
3098,Delhi,3283.6331708245198,3,3,41.64345208989948,111.99890576758774,2,6,3410.8227058586094,0.75,1.8272443016201474,Old,Mid-Range,Spacious
3099,Delhi,1894.31202538976,4,1,42.53002741507784,88.01356028491125,0,1,4646.201845590998,2.0,0.5278961367487741,Old,Budget,Standard
3100,Chennai,886.0742820477026,4,4,40.171178454908144,237.40777787525744,3,3,26793.213919561247,0.8,3.3857206565876745,Old,Premium,Compact
3101,Bangalore,909.2095246086852,4,2,24.40417385985723,30.52468629868315,2,3,3357.2774451324267,1.3333333333333333,3.2995694818432204,Old,Budget,Compact
3102,Delhi,4654.506861433529,2,3,19.07191490745036,233.62173599113535,2,5,5019.258601311479,0.5,1.0742276569466833,Old,Premium,Spacious
3103,Mumbai,3601.756945516267,1,4,41.56881418571853,494.4342522348542,1,6,13727.585167854331,0.2,1.6658536627434684,Old,Luxury,Spacious
3104,Chennai,1071.9617619683318,2,3,24.510072927813344,341.65126194668795,2,3,31871.590393238403,0.5,2.7986072884646673,Old,Luxury,Standard
3105,Hyderabad,2105.254261890079,1,3,12.318569931399091,384.6973381761943,0,9,18273.200778646868,0.25,4.275018064525792,Old,Luxury,Large
3106,Chennai,3166.173472557184,3,3,25.36717661611081,77.12258754476602,2,0,2435.8295024965064,0.75,0.0,Old,Budget,Spacious
3107,Hyderabad,4260.07267290792,3,4,7.092491095962106,247.0884135152436,2,0,5800.09855434183,0.6,0.0,Medium,Premium,Spacious
3108,Bangalore,696.4741792085383,2,4,34.581474529939946,157.38708849234268,1,4,22597.691801179873,0.4,5.743213631473795,Old,Mid-Range,Compact
3109,Hyderabad,1564.84909161504,2,2,16.79606408119532,449.1668134347341,1,0,28703.522649021746,0.6666666666666666,0.0,Old,Luxury,Standard
3110,Bangalore,4503.87045632921,3,3,13.032939922372716,107.020386566678,2,2,2376.1870507683925,0.75,0.4440625056587573,Old,Mid-Range,Spacious
3111,Mumbai,541.2449758271741,5,1,47.82543731173725,240.1919970256361,1,8,44377.68621474137,2.5,14.780737664629138,Old,Premium,Compact
3112,Hyderabad,1406.2959625724934,4,1,38.84404978791538,302.2629048059061,3,2,21493.54850262003,2.0,1.422175739124972,Old,Luxury,Standard
3113,Chennai,4815.608791878347,4,1,39.35347513619658,266.7397239576957,3,2,5539.065474080024,2.0,0.41531612853873295,Old,Premium,Spacious
3114,Bangalore,3260.30830934977,3,4,31.186098463959173,418.5168934257955,3,8,12836.727502904894,0.6,2.453755669995365,Old,Luxury,Spacious
3115,Chennai,1677.521149868779,4,2,41.95864052551486,131.09752223342738,2,4,7814.954955630947,1.3333333333333333,2.384470681822934,Old,Mid-Range,Standard
3116,Delhi,801.4599247813142,5,4,37.95812405816906,201.1477330033718,0,7,25097.665745203274,1.0,8.734061159589503,Old,Premium,Compact
3117,Bangalore,626.8610320124997,5,3,29.938685206680827,400.2004623554972,0,9,63841.974842602314,1.25,14.357249119643058,Old,Luxury,Compact
3118,Hyderabad,1601.3528583661728,1,1,48.05622009258587,273.4742776336663,1,8,17077.70253163856,0.5,4.995775889245444,Old,Premium,Standard
3119,Bangalore,4466.686188150097,2,4,9.579747484221151,213.0163451110195,0,5,4769.001808905707,0.4,1.1193980927661225,Medium,Premium,Spacious
3120,Chennai,2371.6114443387924,4,1,47.168985949737554,34.13240707751912,0,6,1439.2073861422637,2.0,2.5299253865224984,Old,Budget,Large
3121,Mumbai,3741.5001612469687,5,4,20.071908099943247,381.6250035274925,2,6,10199.785836713805,1.0,1.6036348366747946,Old,Luxury,Spacious
3122,Bangalore,4632.28265920981,2,1,26.41994917007433,486.6473974240449,1,6,10505.56352506906,1.0,1.2952577468628608,Old,Luxury,Spacious
3123,Hyderabad,2336.182077212675,2,3,6.136965977215447,317.7377645544848,0,3,13600.727770909933,0.5,1.2841464838131682,Medium,Luxury,Large
3124,Delhi,1360.748169668287,1,1,27.005371946089543,431.1397859306214,3,1,31684.02468148985,0.5,0.7348898365549686,Old,Luxury,Standard
3125,Mumbai,2827.0306888561377,2,3,30.56033759290967,268.1003567335646,1,1,9483.461137878285,0.5,0.3537280313022057,Old,Premium,Large
3126,Delhi,4586.376591769345,2,3,49.8850770904262,131.20686340321498,1,6,2860.79567994214,0.5,1.30822227088101,Old,Mid-Range,Spacious
3127,Bangalore,4119.684863619653,3,4,48.759620553576326,26.932210032869826,1,9,653.744422800499,0.6,2.1846331207218572,Old,Budget,Spacious
3128,Chennai,796.234295134192,1,4,48.31986459371437,333.63116844319484,3,6,41901.13016759305,0.2,7.535470447161284,Old,Luxury,Compact
3129,Chennai,3616.5776003491183,1,4,17.41940300510287,256.69224715915743,0,9,7097.656279637916,0.2,2.4885405470440354,Old,Premium,Spacious
3130,Hyderabad,3073.538851065292,4,3,49.563324937252176,395.4071106020487,3,6,12864.880834839623,1.0,1.9521471146917155,Old,Luxury,Spacious
3131,Chennai,4583.584293558915,2,2,22.77390757975554,353.4475603689462,1,7,7711.160911028267,0.6666666666666666,1.5271891060968934,Old,Luxury,Spacious
3132,Mumbai,1051.1663758263376,4,2,42.59181293809503,494.2171367391511,1,2,47016.0716804359,1.3333333333333333,1.9026483780246206,Old,Luxury,Standard
3133,Chennai,2903.162509420955,5,3,10.8159984509486,264.9500400377791,2,4,9126.255908100173,1.25,1.3778078171716996,Old,Premium,Large
3134,Hyderabad,4457.582120803516,2,3,25.29165898283012,225.0438990430445,2,5,5048.5642876384845,0.5,1.1216843267261465,Old,Premium,Spacious
3135,Bangalore,2345.1070403378435,5,4,48.30060480638027,157.63505093086158,2,7,6721.870184149555,1.0,2.9849383757730554,Old,Mid-Range,Large
3136,Bangalore,2668.977129797902,3,4,47.35156984617138,248.89342005981172,2,7,9325.42348456385,0.6,2.6227276067105336,Old,Premium,Large
3137,Chennai,817.0730495013123,2,4,34.18674389107134,438.9783094990026,1,9,53725.711521990124,0.4,11.014927007435881,Old,Luxury,Compact
3138,Delhi,1751.6463820200986,4,2,39.89071612765299,40.37106838003581,3,2,2304.7499081108817,1.3333333333333333,1.1417829651744469,Old,Budget,Standard
3139,Bangalore,1960.279921260263,4,2,8.82133483012007,489.3920226973706,2,3,24965.415264914853,1.3333333333333333,1.53039367871059,Medium,Luxury,Standard
3140,Chennai,4753.051019351991,2,3,36.08292747420787,496.7874532677431,3,5,10451.969718925357,0.5,1.0519558867856793,Old,Luxury,Spacious
3141,Hyderabad,1772.0031224352156,4,2,30.902540416768616,306.9542617221928,2,3,17322.44474266806,1.3333333333333333,1.6929992741080397,Old,Luxury,Standard
3142,Chennai,2573.909308713434,2,4,4.577586787562304,179.14121777379268,0,9,6959.8884920827395,0.4,3.496626695250052,Recent,Mid-Range,Large
3143,Bangalore,3520.869906039259,1,4,5.657950329483813,127.06350479457144,2,3,3608.8667910343015,0.2,0.8520621551095018,Medium,Mid-Range,Spacious
3144,Hyderabad,1229.825175835448,4,4,5.422180887563094,152.7153899287418,3,4,12417.650323754253,0.8,3.252494808689138,Medium,Mid-Range,Standard
3145,Chennai,2688.990742138435,2,4,36.21784674149178,44.05060472238649,2,9,1638.183576911648,0.4,3.3469806567064264,Old,Budget,Large
3146,Mumbai,3823.425677641584,2,4,7.085760412378622,248.05326007201225,0,6,6487.7228168070405,0.4,1.5692733443431282,Medium,Premium,Spacious
3147,Hyderabad,4400.848458621796,4,1,23.386613555723525,47.5156500149148,3,1,1079.6929378885081,2.0,0.2272289103799697,Old,Budget,Spacious
3148,Mumbai,3318.1667359809203,1,3,17.849090293887887,364.8676230924441,3,1,10996.060539573262,0.25,0.30137123284263734,Old,Luxury,Spacious
3149,Delhi,3510.740818926265,4,3,27.52520703851089,198.52613865577,3,9,5654.821842316683,1.0,2.5635615000347944,Old,Mid-Range,Spacious
3150,Hyderabad,1068.2756266305605,2,2,35.32382436097014,115.69507123863832,1,8,10830.076841081847,0.6666666666666666,7.48870403908094,Old,Mid-Range,Standard
3151,Mumbai,4755.994237608562,1,4,34.2361268610666,281.5297077612984,3,3,5919.471170403665,0.2,0.6307829341501637,Old,Premium,Spacious
3152,Bangalore,1096.5833486801707,5,1,25.77599579571883,487.4044674766466,1,4,44447.55321729793,2.5,3.6476935426881436,Old,Luxury,Standard
3153,Bangalore,3986.028217318092,3,4,23.21674368051928,353.6629035288408,0,2,8872.563972133512,0.6,0.5017525945527938,Old,Luxury,Spacious
3154,Delhi,1691.6734480024347,4,4,19.890779756112934,256.0384880499969,3,1,15135.219409652185,0.8,0.591130635277643,Old,Premium,Standard
3155,Hyderabad,4701.169146655632,2,2,43.09549741521897,392.918863642163,3,9,8357.896756845726,0.6666666666666666,1.9144173968729705,Old,Luxury,Spacious
3156,Hyderabad,3739.8179271626577,1,1,16.542590243632247,373.9887065115146,3,7,10000.18486983547,0.5,1.8717488755691356,Old,Luxury,Spacious
3157,Hyderabad,3892.16170840266,1,1,12.968291058374742,448.03302130774097,0,3,11511.161531148544,0.5,0.7707798968175958,Old,Luxury,Spacious
3158,Delhi,1485.7662787694749,5,3,37.16577468276356,118.2410948450948,1,0,7958.25672817283,1.25,0.0,Old,Mid-Range,Standard
3159,Hyderabad,2493.679894858224,4,4,17.988173084836323,432.26123660419137,2,5,17334.271230861697,0.8,2.005068898502015,Old,Luxury,Large
3160,Bangalore,3280.1593756517887,1,1,42.34992998786342,164.4925217800155,0,5,5014.772239453449,0.5,1.5243161771694302,Old,Mid-Range,Spacious
3161,Mumbai,3964.881281929704,5,3,16.394435931857238,471.6794853560466,0,1,11896.434011927859,1.25,0.2522143612616065,Old,Luxury,Spacious
3162,Bangalore,967.8171916057532,2,1,35.09724122872941,154.9112714944329,0,1,16006.253333587923,1.0,1.0332529827671801,Old,Mid-Range,Compact
3163,Bangalore,4830.643924045377,5,4,2.2554503142668048,464.8873007180846,1,7,9623.712863703873,1.0,1.4490821741499664,Recent,Luxury,Spacious
3164,Mumbai,4505.993017495503,4,3,19.278144005516,482.6195429427584,1,6,10710.61453199955,1.0,1.3315599861570329,Old,Luxury,Spacious
3165,Bangalore,1716.5686572301297,5,1,17.161508748377575,89.83585157936685,1,1,5233.455195688285,2.5,0.5825575317293797,Old,Budget,Standard
3166,Delhi,4202.421093645494,1,2,40.83393696379617,487.75994396613584,1,9,11606.641340718581,0.3333333333333333,2.1416226026489715,Old,Luxury,Spacious
3167,Mumbai,2832.4576536792056,1,1,48.35277016141551,61.1470248460555,1,0,2158.7974939935607,0.5,0.0,Old,Budget,Large
3168,Bangalore,2578.129167029084,3,4,23.04406383464807,124.91253757401054,3,7,4845.08453538633,0.6,2.715147126653268,Old,Mid-Range,Large
3169,Chennai,1914.9534761513244,5,2,41.2418138576879,233.2010148189462,2,9,12177.894540165742,1.6666666666666667,4.699853083683375,Old,Premium,Standard
3170,Bangalore,3114.358639842166,2,1,34.984735047868256,496.9267355416208,2,1,15955.989435012687,1.0,0.32109339855947977,Old,Luxury,Spacious
3171,Delhi,3784.50102966619,4,1,48.36929938318466,254.51026455938208,1,4,6725.067916861713,2.0,1.0569425054041584,Old,Premium,Spacious
3172,Hyderabad,2349.1980723324123,3,3,40.55542571714123,284.1965327256732,1,5,12097.597732297956,0.75,2.128385877243517,Old,Premium,Large
3173,Bangalore,3331.4863685373143,5,4,3.8739032981865273,353.3239757713513,3,9,10605.595721722188,1.0,2.701496870885124,Recent,Luxury,Spacious
3174,Hyderabad,3646.908145198867,2,1,35.66408611911181,484.7809079710167,1,0,13292.928932395183,1.0,0.0,Old,Luxury,Spacious
3175,Chennai,3700.0481765687855,3,1,26.774985771118683,396.0086720596373,3,1,10702.797724835931,1.5,0.2702667512095324,Old,Luxury,Spacious
3176,Bangalore,733.8474415903111,1,1,0.8218028966163582,127.59392212337532,3,9,17386.981938217054,0.5,12.264129422453554,Brand New,Mid-Range,Compact
3177,Mumbai,4368.865125582801,4,4,12.565647936272184,165.43564671889024,0,3,3786.6961319118623,0.8,0.6866771836083642,Old,Mid-Range,Spacious
3178,Hyderabad,2562.139916442716,5,2,46.08776225134465,66.86155501209171,0,1,2609.598116910123,1.6666666666666667,0.3902987473800429,Old,Budget,Large
3179,Chennai,1680.872367632965,2,4,46.303068639337646,329.3371347990751,1,5,19593.2267756209,0.4,2.974645842409255,Old,Luxury,Standard
3180,Mumbai,1587.940283658567,1,3,39.94252301003172,106.75534713882637,3,3,6722.881725304255,0.25,1.8892398101319587,Old,Mid-Range,Standard
3181,Mumbai,2673.563507797777,3,3,49.08898016389947,143.55434647009554,1,2,5369.401027931508,0.75,0.7480652672609996,Old,Mid-Range,Large
3182,Mumbai,4490.741927610316,4,4,40.32726123121024,446.294554486581,0,5,9938.102916639216,0.8,1.1134017675918146,Old,Luxury,Spacious
3183,Mumbai,2202.564117571911,3,1,0.5102093642622596,176.8427241593673,0,8,8028.947840770115,1.5,3.6321303594190644,Brand New,Mid-Range,Large
3184,Bangalore,3873.765860525945,3,1,14.391717015075589,291.9904248100001,0,7,7537.637413386577,1.5,1.8070271286477813,Old,Premium,Spacious
3185,Bangalore,935.6842894424838,2,2,1.5312091118881432,210.83168421880495,0,1,22532.35269606017,0.6666666666666666,1.0687365506541078,Brand New,Premium,Compact
3186,Bangalore,2642.255159679778,1,4,4.705398436877973,55.53501795483852,0,2,2101.803747128228,0.2,0.756929168128632,Recent,Budget,Large
3187,Chennai,4962.58763176731,5,4,10.942040847538802,194.17463835041843,1,1,3912.769965157626,1.0,0.20150777662819294,Old,Mid-Range,Spacious
3188,Chennai,3966.970112565517,2,1,25.17792731627612,215.8727374572468,1,9,5441.753563342017,1.0,2.2687340072193094,Old,Premium,Spacious
3189,Chennai,1447.3781979827586,4,3,42.37660017310089,449.93652891752873,0,6,31086.31382900577,1.0,4.145426543222999,Old,Luxury,Standard
3190,Delhi,2756.4866316405983,3,3,43.0983378078554,175.73631375024297,1,8,6375.373336951346,0.75,2.9022451653388144,Old,Mid-Range,Large
3191,Chennai,1551.3114364185494,4,2,30.810092927864822,202.03573748579257,0,0,13023.5446437644,1.3333333333333333,0.0,Old,Premium,Standard
3192,Bangalore,2343.024172681292,2,2,46.40879695331175,395.7904489627206,0,2,16892.290467058603,0.6666666666666666,0.8535976808601404,Old,Luxury,Large
3193,Bangalore,4010.378106807341,2,3,25.003116329510405,384.299192581567,0,5,9582.617457671773,0.5,1.2467652343086664,Old,Luxury,Spacious
3194,Delhi,3970.511668806817,5,4,44.45180220666008,403.1769327912756,1,3,10154.281523933532,1.0,0.7555701255252911,Old,Luxury,Spacious
3195,Delhi,1526.4517005607331,3,2,22.703262816600606,477.8099552364819,1,9,31302.002877717077,1.0,5.896026711289917,Old,Luxury,Standard
3196,Chennai,4650.004931696871,2,1,13.861250371094114,401.8675992294964,3,9,8642.304796069275,1.0,1.935481818234489,Old,Luxury,Spacious
3197,Hyderabad,3166.5568224417207,4,4,45.82064590502139,215.65193754458764,1,0,6810.297418831701,0.8,0.0,Old,Premium,Spacious
3198,Delhi,2209.6593093290653,5,1,19.396753783943467,414.3240881110841,1,8,18750.58686023812,2.5,3.620467628753637,Old,Luxury,Large
3199,Mumbai,2758.710113513873,4,2,25.17020544222308,264.1638234031704,2,6,9575.628193376759,1.3333333333333333,2.1749294971618363,Old,Premium,Large
3200,Bangalore,3222.8206404698467,3,3,16.44303162653386,153.30273560891135,0,6,4756.787693483362,0.75,1.8617232137142066,Old,Mid-Range,Spacious
3201,Mumbai,3019.5073933060344,5,2,33.14188001453649,165.40019270288593,0,0,5477.721070316393,1.6666666666666667,0.0,Old,Mid-Range,Spacious
3202,Bangalore,2688.822659912802,5,3,49.751561250301776,127.4443465104312,1,8,4739.78252305283,1.25,2.9752798945317718,Old,Mid-Range,Large
3203,Bangalore,2772.1976184023006,5,4,1.275677443238482,89.59661975348163,1,7,3231.970879663291,1.0,2.525072510535633,Brand New,Budget,Large
3204,Delhi,1293.8535969254876,1,2,44.99240030035507,108.55539768975216,3,9,8390.083541731947,0.3333333333333333,6.955964740822455,Old,Mid-Range,Standard
3205,Delhi,4157.298069371057,5,2,0.1963028494632701,50.325463977833294,2,4,1210.532974496266,1.6666666666666667,0.9621633891180542,Brand New,Budget,Spacious
3206,Mumbai,2937.921439734569,4,2,18.211394057310557,446.4564151675455,0,3,15196.336060227713,1.3333333333333333,1.0211300953884728,Old,Luxury,Large
3207,Bangalore,1089.859377671164,4,4,8.430340314475714,466.8837486315791,0,0,42838.89813649416,0.8,0.0,Medium,Luxury,Standard
3208,Mumbai,3947.7069571225006,3,1,37.867089033627565,301.64978839706987,1,8,7641.139316403151,1.5,2.0264928696306352,Old,Luxury,Spacious
3209,Hyderabad,4695.997902698079,2,1,2.530542037858674,423.4349871721688,1,7,9016.933055461648,1.0,1.490630989417214,Recent,Luxury,Spacious
3210,Mumbai,4762.881046566329,2,3,27.6742476792164,108.11412927351064,2,1,2269.931333923458,0.5,0.2099569546715686,Old,Mid-Range,Spacious
3211,Chennai,2160.579795850277,1,2,14.746306692265632,452.8034361089528,0,3,20957.49654692832,0.3333333333333333,1.3885161778157684,Old,Luxury,Large
3212,Mumbai,1109.8259310233932,5,1,6.683512443235107,263.05354862264403,2,3,23702.234852277867,2.5,2.7031266040374806,Medium,Premium,Standard
3213,Chennai,2832.798319848793,1,4,38.59091060513204,52.23919645066644,0,6,1844.084560649373,0.2,2.1180470060149794,Old,Budget,Large
3214,Chennai,1006.7415320714932,3,2,10.870841712762836,87.8301173571969,1,2,8724.197279958813,1.0,1.9866072236880468,Old,Budget,Standard
3215,Chennai,4702.943383306778,3,3,11.183760602746943,168.30870117767225,2,7,3578.794968595379,0.75,1.4884295704784976,Old,Mid-Range,Spacious
3216,Hyderabad,1326.108323098157,2,1,13.75383925689615,40.90763857028069,3,6,3084.7886147572844,1.0,4.524517262648903,Old,Budget,Standard
3217,Mumbai,1637.4463697802382,3,4,29.33833819140137,168.46082144837294,1,9,10288.020698411154,0.6,5.496363219033482,Old,Mid-Range,Standard
3218,Mumbai,2329.864370982367,5,4,32.98329658453741,48.766607897068056,3,3,2093.1093030323495,1.0,1.2876286007734763,Old,Budget,Large
3219,Hyderabad,2224.2401085160664,4,3,0.8801261850672482,133.29325049255607,3,8,5992.75455838644,1.0,3.5967339899006294,Brand New,Mid-Range,Large
3220,Bangalore,4075.9830157905008,3,1,12.093481805689516,147.52148281109197,3,5,3619.286003881483,1.5,1.2266979476189732,Old,Mid-Range,Spacious
3221,Delhi,2553.4256924793303,1,2,21.54854212526414,497.2971086560611,0,2,19475.683593251328,0.3333333333333333,0.7832614851063224,Old,Luxury,Large
3222,Mumbai,1268.457170015016,5,4,16.598847608061657,133.06240340655893,3,6,10490.098251010222,1.0,4.730155768624788,Old,Mid-Range,Standard
3223,Delhi,1702.4445296873334,3,3,44.208532925544304,134.80949549051854,0,5,7918.583727087855,0.75,2.936953253283552,Old,Mid-Range,Standard
3224,Hyderabad,2791.010233343849,3,4,39.38543654432094,349.6587048120248,2,7,12528.03377912041,0.6,2.508052430754957,Old,Luxury,Large
3225,Bangalore,1163.542628417607,5,4,31.294510776941376,432.4915896878969,1,4,37170.2401893153,1.0,3.437776925663578,Old,Luxury,Standard
3226,Bangalore,3252.4505404070637,3,1,16.90212079985199,205.78659804900155,0,5,6327.124593976027,1.5,1.5373023933437646,Old,Premium,Spacious
3227,Bangalore,3045.8628794801566,4,1,35.03361724230799,440.2966495715324,0,0,14455.563726712435,2.0,0.0,Old,Luxury,Spacious
3228,Hyderabad,3716.16042372016,2,2,42.18190064228972,183.2681699589234,2,7,4931.653886337286,0.6666666666666666,1.8836646435711368,Old,Mid-Range,Spacious
3229,Chennai,4719.670769207154,5,4,29.74151886794933,114.56762221520928,2,0,2427.449451828082,1.0,0.0,Old,Mid-Range,Spacious
3230,Chennai,4605.1455249552,1,3,39.22307334466896,178.22663567730729,1,2,3870.1629451555955,0.25,0.4342968075953379,Old,Mid-Range,Spacious
3231,Delhi,4757.340281309741,3,4,37.45524806998739,312.4910594854363,2,1,6568.608529289491,0.6,0.21020148672751457,Old,Luxury,Spacious
3232,Chennai,1601.220186606654,2,3,28.58686555801611,196.22871646979544,0,5,12254.948951502309,0.5,3.122618639099302,Old,Mid-Range,Standard
3233,Chennai,1092.0438798770958,1,4,15.609160841075548,342.9890259148586,1,7,31407.98938898502,0.2,6.409998837031911,Old,Luxury,Standard
3234,Bangalore,1860.2451522340184,1,3,37.28910790006359,133.72922212279155,1,7,7188.795625253614,0.25,3.762944895512031,Old,Mid-Range,Standard
3235,Bangalore,4527.883277448416,4,4,10.339818317880322,356.4765891147914,1,6,7872.919138403133,0.8,1.3251224981623557,Old,Luxury,Spacious
3236,Delhi,4874.240635805697,2,4,38.97441732357669,186.770414359264,3,6,3831.784852542296,0.4,1.2309609738847491,Old,Mid-Range,Spacious
3237,Mumbai,4366.962279817142,5,2,40.22733460712665,238.81681836892852,3,7,5468.717224159959,1.6666666666666667,1.6029449194814458,Old,Premium,Spacious
3238,Delhi,995.0797450739462,2,1,41.10724397851865,287.71766741259006,0,4,28914.0311454344,1.0,4.0197783341502475,Old,Premium,Compact
3239,Delhi,4763.4259912690695,2,1,23.64579854892288,349.3880015292769,3,2,7334.804868799759,1.0,0.41986587041885814,Old,Luxury,Spacious
3240,Hyderabad,2405.111123078537,1,3,9.624038388521084,134.58257208739218,2,1,5595.690394343475,0.25,0.41578120462060075,Medium,Mid-Range,Large
3241,Hyderabad,541.8963084305916,4,4,4.986180003303437,421.253857957189,1,2,77736.98609927788,0.8,3.6907429869605184,Recent,Luxury,Compact
3242,Delhi,2490.771833366871,4,4,37.16806252439621,366.4845198825151,0,2,14713.692959468071,0.8,0.8029639540674122,Old,Luxury,Large
3243,Delhi,707.3112635396042,2,1,44.31306922649066,132.36700113151974,2,6,18714.109042900625,1.0,8.482828295387446,Old,Mid-Range,Compact
3244,Delhi,2947.450645225029,2,3,32.541917941845334,487.987790049397,1,0,16556.266712725246,0.5,0.0,Old,Luxury,Large
3245,Chennai,2023.493123466731,3,2,7.20800301941848,339.10255569462004,2,6,16758.27566508631,1.0,2.965169453959179,Medium,Luxury,Large
3246,Hyderabad,2630.45720117322,1,2,46.7448224258787,237.1649055040187,3,5,9016.109648096153,0.3333333333333333,1.900810246131331,Old,Premium,Large
3247,Delhi,3259.266623344027,5,2,49.45510072696598,95.61311626568784,2,9,2933.5776208326342,1.6666666666666667,2.761357397255812,Old,Budget,Spacious
3248,Bangalore,4409.604931180191,5,4,21.668930496746096,275.94608110790307,3,1,6257.841358002305,1.0,0.22677768544048663,Old,Premium,Spacious
3249,Bangalore,3478.557094123679,4,3,29.74126446368856,99.09242567701672,2,9,2848.66463294259,1.0,2.5872796554651023,Old,Budget,Spacious
3250,Chennai,2453.219908151813,1,1,38.861426000082886,226.15600577496505,0,0,9218.741663699633,0.5,0.0,Old,Premium,Large
3251,Chennai,4187.425341516642,4,4,36.81948950250224,216.18201091496903,3,8,5162.647528819466,0.8,1.9104818229672562,Old,Premium,Spacious
3252,Mumbai,4575.119619079095,5,4,48.38935959667246,365.57102928678086,3,1,7990.414671613876,1.0,0.21857352009547795,Old,Luxury,Spacious
3253,Mumbai,1038.9198489448877,2,2,5.744154553939445,112.3439269876399,1,3,10813.531679246942,0.6666666666666666,2.8876144806038284,Medium,Mid-Range,Standard
3254,Mumbai,2893.6983989875616,1,3,29.036243307140285,414.498250338006,3,8,14324.169045503477,0.25,2.7646281322196593,Old,Luxury,Large
3255,Chennai,1780.3038188409987,1,3,34.59657098365461,176.5435169677596,1,8,9916.48251828678,0.25,4.493615030949103,Old,Mid-Range,Standard
3256,Chennai,711.7753904462634,3,2,44.504921209383504,233.11454094501204,3,0,32751.138080069853,1.0,0.0,Old,Premium,Compact
3257,Chennai,3508.460128012934,2,2,43.70548138590753,390.7236682658444,3,1,11136.61418427281,0.6666666666666666,0.28502532835291594,Old,Luxury,Spacious
3258,Bangalore,4382.468498566515,2,2,48.8999896780645,320.1883518624871,3,1,7306.118731194969,0.6666666666666666,0.22818190258004029,Old,Luxury,Spacious
3259,Chennai,1233.0619451482733,4,4,25.603922696883952,167.85216886492992,3,1,13612.630697539373,0.8,0.8109892645172436,Old,Mid-Range,Standard
3260,Bangalore,4155.861459307553,1,4,41.53804334066133,205.3774037820229,1,7,4941.873202294928,0.2,1.6843679868881711,Old,Premium,Spacious
3261,Mumbai,4340.280800916237,4,4,21.364085406366385,166.77767071501287,0,7,3842.554856814931,0.8,1.6127988766354227,Old,Mid-Range,Spacious
3262,Mumbai,4614.531991999176,2,1,21.11569389280161,305.4896802930354,2,9,6620.166049833509,1.0,1.9503602999403817,Old,Luxury,Spacious
3263,Mumbai,1693.782900887236,3,1,12.667418223642953,179.6597759392831,3,7,10607.01320370951,1.5,4.132761050033782,Old,Mid-Range,Standard
3264,Delhi,4567.788793354502,1,3,40.91186435096149,368.3348934959076,3,3,8063.746161639165,0.25,0.6567729235564882,Old,Luxury,Spacious
3265,Delhi,1942.9823963139447,2,2,49.29075529067578,298.2978361201885,0,7,15352.575333986191,0.6666666666666666,3.60270891454281,Old,Premium,Standard
3266,Hyderabad,2985.5210605497628,3,2,12.817086417362894,89.9391736388043,1,6,3012.5117798446427,1.0,2.0096994388293283,Old,Budget,Large
3267,Hyderabad,727.2836187452696,5,4,2.8065794010536163,168.92893696634357,2,7,23227.380984846677,1.0,9.624855860326676,Recent,Mid-Range,Compact
3268,Hyderabad,697.4648976593462,2,1,40.77712187095037,126.29477211687475,0,0,18107.688650814263,1.0,0.0,Old,Mid-Range,Compact
3269,Delhi,3741.679457294913,5,2,31.01150262673781,207.35034202471292,0,2,5541.638304169942,1.6666666666666667,0.5345193309118792,Old,Premium,Spacious
3270,Delhi,2500.15990090006,4,3,47.98494002755022,267.6723613804943,0,9,10706.209682194007,1.0,3.5997697574303107,Old,Premium,Large
3271,Hyderabad,1653.315689161479,5,2,12.611960953847612,263.2461714963728,0,5,15922.31739056954,1.6666666666666667,3.024225822556536,Old,Premium,Standard
3272,Hyderabad,1356.8607321120958,2,4,3.5513829000640538,382.1713647503787,3,0,28165.85045950066,0.4,0.0,Recent,Luxury,Standard
3273,Chennai,3514.790708866481,5,4,24.62211304332508,110.80249452882047,2,3,3152.463509400656,1.0,0.8535358854887548,Old,Mid-Range,Spacious
3274,Hyderabad,501.8069481140294,1,1,4.273301148257374,474.30695806277447,3,8,94519.80683914207,0.5,15.942385871831531,Recent,Luxury,Compact
3275,Chennai,4126.510261385844,2,3,13.089500055135373,184.56565130344092,0,6,4472.681263646162,0.5,1.454013105491458,Old,Mid-Range,Spacious
3276,Bangalore,856.6232275846796,3,3,6.298893040958414,164.11944651974648,2,0,19158.883536522222,0.75,0.0,Medium,Mid-Range,Compact
3277,Delhi,1361.7032670865374,5,2,11.206608983003935,348.88571752650546,0,5,25621.273441824935,1.6666666666666667,3.6718719274999327,Old,Luxury,Standard
3278,Hyderabad,2238.0637788459035,1,3,5.307232641069593,406.64798176787,1,5,18169.63330587322,0.25,2.234073955916635,Medium,Luxury,Large
3279,Delhi,2681.8643287224663,4,2,47.69529997136427,201.66644711055363,0,1,7519.6364316691415,1.3333333333333333,0.37287493975370495,Old,Premium,Large
3280,Delhi,2097.4780211627385,4,2,13.928135672486777,378.486547949109,0,5,18044.839761386138,1.3333333333333333,2.383815205476264,Old,Luxury,Large
3281,Delhi,1943.2047424293223,5,1,22.194879299628276,444.19325894530624,1,9,22858.79862509971,2.5,4.631524308009116,Old,Luxury,Standard
3282,Bangalore,4837.622054329348,4,3,44.93059038171111,388.0657592993396,3,1,8021.828802273769,1.0,0.2067131307012847,Old,Luxury,Spacious
3283,Mumbai,3387.1085655952743,3,4,33.866079398073715,36.41431307399984,2,7,1075.0855004731782,0.6,2.0666594720650093,Old,Budget,Spacious
3284,Hyderabad,605.4482991532469,2,2,30.90187402808872,417.1370774557704,0,6,68897.22508745333,0.6666666666666666,9.910012148669562,Old,Luxury,Compact
3285,Mumbai,2435.7915879994093,1,2,35.27815951804186,391.7508600580964,0,5,16083.10259334845,0.3333333333333333,2.052720776536819,Old,Luxury,Large
3286,Mumbai,4437.539148847865,5,2,41.44111285526909,341.2593143135293,1,9,7690.282899298628,1.6666666666666667,2.028151121176408,Old,Luxury,Spacious
3287,Mumbai,1856.5528388480056,4,3,43.88346339258805,384.81076116219367,2,5,20727.16451210564,1.0,2.6931633161071296,Old,Luxury,Standard
3288,Delhi,925.503551484747,2,3,32.13198353325132,490.12418999933067,1,8,52957.569877829716,0.5,8.643943059068688,Old,Luxury,Compact
3289,Chennai,3912.73147215463,3,3,44.50036373470289,226.93418615280785,0,8,5799.891655428161,0.75,2.044607471004042,Old,Premium,Spacious
3290,Delhi,3227.0622437123657,4,2,26.76987637127384,52.26715277820695,3,9,1619.6512131132486,1.3333333333333333,2.7889142880759965,Old,Budget,Spacious
3291,Delhi,3066.4062852192674,4,4,13.86454281342117,241.227185421304,3,9,7866.771816379013,0.8,2.935031813423394,Old,Premium,Spacious
3292,Mumbai,741.0945182333356,1,4,44.00383544419222,42.288154587703005,2,1,5706.175602069217,0.2,1.349355548309625,Old,Budget,Compact
3293,Delhi,1132.245544079828,3,3,27.07364137065436,161.24019588246136,0,2,14240.744573960828,0.75,1.76640129913286,Old,Mid-Range,Standard
3294,Mumbai,3301.472282959012,3,4,45.306879378361714,301.7023000624443,1,9,9138.416869943778,0.6,2.726056507108873,Old,Luxury,Spacious
3295,Chennai,1435.207286564761,5,2,2.008390697529061,168.61898860455503,0,6,11748.75505322669,1.6666666666666667,4.180580781721987,Recent,Mid-Range,Standard
3296,Hyderabad,2768.3153588679093,1,3,19.87578757706177,348.9897180365785,1,9,12606.57377486416,0.25,3.2510746910281605,Old,Luxury,Large
3297,Mumbai,2951.96758713227,5,3,47.39025091812341,414.5534372891461,1,8,14043.292314461683,1.25,2.7100568566105805,Old,Luxury,Large
3298,Chennai,1775.7823562192273,1,2,12.482504637915138,221.8108060541777,2,5,12490.877909522054,0.3333333333333333,2.81566036653578,Old,Premium,Standard
3299,Hyderabad,4767.913199936718,3,3,47.07681230192463,452.0662166206417,1,0,9481.42714986174,0.75,0.0,Old,Luxury,Spacious
3300,Bangalore,4291.088480760089,1,2,47.6951230564625,58.3226870481921,2,6,1359.158341984626,0.3333333333333333,1.3982466283093768,Old,Budget,Spacious
3301,Mumbai,3750.680784347593,1,3,44.10711571129305,423.2543188162159,3,0,11284.73317650887,0.25,0.0,Old,Luxury,Spacious
3302,Mumbai,850.9723988423409,1,4,28.183402254664934,417.7151098108635,2,4,49086.79886434875,0.2,4.700504981644038,Old,Luxury,Compact
3303,Bangalore,977.5850868905876,2,3,32.34697245403193,174.55707023684715,2,8,17855.946513265884,0.5,8.183430892389797,Old,Mid-Range,Compact
3304,Bangalore,2717.5160563923005,2,3,43.48084992249346,163.3832898198152,2,9,6012.229051434506,0.5,3.3118479571922577,Old,Mid-Range,Large
3305,Mumbai,1223.2100713594357,3,3,38.79485411945922,166.44559095368606,3,9,13607.277674611025,0.75,7.357689583112812,Old,Mid-Range,Standard
3306,Bangalore,4902.194585882633,1,1,31.50469247277058,409.4689819253172,2,8,8352.768841622652,0.5,1.6319221646236655,Old,Luxury,Spacious
3307,Delhi,1213.3410531233426,3,4,49.112970393535136,419.1936740528936,1,0,34548.70936525382,0.6,0.0,Old,Luxury,Standard
3308,Hyderabad,2693.6052595878828,2,2,34.28383181668471,178.26678023728044,1,5,6618.147911715726,0.6666666666666666,1.8562482316970943,Old,Mid-Range,Large
3309,Hyderabad,2138.5447557867747,1,1,48.77409962238806,304.44336677334167,2,2,14236.006328580968,0.5,0.9352154050496811,Old,Luxury,Large
3310,Hyderabad,3377.2388965434407,5,4,2.8694237303545367,86.68795013141816,1,8,2566.8290810028907,1.0,2.3687989642035374,Recent,Budget,Spacious
3311,Delhi,1080.663840002412,2,3,6.948018537110623,245.0137943748906,2,2,22672.526395844223,0.5,1.850714279470604,Medium,Premium,Standard
3312,Bangalore,2436.4239261907587,2,3,22.57294230002453,499.4205684106584,3,1,20498.098177499036,0.5,0.410437604577072,Old,Luxury,Large
3313,Chennai,1736.1726476321464,2,2,19.24397304421576,96.24279089899848,1,7,5543.388270184869,0.6666666666666666,4.031857090679805,Old,Budget,Standard
3314,Bangalore,4494.881861022596,1,2,39.13674206785139,474.8300671808283,2,2,10563.794152151606,0.3333333333333333,0.4449505152389023,Old,Luxury,Spacious
3315,Mumbai,682.6357046061279,4,4,8.030701323460187,415.6422665432037,0,4,60887.85918149769,0.8,5.859640761550773,Medium,Luxury,Compact
3316,Hyderabad,4611.773723029067,5,4,48.80475895557443,486.6630324542096,3,5,10552.621652359901,1.0,1.0841815536248691,Old,Luxury,Spacious
3317,Bangalore,4248.473623488502,5,2,15.7532937630457,106.19780509305583,0,9,2499.6696344287247,1.6666666666666667,2.1184078795362575,Old,Mid-Range,Spacious
3318,Chennai,1839.0682239836692,3,4,21.44618538700797,122.48887541281483,2,9,6660.376913450631,0.6,4.8937825593575806,Old,Mid-Range,Standard
3319,Mumbai,4051.807946046971,1,2,13.737251622001146,28.096247232732168,1,0,693.4249502161981,0.3333333333333333,0.0,Old,Budget,Spacious
3320,Delhi,640.461021524364,2,3,28.96818086632737,367.8568701994907,2,6,57436.26197952734,0.5,9.368251616186376,Old,Luxury,Compact
3321,Delhi,4850.894976320271,4,2,2.931435021129197,329.1654528493691,1,6,6785.664386802766,1.3333333333333333,1.2368851581592892,Recent,Luxury,Spacious
3322,Chennai,2869.677241654052,1,1,7.483875278522439,105.4714103958714,2,4,3675.3753650385706,0.5,1.3938849784007212,Medium,Mid-Range,Large
3323,Mumbai,1864.764617294504,1,2,37.28988517093621,399.7495834601945,2,8,21436.999595164547,0.3333333333333333,4.2900856900678495,Old,Luxury,Standard
3324,Hyderabad,2131.624456676047,4,2,9.325029170240196,163.6138429432282,1,1,7675.547277139041,1.3333333333333333,0.4691257866122216,Medium,Mid-Range,Large
3325,Bangalore,798.8240905722381,2,1,11.77572257783314,84.79787327870488,1,4,10615.337504150617,1.0,5.0073602526616305,Old,Budget,Compact
3326,Mumbai,4952.0728131891765,1,1,39.64911178624189,222.8300792092871,2,1,4499.7334977751,0.5,0.20193564144223308,Old,Premium,Spacious
3327,Delhi,676.813753178116,5,1,4.66505891786268,63.66552724489091,0,1,9406.653890518113,2.5,1.4775113468133554,Recent,Budget,Compact
3328,Chennai,3447.0820541653657,5,1,21.873691138542046,146.3569550111584,3,8,4245.821616990649,2.5,2.3208034721230395,Old,Mid-Range,Spacious
3329,Chennai,2492.3116746790624,4,2,1.1531693498613491,198.24001204512612,0,6,7954.061847848692,1.3333333333333333,2.407403560701382,Brand New,Mid-Range,Large
3330,Bangalore,4770.1229818492175,2,4,17.340369965895192,428.894803766792,0,3,8991.273503823244,0.4,0.628914602708419,Old,Luxury,Spacious
3331,Chennai,1606.9988313805782,4,1,34.94907013053773,400.4233958207463,0,7,24917.46652215927,2.0,4.355945918135034,Old,Luxury,Standard
3332,Chennai,2894.390707721051,1,3,4.505163985861415,232.52205716029675,0,3,8033.540756609775,0.25,1.036487573013977,Recent,Premium,Large
3333,Mumbai,2670.602938622388,5,2,44.41673133893801,367.796027721146,1,0,13772.022130360981,1.6666666666666667,0.0,Old,Luxury,Large
3334,Hyderabad,3662.898998225456,3,4,45.4749521470358,292.9518253659224,0,9,7997.8133578853,0.6,2.457070207057355,Old,Premium,Spacious
3335,Bangalore,806.0460437858923,4,3,5.249518756256755,183.60409043747268,3,2,22778.36258275128,1.0,2.4812478336923074,Medium,Mid-Range,Compact
3336,Mumbai,1372.0510851050967,3,2,49.53662181878883,368.4196848777367,1,9,26851.74691214332,1.0,6.559522526313673,Old,Luxury,Standard
3337,Hyderabad,1465.5416904178242,3,2,14.876477669774443,348.0795941438614,0,0,23750.91724921345,1.0,0.0,Old,Luxury,Standard
3338,Mumbai,3821.678396787604,5,3,4.205083556580302,317.165332252929,1,1,8299.111001059882,1.25,0.2616651366688971,Recent,Luxury,Spacious
3339,Mumbai,1351.1241334703304,4,1,0.2533557248631135,316.6186501007603,0,1,23433.720282053786,2.0,0.7401244454360559,Brand New,Luxury,Standard
3340,Chennai,3080.712937509395,3,1,20.426144788193128,347.83135631694887,0,6,11290.612380073084,1.5,1.9476011305521719,Old,Luxury,Spacious
3341,Hyderabad,1468.5971922542917,1,3,31.490499285305884,204.58184606841837,3,3,13930.426065597056,0.25,2.0427657194380235,Old,Premium,Standard
3342,Bangalore,4377.312275377903,2,4,16.608962495165663,437.1563912324971,1,9,9986.867825068672,0.4,2.056056190147643,Old,Luxury,Spacious
3343,Bangalore,4739.834545203374,2,1,41.83586827373114,97.9077658383012,1,8,2065.636783405912,1.0,1.6878226283438216,Old,Budget,Spacious
3344,Hyderabad,2833.218387240082,5,2,35.8303137782525,444.2650223547939,2,1,15680.578114120071,1.6666666666666667,0.3529554955959919,Old,Luxury,Large
3345,Chennai,2085.389978941302,4,2,17.508076598401633,184.2952846553573,0,8,8837.44942271753,1.3333333333333333,3.836212929373234,Old,Mid-Range,Large
3346,Delhi,1553.2599875787462,4,4,36.71548333043023,80.01517549213881,0,5,5151.434797265853,0.8,3.219036117574949,Old,Budget,Standard
3347,Mumbai,724.014506853697,2,2,47.02438684846249,308.0131532859824,3,9,42542.40079035091,0.6666666666666666,12.430690151652787,Old,Luxury,Compact
3348,Chennai,1708.2503428887292,1,1,4.654799927150854,200.4736011537945,3,7,11735.610180811349,0.5,4.097760043860247,Recent,Premium,Standard
3349,Hyderabad,3444.06100975393,2,4,15.305198007880843,411.4398690096892,1,6,11946.358320728052,0.4,1.7421294172801791,Old,Luxury,Spacious
3350,Mumbai,2901.276190891449,2,1,23.166296955834664,226.77702489380832,3,7,7816.45765424796,1.0,2.41273134284026,Old,Premium,Large
3351,Bangalore,4748.185752264173,4,4,24.89950638773843,340.91001226981274,1,8,7179.795190347171,0.8,1.6848540510836583,Old,Luxury,Spacious
3352,Delhi,2283.2476812126524,3,3,27.10978224430368,167.96383496231624,0,7,7356.356314051272,0.75,3.065808434887905,Old,Mid-Range,Large
3353,Bangalore,3622.385040477776,1,2,15.031345326932428,120.53714001216323,0,5,3327.562880953841,0.3333333333333333,1.3803060536437404,Old,Mid-Range,Spacious
3354,Hyderabad,2701.9523636380463,4,4,33.362982299117455,206.26353485543544,1,7,7633.87014631567,0.8,2.590719249607659,Old,Premium,Large
3355,Mumbai,2806.5929716589526,2,3,32.25422517649149,311.2677606091681,3,7,11090.591466320833,0.5,2.494127246339665,Old,Luxury,Large
3356,Hyderabad,1704.984415718529,3,1,28.891075313580693,335.3344348214489,3,1,19667.88855839069,1.5,0.5865156248824547,Old,Luxury,Standard
3357,Mumbai,2547.278495788999,1,3,5.688086085543831,297.5391993430488,1,1,11680.670167589524,0.25,0.39257584188503036,Medium,Premium,Large
3358,Chennai,2618.532486557183,5,1,23.848394554797224,494.2667449395723,0,0,18875.715595548278,2.5,0.0,Old,Luxury,Large
3359,Delhi,3679.891347870203,1,4,17.811344374468778,351.72328951767935,1,9,9557.980284424564,0.2,2.4457243840117444,Old,Luxury,Spacious
3360,Chennai,4732.879996337512,1,4,24.55192349190613,467.1294212465205,3,1,9869.876726390772,0.2,0.21128784181594273,Old,Luxury,Spacious
3361,Chennai,1981.9457486712693,2,2,46.0933217757513,76.60793354968376,1,6,3865.289128173314,0.6666666666666666,3.0273280709234873,Old,Budget,Standard
3362,Hyderabad,689.902108615843,2,2,24.02656715792041,49.45900631046985,0,2,7168.989004787928,0.6666666666666666,2.898962004932292,Old,Budget,Compact
3363,Delhi,2733.3280647528786,5,4,0.6990395919755921,169.27745696573777,2,3,6193.08963123101,1.0,1.0975630911949208,Brand New,Mid-Range,Large
3364,Mumbai,2950.0759946712587,5,1,21.941836904206543,85.5626904206835,1,3,2900.3554679688227,2.5,1.016922955686199,Old,Budget,Large
3365,Mumbai,1257.9824800936185,5,1,41.03240900246911,272.4168935495685,2,3,21655.062599066987,2.5,2.384770891067371,Old,Premium,Standard
3366,Bangalore,3922.090728242301,4,4,39.00304616090841,269.1110016911738,1,1,6861.417043551587,0.8,0.254966054915347,Old,Premium,Spacious
3367,Mumbai,4932.180987986712,4,1,25.66950367640905,296.0226398930961,3,5,6001.860852513662,2.0,1.0137503088752164,Old,Premium,Spacious
3368,Hyderabad,4755.986226538074,2,4,12.488450642965764,377.7093827989149,3,0,7941.767801835142,0.4,0.0,Old,Luxury,Spacious
3369,Chennai,1386.9771747064349,2,2,23.25443314572725,486.2382561019136,2,4,35057.40865597373,0.6666666666666666,2.8839695944142933,Old,Luxury,Standard
3370,Chennai,4439.134579553424,5,1,28.185110970909584,441.5641718907903,1,1,9947.077836401426,2.5,0.2252691334491147,Old,Luxury,Spacious
3371,Chennai,3670.221363852581,4,2,49.99357191370669,76.81627499627916,3,8,2092.960270811736,1.3333333333333333,2.1797050387180215,Old,Budget,Spacious
3372,Delhi,2542.309537131102,3,3,32.20890450846887,182.48657060991547,2,1,7177.983952962884,0.75,0.3933431336329177,Old,Mid-Range,Large
3373,Mumbai,2932.7494744612804,4,2,34.71324650313068,142.79505202306012,2,5,4868.982273001354,1.3333333333333333,1.7048847995850223,Old,Mid-Range,Large
3374,Hyderabad,4323.200787421061,2,3,24.5727071784026,104.87233173430054,1,3,2425.80293840251,0.5,0.6939302955182898,Old,Mid-Range,Spacious
3375,Delhi,2660.6072283726794,4,2,17.724477539126493,281.4679407947765,3,5,10579.086525557255,1.3333333333333333,1.8792702457845216,Old,Premium,Large
3376,Bangalore,2179.4331609730707,2,2,40.647649182360304,285.56691297571064,2,1,13102.8066420817,0.6666666666666666,0.4588349016188784,Old,Premium,Large
3377,Hyderabad,2719.613718616936,5,1,24.746616216961808,129.07751738626945,0,1,4746.170991221211,2.5,0.36769927771527483,Old,Mid-Range,Large
3378,Hyderabad,3106.084118157721,5,2,49.73450649822625,361.710680147209,0,6,11645.2313069276,1.6666666666666667,1.931692694645603,Old,Luxury,Spacious
3379,Hyderabad,1350.84944200257,5,4,22.856028713402203,371.79886360136254,3,2,27523.338429942898,1.0,1.4805498953570246,Old,Luxury,Standard
3380,Chennai,4554.084786201458,3,1,3.400014182378869,30.07039752028799,3,2,660.2950742462917,1.5,0.43916617583841494,Recent,Budget,Spacious
3381,Hyderabad,3533.8412697332624,3,1,34.12890685450414,209.96369778671195,0,6,5941.514679366462,1.5,1.697869129377417,Old,Premium,Spacious
3382,Mumbai,3349.7101280187003,2,1,2.3320725462905534,447.2675077767781,2,7,13352.424260105443,1.0,2.0897330612127885,Recent,Luxury,Spacious
3383,Hyderabad,947.7330178128716,1,2,12.525079844235163,269.7529319570424,1,6,28462.966561992747,0.3333333333333333,6.3308968741497305,Old,Premium,Compact
3384,Chennai,3218.782721776663,3,1,17.686912638995167,186.8613446907173,2,2,5805.34198305799,1.5,0.62135290663424,Old,Mid-Range,Spacious
3385,Hyderabad,1044.3229800732156,2,3,36.974179281066384,141.76455276566247,3,2,13574.780548803361,0.5,1.9151163367675617,Old,Mid-Range,Standard
3386,Bangalore,854.1395383792958,4,3,24.711796320380643,136.81016956077548,3,6,16017.309047695962,1.0,7.024613345244291,Old,Mid-Range,Compact
3387,Bangalore,2872.89903039077,5,2,1.4322965655128306,67.88865624838705,1,2,2363.071431687346,1.6666666666666667,0.696160908839167,Brand New,Budget,Large
3388,Chennai,2312.534903209227,5,1,30.84249256379611,412.2686811646842,2,1,17827.565784739385,2.5,0.4324259057073028,Old,Luxury,Large
3389,Mumbai,3149.6462157030046,5,4,20.57181187133312,61.59555458920218,1,6,1955.6340735066965,1.0,1.904975857315706,Old,Budget,Spacious
3390,Mumbai,901.4997562575736,2,4,46.09172549835536,160.30148761367158,2,2,17781.645141995,0.4,2.218525280919285,Old,Mid-Range,Compact
3391,Delhi,2439.423782812663,5,3,24.97811555701177,41.92435451184954,2,4,1718.6171097959304,1.25,1.63973149240514,Old,Budget,Large
3392,Chennai,1286.5402177032108,3,2,35.448757296966946,395.0655534673762,0,6,30707.5945260899,1.0,4.66367076399016,Old,Luxury,Standard
3393,Hyderabad,4941.950386658525,4,2,10.943424616477342,38.85616746885943,2,1,786.2516704691533,1.3333333333333333,0.20234925925190136,Old,Budget,Spacious
3394,Chennai,3025.1759559582847,5,2,38.04867822658266,167.98452985674004,3,7,5552.884602493398,1.6666666666666667,2.313914992684322,Old,Mid-Range,Spacious
3395,Delhi,3593.465874233903,2,2,36.04776552418362,295.18273764159875,3,1,8214.429967406584,0.6666666666666666,0.2782828709102996,Old,Premium,Spacious
3396,Chennai,1964.3822630717352,4,2,45.20408542706541,216.58945294085305,3,3,11025.830206905286,1.3333333333333333,1.5271976622863888,Old,Premium,Standard
3397,Chennai,926.3251165070488,5,1,1.691082085959961,155.49011227956822,0,3,16785.695379380875,2.5,3.2386037542761277,Brand New,Mid-Range,Compact
3398,Delhi,4891.418882525915,1,1,22.37503488087256,152.09075476522,1,7,3109.3381781010085,0.5,1.431077601022225,Old,Mid-Range,Spacious
3399,Mumbai,1788.1656592243244,5,1,33.95777013698151,402.9393468829997,3,0,22533.669898223405,2.5,0.0,Old,Luxury,Standard
3400,Hyderabad,2407.136833281084,3,4,4.758195004010752,487.5094856418776,3,8,20252.67026375773,0.6,3.323450453415014,Recent,Luxury,Large
3401,Delhi,3424.3876476615874,4,1,20.53020335744562,187.0597138154208,1,5,5462.574131849772,2.0,1.460115067116993,Old,Mid-Range,Spacious
3402,Bangalore,611.1378395875008,3,2,47.10733015330977,38.78984653232793,0,3,6347.151823966567,1.0,4.908876207084326,Old,Budget,Compact
3403,Mumbai,4146.166087327791,1,2,21.79672454455641,37.55157339637204,2,5,905.6939014368833,0.3333333333333333,1.2059333598048183,Old,Budget,Spacious
3404,Bangalore,2914.601855128791,1,4,49.27023917403157,384.4224393011447,1,5,13189.535257609234,0.2,1.7155001775633807,Old,Luxury,Large
3405,Mumbai,1751.9773418096995,3,4,2.8419530539909807,285.13751437238096,2,8,16275.182764512758,0.6,4.566269100110864,Recent,Premium,Standard
3406,Hyderabad,777.2359338161116,4,3,35.89148880704457,396.1244755603186,2,3,50965.79536864784,1.0,3.8598318341645004,Old,Luxury,Compact
3407,Hyderabad,1231.2428696349866,1,4,29.050811812413475,354.7985649385159,2,7,28816.293981357165,0.2,5.68531211236595,Old,Luxury,Standard
3408,Chennai,4527.652364840465,1,3,25.02698385660627,455.6030476473903,1,0,10062.677320047378,0.25,0.0,Old,Luxury,Spacious
3409,Bangalore,3587.109007711509,5,1,48.54237007425047,445.1956597023793,1,5,12410.987754910846,2.5,1.3938801383652075,Old,Luxury,Spacious
3410,Mumbai,1624.5577473660044,2,2,6.482520024556432,398.39714989816514,2,4,24523.42186937405,0.6666666666666666,2.4622085650605197,Medium,Luxury,Standard
3411,Hyderabad,795.2034422526328,1,3,44.79994758404567,248.090796820229,0,2,31198.40579631339,0.25,2.51507965601161,Old,Premium,Compact
3412,Delhi,3607.768905739864,4,3,34.56202055683051,167.90067564984918,0,3,4653.864480696746,1.0,0.8315388480750749,Old,Mid-Range,Spacious
3413,Hyderabad,3075.834766854943,4,3,12.949803664981635,263.3728579734272,0,7,8562.646498814605,1.0,2.275804953969467,Old,Premium,Spacious
3414,Delhi,2320.3378600620576,5,4,45.08345728161467,260.9943715135153,3,9,11248.119336661386,1.0,3.878745485693749,Old,Premium,Large
3415,Mumbai,2136.251521355287,4,4,21.46474589305066,312.9322634668821,2,1,14648.661936041628,0.8,0.4681096724816266,Old,Luxury,Large
3416,Hyderabad,1475.6642416809873,5,4,40.71136640365354,109.32683253579395,3,7,7408.652283344309,1.0,4.743626498685111,Old,Mid-Range,Standard
3417,Hyderabad,3513.250654418829,1,3,19.44182585237,334.6975426135946,0,6,9526.719711633017,0.25,1.7078200761034328,Old,Luxury,Spacious
3418,Mumbai,4868.0061250724175,1,1,42.54654137166205,239.1684436187916,1,0,4913.067844901975,0.5,0.0,Old,Premium,Spacious
3419,Hyderabad,1290.7186062657163,1,2,31.831455922252434,317.6983193316124,0,1,24614.06520285405,0.3333333333333333,0.7747622100940978,Old,Luxury,Standard
3420,Delhi,3187.024790069765,1,4,7.0523316791863575,135.0103150013819,3,6,4236.249288742636,0.2,1.8826336144905411,Medium,Mid-Range,Spacious
3421,Hyderabad,2408.8327508568927,2,1,32.483158173476376,228.5095490611304,3,2,9486.318590605464,1.0,0.8302776518164414,Old,Premium,Large
3422,Bangalore,2510.099247850992,2,4,9.56723813509363,120.89658293720971,0,1,4816.4064843537435,0.4,0.39839062174778334,Medium,Mid-Range,Large
3423,Chennai,1643.6627605751648,1,4,20.59613139470813,440.1464752432648,2,0,26778.39309866976,0.2,0.0,Old,Luxury,Standard
3424,Delhi,4213.106940476386,4,3,8.514779212601686,254.22130161993803,1,6,6034.057649417098,1.0,1.4241271547979188,Medium,Premium,Spacious
3425,Bangalore,2683.650218662585,5,3,1.1008057833559293,127.9910794754298,1,2,4769.290669303953,1.25,0.7452536049935425,Brand New,Mid-Range,Large
3426,Mumbai,2945.326334892188,3,4,10.594326972497877,39.78017395594222,0,5,1350.6202516400733,0.6,1.6976047580082574,Old,Budget,Large
3427,Delhi,1871.4241075879656,5,2,26.818601186206287,344.35455903370007,2,9,18400.669182226713,1.6666666666666667,4.809171776460595,Old,Luxury,Standard
3428,Chennai,1318.1380955012737,3,4,24.078048388867305,123.02946271508274,2,7,9333.579170116918,0.6,5.310520971884949,Old,Mid-Range,Standard
3429,Chennai,886.5967469126922,3,2,25.074854776803186,494.9994523130136,0,5,55831.40858983535,1.0,5.6395424610015805,Old,Luxury,Compact
3430,Mumbai,3713.5361341621215,1,1,12.384343922330066,276.1761792392824,1,6,7437.013381898748,0.5,1.6157106820111147,Old,Premium,Spacious
3431,Mumbai,1383.0542675953502,3,4,34.25806003070931,158.7089581990554,1,5,11475.251688785502,0.6,3.6151871384578853,Old,Mid-Range,Standard
3432,Delhi,3605.33909384959,1,2,35.21316434101729,335.6851682204626,1,6,9310.77936034127,0.3333333333333333,1.6641985244149444,Old,Luxury,Spacious
3433,Hyderabad,2256.6940072112925,2,1,17.89839127798328,152.10556325028105,2,4,6740.194406695188,1.0,1.772504374637391,Old,Mid-Range,Large
3434,Mumbai,2370.986604453432,4,1,44.05850442370872,413.7316610766784,0,8,17449.76796999042,2.0,3.374122816625608,Old,Luxury,Large
3435,Hyderabad,2611.298732417473,3,3,32.20116083177739,167.9533044463721,2,2,6431.792056624838,0.75,0.7659024129148378,Old,Mid-Range,Large
3436,Bangalore,2154.6882865739444,4,1,35.65196376293159,494.35891155003645,1,5,22943.407388921685,2.0,2.320521270364464,Old,Luxury,Large
3437,Chennai,952.7898975016552,1,3,13.866995896946973,310.4694970137409,2,8,32585.305304751255,0.25,8.396394652144286,Old,Luxury,Compact
3438,Hyderabad,1893.343145012806,3,1,0.0305817577793521,425.3173514924784,1,0,22463.828208467814,1.5,0.0,Brand New,Luxury,Standard
3439,Chennai,3486.804623122723,5,1,43.26878060510548,54.951425397642666,0,4,1575.9823488024717,2.5,1.1471821430641753,Old,Budget,Spacious
3440,Hyderabad,3496.0298066099194,2,2,41.12121922899043,187.18372034537032,1,3,5354.179761038174,0.6666666666666666,0.8581162535650928,Old,Mid-Range,Spacious
3441,Bangalore,1788.0093825799747,2,2,6.159594402141511,373.99380135975184,3,8,20916.769509347007,0.6666666666666666,4.474249451899715,Medium,Luxury,Standard
3442,Mumbai,2570.461819509596,3,3,18.705256747815323,334.4283283234797,3,0,13010.437493573952,0.75,0.0,Old,Luxury,Large
3443,Bangalore,1370.5125260537186,2,4,33.06696541942913,113.23669828820373,0,3,8262.361425784247,0.4,2.1889621167040776,Old,Mid-Range,Standard
3444,Mumbai,1446.674366884261,5,2,32.60554286093641,190.97740664466076,2,0,13201.132958204935,1.6666666666666667,0.0,Old,Mid-Range,Standard
3445,Mumbai,603.7118978297333,4,1,43.01751674042782,146.45283559401963,2,2,24258.729390707515,2.0,3.3128384701208358,Old,Mid-Range,Compact
3446,Chennai,4535.359474584851,5,3,7.013408081771427,314.4176814856846,2,3,6932.5856803107135,1.25,0.6614690669640046,Medium,Luxury,Spacious
3447,Bangalore,1448.179992837078,2,3,21.49698738925594,185.392750140212,1,0,12801.775404797274,0.5,0.0,Old,Mid-Range,Standard
3448,Hyderabad,1523.902446214085,4,3,4.861220896321239,168.3460361601679,3,4,11047.03497119512,1.0,2.6248399363997486,Recent,Mid-Range,Standard
3449,Bangalore,1758.2064469030931,5,1,19.479762421931408,119.54143060944402,0,5,6799.055413543981,2.5,2.843807113099264,Old,Mid-Range,Standard
3450,Chennai,1073.3363226294305,1,2,0.7553722793852191,216.3330180390312,2,0,20155.19399446619,0.3333333333333333,0.0,Brand New,Premium,Standard
3451,Mumbai,3376.6829743161325,1,4,44.91365325550635,113.84124329434572,2,9,3371.3926998847614,0.2,2.665337571947434,Old,Mid-Range,Spacious
3452,Chennai,838.1432892991395,4,3,26.352199841434054,482.0334019412635,0,9,57512.0517094807,1.0,10.738020711859251,Old,Luxury,Compact
3453,Delhi,1103.9109184685765,4,1,42.49011304011768,94.16086951774562,1,3,8529.752531877504,2.0,2.7176105877834895,Old,Budget,Standard
3454,Delhi,3401.4052696554177,4,2,2.995235050168188,458.3862631802126,2,3,13476.378932835893,1.3333333333333333,0.8819884024886919,Recent,Luxury,Spacious
3455,Hyderabad,2028.4727921664924,1,2,11.372905523646033,225.66708711515932,1,0,11124.974807975492,0.3333333333333333,0.0,Old,Premium,Large
3456,Chennai,3685.765220155351,5,4,12.968999761059033,201.37567594962655,1,1,5463.60562654446,1.0,0.271314080053599,Old,Premium,Spacious
3457,Hyderabad,3008.411351015639,4,3,19.3345747319394,131.03350443432743,1,9,4355.5714011679465,1.0,2.9916121666545377,Old,Mid-Range,Spacious
3458,Hyderabad,1652.0952787768088,1,1,40.143318619877306,325.1630404964092,2,4,19681.85761883879,0.5,2.421167865670285,Old,Luxury,Standard
3459,Delhi,3428.725777201976,4,2,19.327893686574637,349.05344720520145,2,1,10180.267244645262,1.3333333333333333,0.29165353690549545,Old,Luxury,Spacious
3460,Hyderabad,1023.2315613179628,4,1,10.23267648231635,244.4340618811604,0,2,23888.44041971493,2.0,1.9545917811838414,Old,Premium,Standard
3461,Delhi,2913.846723860137,4,2,3.249513016938421,46.73930993284358,0,8,1604.041473771324,1.3333333333333333,2.7455116065274527,Recent,Budget,Large
3462,Mumbai,2467.166472702656,1,3,3.974587417634373,460.884872330504,1,4,18680.73668436439,0.25,1.621293108615489,Recent,Luxury,Large
3463,Chennai,1705.4311226784837,5,3,38.00236029804887,490.5579837806629,2,0,28764.455934767488,1.25,0.0,Old,Luxury,Standard
3464,Hyderabad,3218.02248982775,1,4,22.24014955183165,226.9008393016808,1,4,7050.940135406761,0.2,1.242999392528828,Old,Premium,Spacious
3465,Delhi,4421.001165531272,1,2,36.30905610000077,314.55718755647706,0,2,7115.066831670394,0.3333333333333333,0.4523862186676578,Old,Luxury,Spacious
3466,Bangalore,4995.0711489338455,4,1,34.11435608818488,236.14334059699843,1,0,4727.527067305161,2.0,0.0,Old,Premium,Spacious
3467,Hyderabad,3234.9324593454103,3,2,6.7681230880128895,174.5022324253379,3,2,5394.308370217054,1.0,0.6182509295432711,Medium,Mid-Range,Spacious
3468,Mumbai,2321.176434481265,3,1,7.14439670961336,57.11302057174766,1,5,2460.52043796969,1.5,2.154080114602489,Medium,Budget,Large
3469,Mumbai,1513.431950972907,3,4,37.76710077170669,238.91251059070345,2,9,15786.14158615582,0.6,5.94674903897355,Old,Premium,Standard
3470,Bangalore,1656.9324022780029,1,2,36.06341467427086,412.8245870525368,1,4,24914.99269885558,0.3333333333333333,2.4140996907904473,Old,Luxury,Standard
3471,Delhi,2657.5474016739454,4,3,18.90153834371552,28.17510132224172,1,0,1060.1918635390919,1.0,0.0,Old,Budget,Large
3472,Hyderabad,2152.749655763192,3,1,3.871113166642004,299.4116879265067,2,1,13908.337512675591,1.5,0.46452219714580806,Recent,Premium,Large
3473,Delhi,4612.165351812249,2,3,0.60490108492261,442.7706121888107,3,4,9600.059373735023,0.5,0.8672715947680166,Brand New,Luxury,Spacious
3474,Mumbai,2157.329604450693,2,4,14.407847473087244,124.42372640689184,2,8,5767.488016212204,0.4,3.7082882390783256,Old,Mid-Range,Large
3475,Delhi,2180.50066015446,2,4,0.4611136793613468,107.96281505074984,0,4,4951.285593424313,0.4,1.8344410864414284,Brand New,Mid-Range,Large
3476,Mumbai,2225.905305952896,5,1,11.50363105518517,390.6927803369327,3,4,17552.08450656348,2.5,1.7970216384778441,Old,Luxury,Large
3477,Delhi,4264.790946654462,4,2,20.975037010566925,142.44148693726078,3,0,3339.9406610774154,1.3333333333333333,0.0,Old,Mid-Range,Spacious
3478,Bangalore,3428.547443811058,1,3,6.0707882655977095,112.15244842911126,2,4,3271.135962594304,0.25,1.1666748282047203,Medium,Mid-Range,Spacious
3479,Chennai,3263.759826435017,1,3,5.213887891577312,201.4348402732328,1,7,6171.864689359165,0.25,2.144765660543733,Medium,Premium,Spacious
3480,Bangalore,2003.64360072738,4,1,44.82187178593683,208.40096588970465,0,8,10401.099567510366,2.0,3.9927260502295767,Old,Premium,Large
3481,Bangalore,4180.568795745978,5,1,29.273501451144465,439.5685102479517,0,9,10514.562293419103,2.5,2.1528171021029796,Old,Luxury,Spacious
3482,Chennai,672.637376100655,4,1,46.72278433813907,316.8528665281649,3,2,47106.04521636786,2.0,2.973370304805535,Old,Luxury,Compact
3483,Chennai,4418.58727552151,5,4,17.29130818928396,214.86149904300288,0,3,4862.674100233622,1.0,0.6789500383119447,Old,Premium,Spacious
3484,Hyderabad,2807.3745490726837,3,4,33.857246866458155,276.5062228571681,3,6,9849.28152705887,0.6,2.137228180679306,Old,Premium,Large
3485,Hyderabad,2292.1260568853577,3,3,10.234583731089518,477.9033119961316,3,6,20849.783133024008,0.75,2.6176570795382283,Old,Luxury,Large
3486,Bangalore,2737.252763229585,5,2,30.91701586399706,74.34304477274978,0,0,2715.9729554911514,1.6666666666666667,0.0,Old,Budget,Large
3487,Bangalore,3503.36988740224,4,1,6.479286500499221,119.70345042785188,3,5,3416.8087948204743,2.0,1.4271972873830676,Medium,Mid-Range,Spacious
3488,Mumbai,557.4444193305382,3,4,0.1040319588142879,482.01377916154655,1,8,86468.49128751169,0.6,14.351206546488681,Brand New,Luxury,Compact
3489,Mumbai,4421.983354062115,4,2,46.57659007047895,479.515927293058,3,4,10843.910727356444,1.3333333333333333,0.9045714738671566,Old,Luxury,Spacious
3490,Hyderabad,2510.327863901268,3,1,27.744718808760467,105.03940220709086,1,7,4184.290176497125,1.5,2.788480381650782,Old,Mid-Range,Large
3491,Hyderabad,2043.349338650352,4,2,46.34703313910197,89.65223222014315,1,9,4387.513702349063,1.3333333333333333,4.404533199371856,Old,Budget,Large
3492,Mumbai,1122.105045353257,4,1,16.691576185103603,222.1208644825375,1,8,19795.01521736855,2.0,7.129457293796828,Old,Premium,Standard
3493,Mumbai,2477.59418461299,2,2,16.389303458087838,43.86478039422517,0,9,1770.4586435763297,0.6666666666666666,3.6325561530189967,Old,Budget,Large
3494,Delhi,2733.452470779705,5,3,20.032750088651586,334.35369549686726,1,9,12231.919123199328,1.25,3.2925394153397485,Old,Luxury,Large
3495,Delhi,2316.41012522065,1,1,35.30204919790842,57.19809039763625,0,2,2469.255758074699,0.5,0.8634049636652704,Old,Budget,Large
3496,Mumbai,3553.9704222210366,5,1,28.29043170930871,47.85422100525474,2,0,1346.5002608363993,2.5,0.0,Old,Budget,Spacious
3497,Delhi,2394.0343794165174,4,3,46.2677453549559,252.8897293802476,1,1,10563.329063047238,1.0,0.41770494550864534,Old,Premium,Large
3498,Chennai,4826.37910030958,4,1,1.2720450566219677,479.7375853328487,3,4,9939.90681962958,2.0,0.8287786592941748,Brand New,Luxury,Spacious
3499,Hyderabad,3196.748830206164,5,1,35.40979689862682,224.8620493103166,2,9,7034.085605524875,2.5,2.815360379570257,Old,Premium,Spacious
3500,Hyderabad,4133.650710433591,4,4,16.516384468327715,191.1109561570645,2,6,4623.297166223759,0.8,1.4515014500029304,Old,Mid-Range,Spacious
3501,Mumbai,992.1015639926547,3,3,9.011682590923058,499.01922344109727,1,5,50299.20741509807,0.75,5.039806589839243,Medium,Luxury,Compact
3502,Bangalore,2287.810818256576,4,4,25.519781126004947,275.34510117400805,0,3,12035.308993941839,0.8,1.3112972349200391,Old,Premium,Large
3503,Mumbai,2015.8146565121872,5,3,25.2531892089998,200.1158753073193,2,8,9927.29538208462,1.25,3.968618828202092,Old,Premium,Large
3504,Delhi,3062.670746614663,5,2,6.85055143442142,205.21319040396887,1,3,6700.465292614369,1.6666666666666667,0.9795372236196345,Medium,Premium,Spacious
3505,Bangalore,4375.010840276415,5,3,10.094802806644491,113.58055809608504,2,2,2596.120609587083,1.25,0.4571417244473933,Old,Mid-Range,Spacious
3506,Delhi,852.5219799290301,2,3,20.408233245077746,265.8670675748187,2,4,31185.948730254597,0.5,4.691961139034783,Old,Premium,Compact
3507,Chennai,826.5865912011985,2,4,20.44057061961577,230.6504135206428,1,3,27903.962630879458,0.4,3.6293838200791395,Old,Premium,Compact
3508,Delhi,4326.429686709194,2,1,15.877906980984235,149.98174224675842,3,1,3466.6400035924034,1.0,0.23113746724510587,Old,Mid-Range,Spacious
3509,Chennai,1457.8253871726083,2,3,7.427257575499047,97.0592415688447,3,2,6657.809805129478,0.5,1.371906414580224,Medium,Budget,Standard
3510,Chennai,3509.389645024162,2,1,0.2186839550489761,169.39465696042578,3,6,4826.897953625766,1.0,1.709699009486503,Brand New,Mid-Range,Spacious
3511,Delhi,2942.9515956236232,2,3,48.51175312140103,264.16799729011007,2,1,8976.294332633486,0.5,0.3397949193208174,Old,Premium,Large
3512,Delhi,4248.021176992533,2,4,47.17496148519635,47.99997069670481,0,0,1129.9371800845706,0.4,0.0,Old,Budget,Spacious
3513,Chennai,1062.9000942638158,5,3,24.18251895880676,93.79713372029886,0,1,8824.64252534143,1.25,0.940822195234274,Old,Budget,Standard
3514,Bangalore,1084.0233457517506,1,2,49.75258766375028,474.8754881451658,2,7,43806.75840665112,0.3333333333333333,6.4574255041948625,Old,Luxury,Standard
3515,Chennai,3005.682621252384,2,3,33.682716539112164,280.5705684950427,2,7,9334.670484208902,0.5,2.3289218730230727,Old,Premium,Spacious
3516,Hyderabad,4758.703940112669,5,3,3.442876880377077,50.45566575681818,1,9,1060.281673157073,1.25,1.8912712606758453,Recent,Budget,Spacious
3517,Chennai,2367.489912668394,1,1,5.885909954131368,352.682124209395,0,1,14896.87970040335,0.5,0.42238828332446904,Medium,Luxury,Large
3518,Bangalore,1971.2394511461275,2,1,45.80554219348189,49.66537763793667,2,5,2519.499983072071,1.0,2.53647520959104,Old,Budget,Standard
3519,Hyderabad,3230.1019543904863,1,2,31.50261010748142,374.659628982259,3,6,11599.003197809478,0.3333333333333333,1.8575265068164661,Old,Luxury,Spacious
3520,Mumbai,4687.01870245264,1,3,42.159181332867554,379.98210642561287,0,0,8107.117350028376,0.25,0.0,Old,Luxury,Spacious
3521,Mumbai,4266.175247800807,3,1,44.91348248169221,332.5179083596413,2,6,7794.286194198251,1.5,1.4064119853240844,Old,Luxury,Spacious
3522,Bangalore,4979.676248299489,4,3,22.397100564119302,371.4581814172879,1,7,7459.484570791871,1.0,1.405713875955376,Old,Luxury,Spacious
3523,Chennai,601.5586244106969,3,4,2.426297578834652,62.22357488626771,1,8,10343.725841720516,0.6,13.298786976642578,Recent,Budget,Compact
3524,Delhi,1007.86165120743,1,4,9.414017444866102,368.8546651305285,0,7,36597.74778498977,0.2,6.945397705740583,Medium,Luxury,Standard
3525,Bangalore,3242.604935149799,5,2,3.328597365121755,85.61039346746382,3,2,2640.17341549839,1.6666666666666667,0.6167880577495037,Recent,Budget,Spacious
3526,Hyderabad,4192.593977002323,2,4,9.436992284925369,182.96283549048505,0,7,4363.953115758237,0.4,1.6696107561087883,Medium,Mid-Range,Spacious
3527,Hyderabad,1783.5995403804495,4,1,20.52664632279384,472.5177216803038,2,2,26492.36619446054,2.0,1.121327940897199,Old,Luxury,Standard
3528,Mumbai,1576.4498961539844,2,1,5.909840525749272,261.38022927638724,3,5,16580.306796560326,1.0,3.171683421210115,Medium,Premium,Standard
3529,Hyderabad,4041.391097215404,5,2,8.336662390267163,484.3646873998466,2,3,11985.098094900619,1.6666666666666667,0.742318654105775,Medium,Luxury,Spacious
3530,Bangalore,753.7183423395421,4,3,22.29108910358396,62.68278026563402,3,6,8316.472711950546,1.0,7.960533349070419,Old,Budget,Compact
3531,Hyderabad,2162.221914121633,3,1,17.00854751942448,249.22716779032643,3,7,11526.437973947317,1.5,3.2374105332493754,Old,Premium,Large
3532,Bangalore,2776.141501665484,1,4,23.382906209402048,49.95311373289791,2,9,1799.3720313942806,0.2,3.2419096773707863,Old,Budget,Large
3533,Delhi,3021.569034576456,5,1,21.458601387953102,322.5009259516567,0,5,10673.293320828025,2.5,1.6547694071470613,Old,Luxury,Spacious
3534,Mumbai,3778.768205567496,1,2,32.22390129899417,57.77936065688786,1,9,1529.0527895243192,0.3333333333333333,2.381728518499689,Old,Budget,Spacious
3535,Hyderabad,2096.805755437962,1,4,46.85947744379273,104.17654521938113,3,3,4968.34506244579,0.2,1.4307476943058024,Old,Mid-Range,Large
3536,Bangalore,3257.0795510357325,2,4,5.393216922212124,144.23854883325464,3,7,4428.462571243849,0.4,2.149164578364087,Medium,Mid-Range,Spacious
3537,Chennai,3134.1894025593037,5,4,4.963007465459746,379.3970487989519,1,6,12105.10917078417,1.0,1.9143705849750319,Recent,Luxury,Spacious
3538,Mumbai,2964.272452941862,1,2,42.6403055545451,98.70181703267588,0,9,3329.714747870772,0.3333333333333333,3.036158161193328,Old,Budget,Large
3539,Delhi,3382.1748191399547,3,2,25.31983523262296,426.38338558067255,1,7,12606.781387163677,1.0,2.069674210920893,Old,Luxury,Spacious
3540,Bangalore,1667.5212698063433,4,3,38.32025117842211,83.31389063878441,0,9,4996.271540719839,1.0,5.397232504893452,Old,Budget,Standard
3541,Delhi,880.9193911308304,5,3,10.771095180364073,36.917335553675045,3,6,4190.773403941592,1.25,6.811065870962199,Old,Budget,Compact
3542,Delhi,1036.7225241788456,2,3,41.44312865837759,209.62180110544057,3,2,20219.663045468722,0.5,1.9291565036499378,Old,Premium,Standard
3543,Hyderabad,1510.6207219425548,5,2,46.1923312096348,490.13198814622166,2,2,32445.73446046374,1.6666666666666667,1.3239590659316105,Old,Luxury,Standard
3544,Hyderabad,2750.8907098525337,2,4,31.77415077732441,72.96426933861306,0,8,2652.387064207449,0.4,2.9081489756562715,Old,Budget,Large
3545,Bangalore,4281.992377457091,4,4,5.293951073690112,68.82485313902194,1,6,1607.3090998796768,0.8,1.4012168801578222,Medium,Budget,Spacious
3546,Chennai,3655.8200393977286,3,1,44.76474070781694,380.5599251818995,0,0,10409.700725985245,1.5,0.0,Old,Luxury,Spacious
3547,Bangalore,4050.682718909212,1,3,39.624386368503565,169.83761311691134,0,2,4192.814518009104,0.25,0.49374392881073886,Old,Mid-Range,Spacious
3548,Chennai,2079.3903076674114,5,4,37.543888825724494,364.2951762683441,0,0,17519.32645473364,1.0,0.0,Old,Luxury,Large
3549,Delhi,2320.941837418476,2,4,1.836409445295778,116.00508293281442,0,5,4998.190004702741,0.4,2.1542978455510853,Brand New,Mid-Range,Large
3550,Mumbai,2271.5684869577576,4,4,39.94812626284856,240.8345572151182,1,1,10602.126178359718,0.8,0.4402244553670796,Old,Premium,Large
3551,Bangalore,1363.429329820257,1,4,6.89755052341785,147.33914131948058,2,6,10806.511059792481,0.2,4.4006681305520905,Medium,Mid-Range,Standard
3552,Bangalore,775.4749616460741,4,2,11.11930880984442,236.7335431419617,3,7,30527.55470524226,1.3333333333333333,9.026726001754254,Old,Premium,Compact
3553,Chennai,3159.1224177225204,3,3,28.85674174346288,389.1666044409458,1,5,12318.820007029179,0.75,1.5827180269907388,Old,Luxury,Spacious
3554,Delhi,4951.475075392637,1,4,13.249038645844152,385.7647714292776,1,4,7790.906054367801,0.2,0.8078400757541553,Old,Luxury,Spacious
3555,Delhi,1250.733672276183,1,4,33.067410315595986,267.57069808338736,3,9,21393.09942750972,0.2,7.195776526605457,Old,Premium,Standard
3556,Chennai,710.0816895467319,1,4,30.40352238495408,465.6184849861045,2,3,65572.52381529845,0.2,4.224866017760571,Old,Luxury,Compact
3557,Delhi,4007.8925682076974,2,4,5.407479900663131,146.6163691751715,1,8,3658.1910986884905,0.4,1.9960614871414946,Medium,Mid-Range,Spacious
3558,Hyderabad,1636.637030081259,1,1,32.80072897957532,135.34944853723186,3,7,8269.973491343513,0.5,4.277063191984878,Old,Mid-Range,Standard
3559,Mumbai,4233.397124088178,4,4,46.1977454912465,314.62707256420816,2,4,7432.023581581068,0.8,0.9448676518533684,Old,Luxury,Spacious
3560,Bangalore,3667.715001655319,2,4,8.055495259291657,318.2225764240588,2,0,8676.316897044564,0.4,0.0,Medium,Luxury,Spacious
3561,Mumbai,4755.5309167286205,1,4,29.85310104714437,42.33921899118752,0,7,890.3152924997303,0.2,1.4719702431911372,Old,Budget,Spacious
3562,Bangalore,2340.172560905024,4,1,17.093268596834704,311.7333019457108,1,7,13320.95364049363,2.0,2.991232406080713,Old,Luxury,Large
3563,Hyderabad,3478.8642775278536,4,2,22.9805835886802,199.7293555275269,2,6,5741.222985262833,1.3333333333333333,1.72470079926881,Old,Mid-Range,Spacious
3564,Delhi,2591.8465136597183,5,1,14.350008953948496,378.77241215386834,1,6,14613.998558851279,2.5,2.3149518956382673,Old,Luxury,Large
3565,Chennai,3337.6491378884457,4,4,17.706531817384764,407.89071898173097,3,7,12220.898666412308,0.8,2.0972845589241684,Old,Luxury,Spacious
3566,Hyderabad,2523.195077034818,3,2,1.445591163327864,285.03383338257754,1,0,11296.543655179472,1.0,0.0,Brand New,Premium,Large
3567,Mumbai,1348.845108908337,1,4,49.07758689586103,20.81841512108724,2,2,1543.4251852635803,0.2,1.4827499368097672,Old,Budget,Standard
3568,Chennai,2785.538372015214,1,2,31.239996103637413,325.45558887998817,3,3,11683.75895121974,0.3333333333333333,1.0769910873026791,Old,Luxury,Large
3569,Delhi,2878.62890646849,1,4,25.035279524694264,379.4630142396485,3,5,13182.074750481637,0.2,1.736938022391366,Old,Luxury,Large
3570,Hyderabad,4147.717317170725,4,4,19.18576747501633,139.51196779112684,0,9,3363.584283180896,0.8,2.169868221911312,Old,Mid-Range,Spacious
3571,Chennai,3809.843176071116,4,2,26.968727941201383,243.03008054757865,3,9,6379.004838676912,1.3333333333333333,2.362301959442123,Old,Premium,Spacious
3572,Hyderabad,3487.0623077364985,1,2,19.0052999357902,483.5487792376584,2,8,13866.938315522579,0.3333333333333333,2.294194738720603,Old,Luxury,Spacious
3573,Hyderabad,1010.2419299865765,2,4,17.995396374683665,163.09546562916967,0,3,16144.198809025556,0.4,2.969585711058204,Old,Mid-Range,Standard
3574,Delhi,3742.7733079867176,2,1,23.197327086100657,127.11356050003558,2,5,3396.2399012728742,1.0,1.3359077850989485,Old,Mid-Range,Spacious
3575,Bangalore,2751.3732035953167,3,1,13.79915168355954,121.21029942944487,2,8,4405.447406082719,1.5,2.9076389889768923,Old,Mid-Range,Large
3576,Chennai,4523.447912477716,5,1,9.002494998339273,288.22440048991825,0,8,6371.785550903879,2.5,1.7685624229102717,Medium,Premium,Spacious
3577,Delhi,4639.419203587442,3,1,27.830294909014675,475.8978086278431,0,5,10257.702262814577,1.5,1.0777211070156665,Old,Luxury,Spacious
3578,Hyderabad,748.2046577080346,1,2,42.13827180751505,312.17126201617026,1,4,41722.71033067882,0.3333333333333333,5.3461308464092525,Old,Luxury,Compact
3579,Delhi,4192.887021595155,1,2,7.641408886294615,165.5950977140768,2,2,3949.4290416410336,0.3333333333333333,0.47699830443776514,Medium,Mid-Range,Spacious
3580,Bangalore,669.6382569020178,1,1,1.6367170302109324,326.51349347237795,1,4,48759.683322596335,0.5,5.97337436858134,Brand New,Luxury,Compact
3581,Chennai,2152.263315627602,5,3,12.340587257701808,319.924302846938,3,2,14864.552144896259,1.25,0.9292543275155895,Old,Luxury,Large
3582,Bangalore,2940.349890294856,4,3,48.98603217269054,306.52406515023404,3,4,10424.747958124672,1.0,1.3603823181733257,Old,Luxury,Large
3583,Mumbai,1166.4535938220731,5,3,41.437903687166965,96.52457930638496,1,9,8275.046672890485,1.25,7.715694861473271,Old,Budget,Standard
3584,Chennai,3858.4121565608457,3,4,29.79330267642983,324.5920636855972,0,9,8412.581406930847,0.6,2.3325657381356724,Old,Luxury,Spacious
3585,Bangalore,537.5961687746236,4,1,46.4624457621568,226.4789372069598,3,0,42128.0787255585,2.0,0.0,Old,Premium,Compact
3586,Hyderabad,1258.6957179531655,4,4,22.26395584186223,28.924188139056017,0,5,2297.949196656618,0.8,3.972365940936683,Old,Budget,Standard
3587,Chennai,3113.585734340641,3,2,49.1640301287587,279.08695383079765,1,6,8963.522370772278,1.0,1.9270386338889782,Old,Premium,Spacious
3588,Chennai,3714.744029167816,4,2,14.815102255964202,494.84803770484046,0,1,13321.188050087458,1.3333333333333333,0.2691975522803443,Old,Luxury,Spacious
3589,Delhi,4624.893962122623,2,3,12.015287475796956,187.8750036051121,2,2,4062.2553758807853,0.5,0.4324423470850968,Old,Mid-Range,Spacious
3590,Hyderabad,3674.734933705807,3,3,31.90241005735055,483.468424792956,3,9,13156.552336834797,0.75,2.449156241841884,Old,Luxury,Spacious
3591,Mumbai,3523.006716146897,3,2,18.90769839751802,66.17875599804538,0,8,1878.4737393411756,1.0,2.27078760972377,Old,Budget,Spacious
3592,Bangalore,2274.535158577989,2,3,31.31827709881289,371.576055616307,0,7,16336.351373377393,0.5,3.077551900484279,Old,Luxury,Large
3593,Delhi,505.7799148706064,5,3,15.24977591513429,74.87839743816096,2,3,14804.54150839839,1.25,5.931433637034578,Old,Budget,Compact
3594,Bangalore,1040.7166643102987,5,2,30.895912841899552,151.3143553065316,0,7,14539.438109873094,1.6666666666666667,6.726134249650959,Old,Mid-Range,Standard
3595,Mumbai,2905.495451402176,5,4,13.787313029251818,294.0036009546197,1,7,10118.880097118554,1.0,2.4092276574110065,Old,Premium,Large
3596,Mumbai,3538.084486299889,4,3,2.548603440944497,304.5342531088395,1,5,8607.319985943013,1.0,1.4131940657044555,Recent,Luxury,Spacious
3597,Chennai,2378.517277534081,2,4,45.60679509615917,392.1014322724022,1,0,16485.12020391594,0.4,0.0,Old,Luxury,Large
3598,Mumbai,3788.055551877756,3,3,44.16026009367311,315.34947546917084,3,1,8324.837668044513,0.75,0.2639876808312105,Old,Luxury,Spacious
3599,Bangalore,2848.3803289948046,3,1,48.5399074636336,304.93505810266913,0,3,10705.559752628993,1.5,1.0532301355481914,Old,Luxury,Large
3600,Hyderabad,833.7928801744049,3,4,35.82635881107024,457.9294817547864,3,3,54921.25114560838,0.6,3.598015851817406,Old,Luxury,Compact
3601,Hyderabad,1364.0731293557697,4,4,34.13605888676515,237.03716106039545,3,1,17377.15932959873,0.8,0.7330985256430381,Old,Premium,Standard
3602,Chennai,4279.992004597743,4,3,27.950153503741536,128.1275737736264,0,8,2993.6404936267754,1.0,1.8691623702581854,Old,Mid-Range,Spacious
3603,Bangalore,3762.107359809978,5,4,6.2971208176261335,97.65852081134253,0,1,2595.8461965921992,1.0,0.26580846965794974,Medium,Budget,Spacious
3604,Bangalore,4526.428941556227,4,1,9.461765547463502,211.9974064685599,1,5,4683.546548632513,2.0,1.1046235486204175,Medium,Premium,Spacious
3605,Mumbai,1029.0076210442146,5,2,14.47348443362681,362.121322492974,3,4,35191.315893802726,1.6666666666666667,3.8872404034684283,Old,Luxury,Standard
3606,Bangalore,4956.001405767833,5,1,44.50781812866972,40.42087276635243,3,3,815.5944572435009,2.5,0.6053267048125889,Old,Budget,Spacious
3607,Delhi,1442.330212774701,3,2,8.648476230153756,81.94562552451494,0,5,5681.474658072301,1.0,3.4666125383182447,Medium,Budget,Standard
3608,Mumbai,553.0094432898891,4,1,46.14365872439453,70.93446084974693,3,3,12826.989070521691,2.0,5.424862154528149,Old,Budget,Compact
3609,Delhi,4988.403225740994,5,1,26.13928665257086,300.92007346470024,2,8,6032.39272863714,2.5,1.603719594823182,Old,Luxury,Spacious
3610,Chennai,1764.832484503009,2,4,35.77848177365361,136.5750322550078,0,9,7738.696644257907,0.4,5.099634146033113,Old,Mid-Range,Standard
3611,Hyderabad,3506.08753630652,2,1,5.512224334028327,99.80452558467032,1,6,2846.606781809252,1.0,1.711309240818524,Medium,Budget,Spacious
3612,Chennai,1295.0704137933735,4,3,13.451677438795546,304.5299454766507,2,2,23514.547335280102,1.0,1.544317574317698,Old,Luxury,Standard
3613,Hyderabad,3111.028394896138,3,3,47.92593040907131,385.428759417142,2,9,12389.110946382396,0.75,2.892934058321402,Old,Luxury,Spacious
3614,Chennai,4568.157439045517,3,3,13.307497346486567,179.4343598972789,1,3,3927.937298386336,0.75,0.6567199226449665,Old,Mid-Range,Spacious
3615,Bangalore,1940.8152534279736,5,3,14.826086019557303,297.53821072476615,2,0,15330.57874515557,1.25,0.0,Old,Premium,Standard
3616,Delhi,3516.1428921996167,4,4,9.879869242053974,67.09971833574089,2,5,1908.3330909161339,0.8,1.4220127433080847,Medium,Budget,Spacious
3617,Hyderabad,1345.5661495928744,2,3,6.453683265341476,468.8916946196336,2,1,34847.16784540882,0.5,0.743181597056799,Medium,Luxury,Standard
3618,Mumbai,3311.579294234264,5,1,11.662882072699896,181.71016895109096,3,3,5487.115143746173,2.5,0.9059121746603653,Old,Mid-Range,Spacious
3619,Delhi,2014.026583178796,5,3,32.11634459753992,498.8027327232806,2,4,24766.442354301296,1.25,1.986071104228766,Old,Luxury,Large
3620,Mumbai,1450.437163645783,1,4,22.768386675178174,489.7221228078954,2,7,33763.75999474131,0.2,4.8261311661409545,Old,Luxury,Standard
3621,Delhi,1909.319228166358,4,2,27.68779181689493,393.8352556811895,0,2,20626.998873279816,1.3333333333333333,1.0474937718616748,Old,Luxury,Standard
3622,Delhi,1304.784808285097,5,1,6.118241438301214,29.632205795344024,1,5,2271.041600667484,2.5,3.832049521308877,Medium,Budget,Standard
3623,Chennai,4558.622485270473,2,1,40.105822358145005,280.8679617844944,3,0,6161.246356591643,1.0,0.0,Old,Premium,Spacious
3624,Hyderabad,2287.3409884270795,1,4,39.2047350289924,61.68148181120552,3,8,2696.645673875744,0.2,3.4975108829319352,Old,Budget,Large
3625,Hyderabad,1603.756872384653,2,2,1.0794955571337694,449.6662524615277,1,0,28038.305568905304,0.6666666666666666,0.0,Brand New,Luxury,Standard
3626,Delhi,2517.835284571698,3,3,19.175754725515247,399.0254012707534,3,1,15847.954936362346,0.75,0.39716656849143617,Old,Luxury,Large
3627,Bangalore,1942.41275062923,1,2,3.438530098557391,486.7233807659278,3,0,25057.6701892148,0.3333333333333333,0.0,Recent,Luxury,Standard
3628,Bangalore,3849.886642159967,1,1,39.60528897074791,312.02381751190177,3,7,8104.753373643277,0.5,1.8182353535668447,Old,Luxury,Spacious
3629,Mumbai,4870.489603484725,5,1,36.86348415628522,270.64294615248224,0,3,5556.791373886587,2.5,0.615954502367394,Old,Premium,Spacious
3630,Mumbai,2471.1514551394107,3,1,45.0994047146578,269.1074508533061,0,1,10889.961855378238,1.5,0.4046696522466223,Old,Premium,Large
3631,Chennai,4374.650299875082,5,2,11.82019794765573,205.49521973808555,3,6,4697.409064764639,1.6666666666666667,1.3715382004754368,Old,Premium,Spacious
3632,Delhi,3046.383831018288,4,3,22.814794156389944,244.97123226998767,1,7,8041.37777307278,1.0,2.2978063134152635,Old,Premium,Spacious
3633,Mumbai,1207.5604929240508,2,1,9.224393858219887,324.9980399049681,1,8,26913.60323638948,1.0,6.62492690583838,Medium,Luxury,Standard
3634,Mumbai,3607.802339366037,2,4,18.561746723705973,467.814851627013,0,4,12966.753930017614,0.4,1.1087081895686337,Old,Luxury,Spacious
3635,Delhi,2810.4552370661904,5,3,26.1121625783442,306.0244823628949,0,2,10888.786924155076,1.25,0.7116284841055794,Old,Luxury,Large
3636,Chennai,3427.7293546344654,2,1,2.6665394919294485,431.41565231233625,2,0,12586.047720746687,1.0,0.0,Recent,Luxury,Spacious
3637,Mumbai,4503.593356572492,2,3,35.74352053386926,434.13435742520034,0,7,9639.732610219564,0.5,1.5543143986977157,Old,Luxury,Spacious
3638,Chennai,2481.9555679522077,4,4,27.16466801855376,269.03968440716443,3,5,10839.826783407792,0.8,2.014540495632386,Old,Premium,Large
3639,Hyderabad,4555.2993044781,3,2,41.44795086053367,186.7854279188584,0,4,4100.398578315995,1.0,0.8780981737177596,Old,Mid-Range,Spacious
3640,Chennai,3878.010564267447,1,1,13.589025059559862,326.9954591993989,2,6,8432.041475399335,0.5,1.5471850580513813,Old,Luxury,Spacious
3641,Bangalore,2698.722166450932,5,4,45.16605526346272,234.0211241191245,2,4,8671.553041967407,1.0,1.4821829567066431,Old,Premium,Large
3642,Bangalore,3214.4996104608367,5,1,49.93471265152217,59.09161631452779,1,3,1838.2835114438326,2.5,0.9332712283545477,Old,Budget,Spacious
3643,Chennai,1965.1150963355517,4,1,45.964921918883725,201.34836820756811,1,4,10246.136146581566,2.0,2.035504183678096,Old,Premium,Standard
3644,Bangalore,4926.187848824484,4,2,38.89462379165771,497.154626263676,3,6,10092.076094546617,1.3333333333333333,1.2179803499437714,Old,Luxury,Spacious
3645,Hyderabad,3503.080233726782,1,2,40.61844014368904,43.28569761261786,0,5,1235.6467658340787,0.3333333333333333,1.4273152957963247,Old,Budget,Spacious
3646,Delhi,697.3108362348346,3,3,28.687212127229323,354.4001177124448,2,9,50823.83627164699,0.75,12.906726143244754,Old,Luxury,Compact
3647,Bangalore,1969.7985758660395,5,4,9.507693145630524,423.7705784341986,2,9,21513.39652826605,1.0,4.568995079125321,Medium,Luxury,Standard
3648,Bangalore,3304.9149519157586,4,4,33.85203425738587,331.3884336681818,1,8,10027.139532776358,0.8,2.4206371771723334,Old,Luxury,Spacious
3649,Chennai,753.4997500965791,5,2,35.637650102996574,293.4791509583792,1,9,38948.80534741555,1.6666666666666667,11.944264080839355,Old,Premium,Compact
3650,Hyderabad,607.4788609361425,2,1,49.26925701339528,359.6261201498036,0,1,59199.77521450036,1.0,1.646147815677028,Old,Luxury,Compact
3651,Delhi,2525.109077875112,5,3,27.06506581281609,226.0845139038347,2,6,8953.455353068772,1.25,2.376134976730994,Old,Premium,Large
3652,Chennai,1997.105808617015,3,2,13.56845075125282,63.853633908260846,1,0,3197.3085067775723,1.0,0.0,Old,Budget,Standard
3653,Chennai,2472.3437361492465,3,3,34.18362608697534,481.9384420656232,0,7,19493.181106614953,0.75,2.831321509889527,Old,Luxury,Large
3654,Hyderabad,1682.1198944600233,5,3,48.96879098332273,227.5043695924141,0,3,13524.86052520324,1.25,1.7834638362463628,Old,Premium,Standard
3655,Delhi,1241.2298612434142,2,4,8.8606954134547,339.3868338406484,0,7,27342.786734172216,0.4,5.639567833944698,Medium,Luxury,Standard
3656,Hyderabad,3601.1451064115195,3,3,16.299895926780135,275.02900970686176,1,7,7637.265413637373,0.75,1.9438261422837755,Old,Premium,Spacious
3657,Delhi,2815.570023205102,4,4,27.094047688634053,46.243074549226186,1,3,1642.4054158875228,0.8,1.0655036014998314,Old,Budget,Large
3658,Hyderabad,1400.6939506221506,5,1,8.51073174410024,477.31836847641847,1,3,34077.27778537249,2.5,2.141795499771724,Medium,Luxury,Standard
3659,Chennai,1938.1524181699924,2,1,1.1110319759969178,400.4178685348752,3,4,20659.77189311822,1.0,2.063821174485755,Brand New,Luxury,Standard
3660,Chennai,3163.135584484967,4,2,16.84915612206253,91.56698934530957,3,6,2894.8170857563423,1.3333333333333333,1.8968519811258555,Old,Budget,Spacious
3661,Mumbai,825.0320672261503,5,1,43.2685400750529,491.19146061836807,3,5,59536.044734577226,2.5,6.060370497852959,Old,Luxury,Compact
3662,Bangalore,1163.538541697808,2,4,2.173419966185741,373.7126586424198,1,0,32118.631678251684,0.4,0.0,Recent,Luxury,Standard
3663,Hyderabad,829.6052184832555,4,3,21.446452950845877,246.71439220558827,1,5,29738.77052710076,1.0,6.026963052548491,Old,Premium,Compact
3664,Mumbai,4155.427997213536,3,3,38.110038646304126,313.4576271485951,3,2,7543.329528481477,0.75,0.48129819632084103,Old,Luxury,Spacious
3665,Bangalore,3885.841549454042,5,1,47.65912984554426,71.23360736700681,2,8,1833.1577976208291,2.5,2.058756101654221,Old,Budget,Spacious
3666,Hyderabad,3889.908193456657,5,4,49.27376995022161,288.9975248074933,2,2,7429.417622082329,1.0,0.5141509517793418,Old,Premium,Spacious
3667,Delhi,3723.464045642126,3,3,21.098469030437084,55.357314568188514,2,8,1486.7154319101778,0.75,2.1485369274246255,Old,Budget,Spacious
3668,Bangalore,3512.234406514412,1,1,47.51921471895588,281.53052341726493,2,4,8015.7099678509085,0.5,1.1388761503448892,Old,Premium,Spacious
3669,Chennai,2646.4636192017874,4,4,1.770948664043187,285.293930606137,3,9,10780.194692122232,0.8,3.400764678833761,Brand New,Premium,Large
3670,Mumbai,3390.251735782017,3,4,37.29584689992782,439.7306168771571,0,7,12970.441464156525,0.6,2.0647434307368138,Old,Luxury,Spacious
3671,Bangalore,672.626996545886,5,3,32.137301731680644,368.0276001307011,0,8,54714.96119255074,1.25,11.893664751908673,Old,Luxury,Compact
3672,Bangalore,3296.5899019555304,4,2,12.476092879307616,139.7851482632576,2,8,4240.29534824266,1.3333333333333333,2.426750138151675,Old,Mid-Range,Spacious
3673,Chennai,4000.449674915948,4,2,25.36592503398245,446.4445482501713,1,6,11159.85912907532,1.3333333333333333,1.4998313908613448,Old,Luxury,Spacious
3674,Hyderabad,2751.612621729756,1,4,6.477686888024781,295.1564791270428,2,9,10726.672671733042,0.2,3.2708092443413412,Medium,Premium,Large
3675,Delhi,2108.8099779225663,5,4,43.57985754757805,311.0621497155362,2,0,14750.60119081806,1.0,0.0,Old,Luxury,Large
3676,Chennai,1748.420306604406,2,1,17.894904277282397,101.1110572266456,0,7,5782.99490372613,1.0,4.0036139900449035,Old,Mid-Range,Standard
3677,Delhi,3392.6092257293712,1,4,31.30222352328583,431.7313260651747,1,6,12725.642634906104,0.2,1.7685502811512488,Old,Luxury,Spacious
3678,Hyderabad,3617.605393834589,1,1,7.938814314363113,466.8632552079411,0,3,12905.311784519301,0.5,0.8292778436014162,Medium,Luxury,Spacious
3679,Bangalore,4419.3541993814415,2,1,10.308242231560357,391.9955117575559,1,5,8869.972717109253,1.0,1.1313870249865532,Old,Luxury,Spacious
3680,Delhi,2040.5033710744583,2,1,49.5978185401576,471.561177269603,3,9,23110.041568875,1.0,4.410676369165179,Old,Luxury,Large
3681,Mumbai,3963.975383235135,1,4,37.65431972206647,165.10395397872605,0,1,4165.11047664426,0.2,0.2522720005349443,Old,Mid-Range,Spacious
3682,Mumbai,3026.1012088520206,4,4,48.09859348870354,433.3372008141301,3,3,14319.983731757622,0.8,0.9913746411469423,Old,Luxury,Spacious
3683,Chennai,4472.764208051356,3,1,14.792558260602206,254.6687085745964,3,7,5693.765571549045,1.5,1.5650277265677015,Old,Premium,Spacious
3684,Hyderabad,2875.1544873302933,3,3,8.22814383099102,98.68025741292077,2,3,3432.1723527471977,0.75,1.043422192866454,Medium,Budget,Large
3685,Chennai,2829.3342277908523,1,4,25.153423173941547,341.02428753603255,1,9,12053.163750904918,0.2,3.180960351590279,Old,Luxury,Large
3686,Chennai,3100.446866484091,4,2,24.733414111367168,348.37772993882186,0,3,11236.371560009427,1.3333333333333333,0.9676024551267354,Old,Luxury,Spacious
3687,Chennai,3871.9190981409542,2,3,8.747325687899393,157.72376660321126,2,3,4073.5294980450403,0.5,0.7748095773593013,Medium,Mid-Range,Spacious
3688,Mumbai,4841.107154728074,1,2,36.66097847907051,33.19679918123363,0,9,685.7274197868545,0.3333333333333333,1.8590788661246913,Old,Budget,Spacious
3689,Mumbai,831.0350939709454,5,4,18.088876721936703,115.9266843610704,3,8,13949.673750495478,1.0,9.626548936427582,Old,Mid-Range,Compact
3690,Chennai,740.4557107595772,4,3,9.318261546525864,211.89322288346565,0,1,28616.59648300916,1.0,1.350519667103622,Medium,Premium,Compact
3691,Mumbai,4718.976518333024,5,4,16.59916972716442,100.4301973087369,0,6,2128.219899348298,1.0,1.2714621436852365,Old,Mid-Range,Spacious
3692,Hyderabad,2884.4403148319275,5,4,28.18293498175076,113.13437515501,2,2,3922.2297155280953,1.0,0.6933754148823625,Old,Mid-Range,Large
3693,Chennai,3267.0635655512124,1,3,36.32354660902216,207.86751890348935,1,3,6362.518351197687,0.25,0.9182557791751585,Old,Premium,Spacious
3694,Mumbai,2670.90620717628,4,4,24.094544302874223,481.657574868109,0,0,18033.4889175058,0.8,0.0,Old,Luxury,Large
3695,Delhi,921.4585367336352,5,3,26.279749491418677,386.8368873956712,3,2,41980.93261655827,1.25,2.17047205085272,Old,Luxury,Compact
3696,Chennai,3956.402202884,4,4,6.94729679713742,173.4792325887508,3,1,4384.77241930292,0.8,0.25275488909369603,Medium,Mid-Range,Spacious
3697,Chennai,3862.510902898641,3,1,45.73454623541161,476.7699530809031,2,9,12343.523813048883,1.5,2.330090510099507,Old,Luxury,Spacious
3698,Hyderabad,1902.664946717654,5,2,46.43620989960222,329.9104602841917,3,6,17339.388148887192,1.6666666666666667,3.1534716663334685,Old,Luxury,Standard
3699,Bangalore,1878.0766035278016,5,1,34.17132952090019,238.61582942726727,0,5,12705.329962529135,2.5,2.662298220747727,Old,Premium,Standard
3700,Bangalore,4270.286214074833,4,4,0.8815704467012353,244.7840954984706,1,0,5732.264378243874,0.8,0.0,Brand New,Premium,Spacious
3701,Hyderabad,825.6076598359698,3,4,26.853710795166304,217.1573445609881,0,7,26302.728902022605,0.6,8.478603506889394,Old,Premium,Compact
3702,Hyderabad,4464.973167604547,5,4,31.46094860443068,131.83618522205106,2,8,2952.6758677652037,1.0,1.7917240932249525,Old,Mid-Range,Spacious
3703,Hyderabad,1654.9776045316148,1,1,49.7327111479055,205.58345226257876,3,0,12422.128958099234,0.5,0.0,Old,Premium,Standard
3704,Bangalore,3168.4313648997227,4,4,49.80334775973984,273.3902643408284,0,4,8628.568299426644,0.8,1.2624543628473377,Old,Premium,Spacious
3705,Hyderabad,4711.973805508,4,3,42.88056176627787,273.45312835050606,0,6,5803.3669039258375,1.0,1.2733517306455269,Old,Premium,Spacious
3706,Mumbai,3551.551256914909,5,2,3.191549601305677,385.6337130620086,3,1,10858.176756175926,1.6666666666666667,0.28156710340389685,Recent,Luxury,Spacious
3707,Chennai,2364.9341561016645,3,4,47.663819538936494,192.22297143552925,1,5,8128.047495089158,0.6,2.114223766906878,Old,Mid-Range,Large
3708,Chennai,3602.903940074368,5,4,30.633062357599957,364.0630540658972,1,7,10104.711647082728,1.0,1.942877222492785,Old,Luxury,Spacious
3709,Delhi,2047.9083634236656,2,2,40.04433852395897,297.4840826089686,1,7,14526.23993935152,0.6666666666666666,3.4181216918795596,Old,Premium,Large
3710,Delhi,1747.6628735713375,5,2,20.35964248429268,481.68579417288055,3,9,27561.711211989004,1.6666666666666667,5.149734617643139,Old,Luxury,Standard
3711,Chennai,4985.074750706059,2,2,15.98347356172949,204.9367644963117,0,9,4111.006850344332,0.6666666666666666,1.805389176706987,Old,Premium,Spacious
3712,Mumbai,3878.556040309045,1,1,23.1622072741904,452.58390284517935,2,7,11668.876203967839,0.5,1.8047953741677114,Old,Luxury,Spacious
3713,Bangalore,3401.2398982181794,4,1,7.343725648441346,413.9084227031789,0,5,12169.339273010843,2.0,1.4700521426375628,Medium,Luxury,Spacious
3714,Bangalore,2098.8033944869344,4,4,17.8533069376653,326.0788566029393,3,5,15536.417439550183,0.8,2.382309850047809,Old,Luxury,Large
3715,Mumbai,721.2237311977167,3,2,42.88087498841393,334.16694403621625,3,2,46333.32620396091,1.0,2.773064603238518,Old,Luxury,Compact
3716,Bangalore,639.7559421582002,5,4,1.8975243130440744,60.63196861107713,0,1,9477.359195216966,1.0,1.5630960716465183,Brand New,Budget,Compact
3717,Hyderabad,2993.8156495195944,1,4,7.543902341230224,476.1078106848476,3,4,15903.043688119096,0.2,1.336087611353713,Medium,Luxury,Large
3718,Chennai,3929.14724467573,2,4,6.255807982474276,71.32931047795708,0,8,1815.3890917326478,0.4,2.0360652074926846,Medium,Budget,Spacious
3719,Chennai,2918.206356997348,3,1,20.153777135011403,290.3519881968834,0,3,9949.672938675847,1.5,1.028028738545691,Old,Premium,Large
3720,Mumbai,4283.532823726016,1,2,49.849345044543085,178.43398421559417,1,4,4165.579944369002,0.3333333333333333,0.9338086492169362,Old,Mid-Range,Spacious
3721,Bangalore,650.4193989194973,1,4,8.667896510569134,226.32894957912885,3,5,34797.38611042591,0.2,7.687347591886404,Medium,Premium,Compact
3722,Delhi,2150.3843439167304,2,1,7.274132479963008,312.8878452016722,3,5,14550.321949971756,1.0,2.325165737996842,Medium,Luxury,Large
3723,Delhi,1566.8167602838012,2,3,45.75278648880772,456.2486613835144,1,3,29119.465207971927,0.5,1.9147101792915484,Old,Luxury,Standard
3724,Bangalore,2512.728356707049,4,3,44.102525848298285,239.63221931470468,1,3,9536.733991761237,1.0,1.1939213373352957,Old,Premium,Large
3725,Delhi,825.6937693735512,5,4,1.612018499827722,494.11018654709176,1,7,59841.82088741812,1.0,8.477719294540465,Brand New,Luxury,Compact
3726,Mumbai,4793.592387069826,3,4,37.58529800896575,304.54979136871987,2,4,6353.268421199276,0.6,0.834447253126809,Old,Luxury,Spacious
3727,Mumbai,1504.6493048121242,5,2,32.77328507382148,97.06589246824376,3,4,6451.064188699023,1.6666666666666667,2.6584267757326043,Old,Budget,Standard
3728,Bangalore,4650.384989676131,3,2,38.38704049263545,111.2044615190011,0,8,2391.29581240855,1.0,1.7202876789255135,Old,Mid-Range,Spacious
3729,Delhi,2416.519197665068,1,4,24.725122739796102,363.7332970828405,0,3,15051.951477740931,0.2,1.2414550659885977,Old,Luxury,Large
3730,Mumbai,4934.858599648481,2,1,49.56896092241478,44.19094123682324,0,6,895.4854601096583,1.0,1.2158403080540932,Old,Budget,Spacious
3731,Mumbai,2993.2627255709485,2,4,2.19235093554816,250.5639565866689,3,4,8370.93097261869,0.4,1.3363344172326275,Recent,Premium,Large
3732,Hyderabad,4688.747888791134,1,2,11.718579320190289,91.14517270568795,2,8,1943.9128498160148,0.3333333333333333,1.7062124451444078,Old,Budget,Spacious
3733,Hyderabad,524.0704491240028,1,2,19.827299348680757,227.9449448853656,3,7,43495.09598688142,0.3333333333333333,13.356982847822614,Old,Premium,Compact
3734,Mumbai,3867.0746278140505,3,1,22.48889707828516,379.96036259442536,3,7,9825.524438073913,1.5,1.8101538433347757,Old,Luxury,Spacious
3735,Bangalore,4563.72793896132,1,4,46.068370134975936,240.2302055558884,3,9,5263.9028611894755,0.2,1.9720719815845005,Old,Premium,Spacious
3736,Chennai,1128.7425514052934,3,2,28.000218203862943,98.45653231084496,3,9,8722.673933773985,1.0,7.973474543681311,Old,Budget,Standard
3737,Chennai,932.5663327946818,5,4,2.255549776019694,140.92417777118837,3,2,15111.437419027532,1.0,2.144619561813336,Recent,Mid-Range,Compact
3738,Mumbai,2410.5767323368,2,2,20.39314817128309,196.4190025530476,2,8,8148.216147537442,0.6666666666666666,3.31870788126493,Old,Mid-Range,Large
3739,Mumbai,4701.555077598208,2,3,20.82452061845349,53.38936807347906,1,7,1135.568278841754,0.5,1.4888690836258274,Old,Budget,Spacious
3740,Mumbai,2940.739520856974,2,3,48.27454692188924,300.4820653189385,0,2,10217.908223009621,0.5,0.6801010377883353,Old,Luxury,Large
3741,Bangalore,2873.554086747795,5,3,29.959854551055408,311.6162198134641,3,9,10844.278910585681,1.25,3.132009952938084,Old,Luxury,Large
3742,Hyderabad,1135.0675323469484,5,2,31.78255355794694,49.83292502363238,3,0,4390.304858830222,1.6666666666666667,0.0,Old,Budget,Standard
3743,Mumbai,503.5527999194845,4,1,35.66265156256354,213.10943416359777,3,4,42321.16953727054,2.0,7.9435562678622365,Old,Premium,Compact
3744,Mumbai,4145.630408354576,3,3,38.50196578410616,218.720327784668,0,3,5275.92443706238,0.75,0.7236535109242209,Old,Premium,Spacious
3745,Delhi,894.0855334380719,3,2,31.75255351012446,180.23339290524856,2,7,20158.40612163671,1.0,7.829228567296631,Old,Mid-Range,Compact
3746,Bangalore,3352.3241843089577,4,4,11.859717556696776,287.7150753589337,0,5,8582.555252431315,0.8,1.4915025293207709,Old,Premium,Spacious
3747,Mumbai,4615.7740453183615,2,3,43.702295717058206,186.05959522885365,2,9,4030.9511124698183,0.5,1.949835479734634,Old,Mid-Range,Spacious
3748,Delhi,1438.9336092129397,3,1,36.60599002053151,219.8764541493469,1,4,15280.514176718256,1.5,2.779836383269899,Old,Premium,Standard
3749,Chennai,3493.7277630660988,3,1,37.09352425484779,402.8113027719707,3,8,11529.556109960415,1.5,2.289817794211645,Old,Luxury,Spacious
3750,Mumbai,854.1435951837925,2,1,49.82783696173746,97.8124906064967,2,5,11451.527724146856,1.0,5.853816651196819,Old,Budget,Compact
3751,Mumbai,3216.8981472692585,1,4,40.1263267431658,317.175053745642,0,2,9859.65483597557,0.2,0.6217169174901445,Old,Luxury,Spacious
3752,Delhi,1237.6927442894123,1,4,41.45757015775766,262.68531281160585,2,5,21223.79031658778,0.2,4.039774833511378,Old,Premium,Standard
3753,Bangalore,3811.791022318301,4,1,47.57027578550792,166.43438599008755,2,3,4366.304055379811,2.0,0.7870316033682832,Old,Mid-Range,Spacious
3754,Mumbai,1855.5408265725869,5,1,7.556699992444694,369.21663511539714,1,4,19898.06043758066,2.5,2.15570573426212,Medium,Luxury,Standard
3755,Chennai,2585.259539620908,3,1,24.886368823903396,284.570412579751,3,5,11007.42142978338,1.5,1.9340417947875281,Old,Premium,Large
3756,Mumbai,3197.4374391242977,3,4,29.02835117953938,249.13353294113372,3,8,7791.662469848526,0.6,2.502003605171712,Old,Premium,Spacious
3757,Chennai,1270.730347998078,4,4,16.463786461122883,340.48127109017605,0,2,26794.140206580712,0.8,1.5738980367871287,Old,Luxury,Standard
3758,Hyderabad,3837.370183779294,4,2,41.97016719472528,405.0993478310532,0,0,10556.691912170036,1.3333333333333333,0.0,Old,Luxury,Spacious
3759,Hyderabad,1861.8815328656656,3,3,38.12098108228617,486.88101921611656,1,1,26149.946203437907,0.75,0.5370910997011052,Old,Luxury,Standard
3760,Chennai,3480.6733696073907,2,4,36.04415372540621,322.08817682065927,2,7,9253.616832681713,0.4,2.0111051100406985,Old,Luxury,Spacious
3761,Bangalore,1212.2737281471814,2,1,49.85747198790834,439.7311929921838,2,3,36273.2593128337,1.0,2.474688620519022,Old,Luxury,Standard
3762,Mumbai,3596.529466428576,5,3,12.969068670419526,20.523939691019333,0,6,570.6595728631693,1.25,1.6682749456125316,Old,Budget,Spacious
3763,Mumbai,1076.846327647078,3,4,36.772862583771065,274.5131325084278,3,1,25492.321927516088,0.6,0.928637609959642,Old,Premium,Standard
3764,Hyderabad,2414.1042332149264,3,3,27.57022374529503,123.03082340969507,2,9,5096.334355283892,0.75,3.7280908902655217,Old,Mid-Range,Large
3765,Chennai,1612.4273318249457,3,2,15.649459124693804,65.21237939990584,1,7,4044.3608287201664,1.0,4.341280913464422,Old,Budget,Standard
3766,Mumbai,3867.688622426821,3,4,8.029343536156292,275.3460881909082,0,9,7119.137941826853,0.6,2.3269711909623316,Medium,Premium,Spacious
3767,Mumbai,1679.1575202809356,4,1,44.79419185337736,378.47672295156514,2,8,22539.6794749931,2.0,4.7642939410839436,Old,Luxury,Standard
3768,Bangalore,4467.727878779283,1,1,29.772774135392265,217.89081078770224,3,6,4876.993780723202,0.5,1.3429645141322661,Old,Premium,Spacious
3769,Delhi,4513.190951329758,3,2,41.24669188203973,341.65157568532874,3,9,7570.066929799751,1.0,1.994154490039527,Old,Luxury,Spacious
3770,Hyderabad,1383.9859185025364,1,2,27.26724920007724,255.065241843656,1,0,18429.75701079639,0.3333333333333333,0.0,Old,Premium,Standard
3771,Hyderabad,3262.306752534759,2,2,10.998854032700978,229.8012156605245,1,1,7044.132667229183,0.6666666666666666,0.3065315667274441,Old,Premium,Spacious
3772,Delhi,894.7293877398395,5,2,16.87744065501626,159.32318740921312,0,8,17806.857536184954,1.6666666666666667,8.941250963275792,Old,Mid-Range,Compact
3773,Mumbai,2261.916948207331,2,2,19.076942123677327,203.64488696048215,0,9,9003.199128150116,0.6666666666666666,3.9789259314462875,Old,Premium,Large
3774,Bangalore,3709.947782755725,3,4,48.64674062518512,187.9019027813254,3,6,5064.812600724884,0.6,1.6172734365396484,Old,Mid-Range,Spacious
3775,Bangalore,3467.404610824623,2,4,0.281663919069125,330.16984832714314,3,2,9522.103284295446,0.4,0.5768002943055317,Brand New,Luxury,Spacious
3776,Hyderabad,3311.153012329736,4,3,49.28330115122535,75.68888541398698,2,4,2285.877008164358,1.0,1.2080384038747847,Old,Budget,Spacious
3777,Bangalore,1771.433886480996,1,2,49.02308175549153,64.46545697014687,2,0,3639.168103428875,0.3333333333333333,0.0,Old,Budget,Standard
3778,Delhi,2201.112272454809,3,1,49.80753952650683,336.806237220061,2,9,15301.63824148938,1.5,4.088841860830058,Old,Luxury,Large
3779,Mumbai,963.2576511512876,4,1,23.829408945981733,282.22307354186273,1,2,29298.814621877034,2.0,2.076287686487199,Old,Premium,Compact
3780,Delhi,3735.6026919512046,1,2,48.19044848104998,226.49604643647564,1,3,6063.172802731083,0.3333333333333333,0.8030832632345654,Old,Premium,Spacious
3781,Chennai,2767.499585560731,4,2,19.779959092491367,93.1725845157937,2,3,3366.6702247008916,1.3333333333333333,1.0840110024414553,Old,Budget,Large
3782,Hyderabad,3689.445345555446,2,2,1.3147220334193357,217.29301369726952,3,6,5889.584838518757,0.6666666666666666,1.6262607080568368,Brand New,Premium,Spacious
3783,Bangalore,1620.2458615859275,3,2,11.217359318588226,399.0712463936056,0,4,24630.28950451921,1.0,2.468761127453042,Old,Luxury,Standard
3784,Chennai,1959.972028857798,2,2,47.26481224686923,447.0181931788434,1,8,22807.376156247992,0.6666666666666666,4.081690902835035,Old,Luxury,Standard
3785,Bangalore,2003.969017670516,5,1,0.688234666769999,357.23675358282566,1,6,17826.460909964077,2.5,2.994058264919989,Brand New,Luxury,Large
3786,Mumbai,615.8408438624729,3,3,27.299706771148752,48.7578444228228,2,1,7917.280074673191,0.75,1.6237961641649672,Old,Budget,Compact
3787,Mumbai,2034.7154277378056,2,2,3.780079444733953,341.7966927685369,0,7,16798.255328930496,0.6666666666666666,3.4402845255774133,Recent,Luxury,Large
3788,Mumbai,4114.870580831152,3,2,14.319828921378924,135.6730829822214,1,1,3297.140950537918,1.0,0.2430210088886957,Old,Mid-Range,Spacious
3789,Bangalore,4537.843230873823,1,2,4.404642535594333,171.32059665267442,0,6,3775.374950969479,0.3333333333333333,1.3222140331288217,Recent,Mid-Range,Spacious
3790,Chennai,2831.9824203616736,3,4,42.97643105565282,114.01913982079256,1,4,4026.12456210908,0.6,1.4124381462400315,Old,Mid-Range,Large
3791,Mumbai,2549.7576284864917,3,1,29.55353548238529,392.3627794976982,0,9,15388.238282499051,1.5,3.529747258896251,Old,Luxury,Large
3792,Chennai,638.7107841471661,1,1,45.105323285915645,331.32901886589394,0,5,51874.655491890364,0.5,7.828269263804922,Old,Luxury,Compact
3793,Bangalore,4456.419519134222,2,3,34.41765997701142,313.6808262076068,1,3,7038.853161395084,0.5,0.6731861726929222,Old,Luxury,Spacious
3794,Chennai,558.5459604164272,3,4,48.55145656225498,340.6268526412525,0,4,60984.570076792996,0.6,7.1614518472531365,Old,Luxury,Compact
3795,Bangalore,4751.375360945953,4,4,25.49388273802033,133.65068547387364,3,4,2812.8841718635567,0.8,0.8418615024352946,Old,Mid-Range,Spacious
3796,Bangalore,2701.473119096408,3,4,31.935529088143728,233.4293188761736,1,6,8640.815902482544,0.6,2.2210104396696297,Old,Premium,Large
3797,Hyderabad,2038.7052210862696,2,3,28.81544099445283,323.9617863435148,1,3,15890.565393799327,0.5,1.471522203882683,Old,Luxury,Large
3798,Bangalore,4658.9829567919705,1,3,24.21302147233064,325.5651332567842,3,4,6987.901356929585,0.25,0.8585564783336909,Old,Luxury,Spacious
3799,Bangalore,609.7594689954353,2,3,42.29796827115063,400.08889412246265,0,3,65614.21584507739,0.5,4.919972796720042,Old,Luxury,Compact
3800,Delhi,3116.412026910892,5,4,32.22625678351801,157.80990401029305,3,3,5063.833108317205,1.0,0.9626454955552575,Old,Mid-Range,Spacious
3801,Mumbai,2970.196360247019,3,1,40.06561324277364,389.7613384144748,1,7,13122.409805325462,1.5,2.356746541638694,Old,Luxury,Large
3802,Hyderabad,1486.9418054512194,3,4,39.31819683012066,231.28855069612916,3,4,15554.647118549712,0.6,2.6900851030859148,Old,Premium,Standard
3803,Hyderabad,2429.993441075948,1,3,9.552258032764763,341.6828921882887,0,8,14061.062322744338,0.25,3.2921899560592127,Medium,Luxury,Large
3804,Hyderabad,3435.188026746966,3,4,32.508176625882186,238.74530243133765,3,4,6949.992273273707,0.6,1.164419521975307,Old,Premium,Spacious
3805,Delhi,3772.0903859686737,4,2,9.982400959066704,475.3328814996528,1,7,12601.312080637941,1.3333333333333333,1.8557349595965205,Medium,Luxury,Spacious
3806,Bangalore,503.225864179609,4,4,29.166023912188543,106.06508707598934,0,2,21077.034116460494,0.8,3.974358518436901,Old,Mid-Range,Compact
3807,Mumbai,4715.840435409569,2,4,33.87173422231503,344.0024425195314,1,6,7294.615821530758,0.4,1.2723076792310728,Old,Luxury,Spacious
3808,Chennai,1240.3641757676558,1,1,49.86175357937934,296.7368003687163,1,0,23923.36107136174,0.5,0.0,Old,Premium,Standard
3809,Bangalore,1551.1119540006164,5,1,1.527098907486918,102.91089965491742,2,4,6634.6532492055385,2.5,2.578795160261147,Brand New,Mid-Range,Standard
3810,Delhi,1685.630505622317,2,1,4.562119705686047,51.6830411896006,1,1,3066.0955065309386,1.0,0.5932498235316468,Recent,Budget,Standard
3811,Bangalore,670.1906144841589,1,2,3.851334818561575,403.5893067063985,1,7,60220.07739052544,0.3333333333333333,10.444789659413317,Recent,Luxury,Compact
3812,Bangalore,1053.734556156462,1,1,19.918064313337,95.57664015020728,0,5,9070.276721191227,0.5,4.745028025120193,Old,Budget,Standard
3813,Delhi,4938.574653248729,2,2,41.079418074290686,109.52320773717248,0,4,2217.7088619106958,0.6666666666666666,0.8099502955511041,Old,Mid-Range,Spacious
3814,Hyderabad,1918.4753181977876,2,3,42.20281663935678,489.6484275147389,0,2,25522.79004426879,0.5,1.0424945168847919,Old,Luxury,Standard
3815,Hyderabad,1018.854906525722,3,1,36.84897978605758,364.2852087087828,3,0,35754.37546362604,1.5,0.0,Old,Luxury,Standard
3816,Mumbai,981.4606752858048,5,4,44.84391209149739,140.23368396858675,3,9,14288.263146941697,1.0,9.170005713554614,Old,Mid-Range,Compact
3817,Mumbai,3737.5698545148734,4,4,16.142997208472625,303.6555008727686,0,9,8124.410049646611,0.8,2.4079817502616754,Old,Luxury,Spacious
3818,Hyderabad,4345.558988146884,3,2,4.407732212614956,276.3736824332064,3,9,6359.910961674988,1.0,2.071079928853515,Recent,Premium,Spacious
3819,Chennai,1656.2853477881144,1,1,2.9076513994925057,425.3471684066468,2,9,25680.790388846734,0.5,5.433846294673225,Recent,Luxury,Standard
3820,Bangalore,594.0928055085574,5,4,42.60663598096932,370.0739589596597,3,7,62292.28085717478,1.0,11.782670880869928,Old,Luxury,Compact
3821,Chennai,1503.905083004101,5,3,36.52181471768456,419.2261402367292,2,4,27875.837709073425,1.25,2.6597423236377824,Old,Luxury,Standard
3822,Bangalore,754.320608585408,2,1,34.93076530055605,121.52316222913396,0,8,16110.28001170864,1.0,10.605569977734739,Old,Mid-Range,Compact
3823,Hyderabad,965.2772148351868,5,3,16.983816927283442,327.3052180961625,0,6,33907.89848406887,1.25,6.215830963154405,Old,Luxury,Compact
3824,Mumbai,2441.7865393143907,5,4,18.99525943091131,39.31561204082256,3,0,1610.1166669491784,1.0,0.0,Old,Budget,Large
3825,Mumbai,1534.6326688773463,1,1,47.90567644496596,53.091493894025646,0,0,3459.5571286035824,0.5,0.0,Old,Budget,Standard
3826,Chennai,2821.7564533644054,3,2,3.190237204896751,362.4929756982067,0,6,12846.359410855714,1.0,2.1263351742657117,Recent,Luxury,Large
3827,Mumbai,1640.7218896573568,5,4,38.68658684688963,31.72164926908705,1,6,1933.395870991378,1.0,3.6569268916458606,Old,Budget,Standard
3828,Hyderabad,4732.417854963264,2,3,15.481666185419655,298.2872042722444,0,8,6303.061424709292,0.5,1.6904678000083533,Old,Premium,Spacious
3829,Chennai,4576.747855668191,3,1,1.9527309206278043,423.3944472533744,1,1,9250.98914350308,1.5,0.21849575977001318,Brand New,Luxury,Spacious
3830,Bangalore,3050.627472547097,2,3,37.128505537122805,202.37206804065372,0,6,6633.785011831837,0.5,1.966808485793366,Old,Premium,Spacious
3831,Mumbai,2094.907963943237,5,3,16.54559428391873,41.523409683158135,2,1,1982.111405266644,1.25,0.4773479394854674,Old,Budget,Large
3832,Delhi,2215.16096915631,3,2,36.10737593713983,362.6467758217889,2,9,16371.125208111196,1.0,4.0629101565597905,Old,Luxury,Large
3833,Mumbai,2353.3352741502363,5,2,35.382719155906,466.2494971827924,0,9,19812.28524062089,1.6666666666666667,3.8243594522458353,Old,Luxury,Large
3834,Bangalore,3774.106949607248,1,4,26.739343771655754,364.2422681879686,2,1,9651.08496000288,0.2,0.2649633445348084,Old,Luxury,Spacious
3835,Chennai,2532.375479834771,3,2,38.86865646052744,297.6546766413321,2,4,11753.970886685142,1.0,1.579544594335192,Old,Premium,Large
3836,Bangalore,4355.284759276538,2,2,29.05191620856217,130.4138383419488,2,8,2994.3814365794074,0.6666666666666666,1.836848895576897,Old,Mid-Range,Spacious
3837,Delhi,4748.42653668664,1,4,14.331842642413037,27.38029954135856,3,8,576.6183667329936,0.2,1.6847686150752255,Old,Budget,Spacious
3838,Hyderabad,2011.7576902052024,4,4,36.70576505322095,353.44261206994554,2,9,17568.846078768755,0.8,4.473699811771062,Old,Luxury,Large
3839,Mumbai,3023.1251661905603,2,4,29.456990793886177,130.89256440526063,1,0,4329.710389404694,0.4,0.0,Old,Mid-Range,Spacious
3840,Chennai,927.75441574654,5,4,0.6363640844960272,431.9180850475316,3,6,46555.21738476214,1.0,6.467228717172912,Brand New,Luxury,Compact
3841,Hyderabad,1402.1107149486154,2,3,45.08220888851547,243.8547770396534,1,9,17391.97728394724,0.5,6.418893960403,Old,Premium,Standard
3842,Bangalore,2360.5959501957204,4,3,27.28218091621567,274.705079538779,1,9,11637.107126105288,1.0,3.8125965603108813,Old,Premium,Large
3843,Chennai,1427.9122215580048,2,4,43.43136327397659,381.889541247856,1,2,26744.60905105033,0.4,1.4006463211147435,Old,Luxury,Standard
3844,Hyderabad,4444.52220854923,1,4,44.13684194911223,394.1266917456047,3,9,8867.695406887271,0.2,2.024964569349685,Old,Luxury,Spacious
3845,Chennai,1212.288152265941,2,1,22.248332836754425,328.4723998786727,0,9,27095.24128110223,1.0,7.42397752809652,Old,Luxury,Standard
3846,Delhi,2550.4736969889136,3,1,25.382999822561548,470.44727139811664,2,0,18445.486105327265,1.5,0.0,Old,Luxury,Large
3847,Delhi,3225.6465820694407,4,1,20.787719383780097,491.5032494338013,2,1,15237.355889078004,2.0,0.31001536422457093,Old,Luxury,Spacious
3848,Mumbai,3613.3875867238,2,2,22.471838765402275,474.5050132998161,0,5,13131.860391706336,0.6666666666666666,1.3837430610463295,Old,Luxury,Spacious
3849,Mumbai,2223.81216376928,4,3,44.75735794858639,415.6060089650929,0,9,18688.898987792927,1.0,4.047104403253794,Old,Luxury,Large
3850,Delhi,4410.945809261279,1,3,39.40720069839555,358.7001057172407,1,1,8132.045171901894,0.25,0.22670874756619933,Old,Luxury,Spacious
3851,Chennai,3057.4361798506648,3,1,6.326283815778899,338.3964117832004,3,1,11067.979571031596,1.5,0.3270714223211826,Medium,Luxury,Spacious
3852,Delhi,2477.785012013983,5,1,30.515389077004794,69.80008492185627,1,3,2817.0355613347447,2.5,1.2107587968503986,Old,Budget,Large
3853,Mumbai,802.5828532341648,2,3,49.79533201931712,150.312486473174,2,2,18728.594296210093,0.5,2.4919545588852396,Old,Mid-Range,Compact
3854,Delhi,2591.1026080032425,1,2,29.777535061624288,22.730347294100977,0,7,877.2461277254263,0.3333333333333333,2.701552604817277,Old,Budget,Large
3855,Delhi,4193.311283670786,4,1,39.29358127965528,85.9567377123161,2,7,2049.853490415583,2.0,1.6693251529546036,Old,Budget,Spacious
3856,Chennai,3265.4345819959194,4,4,38.45307366905855,230.8301490412104,0,5,7068.895218844683,0.8,1.5311897618674293,Old,Premium,Spacious
3857,Hyderabad,4244.731041781033,1,1,17.51587629361643,90.3375443787552,3,3,2128.2277602411004,0.5,0.7067585603118071,Old,Budget,Spacious
3858,Mumbai,2723.0525176968754,2,3,18.592465135197944,452.7984390448438,1,6,16628.34029465635,0.5,2.203409578407517,Old,Luxury,Large
3859,Chennai,1033.0776729251684,5,3,36.20382108952016,406.73560896093534,2,8,39371.251515799384,1.25,7.743851415690682,Old,Luxury,Standard
3860,Delhi,561.3793062614648,2,1,24.999176580241755,54.37371780296875,3,1,9685.736042725444,1.0,1.7813267942838025,Old,Budget,Compact
3861,Delhi,1864.4879602336605,3,1,28.5285354565194,139.4785834242877,2,5,7480.798288813194,1.5,2.6817014143515263,Old,Mid-Range,Standard
3862,Hyderabad,3640.957121740066,2,4,35.64528951824188,413.1545046135242,0,6,11347.414726380288,0.4,1.6479183355865814,Old,Luxury,Spacious
3863,Mumbai,4056.169567737622,3,4,38.87875135195251,405.4621407487393,2,0,9996.183196426147,0.6,0.0,Old,Luxury,Spacious
3864,Mumbai,1830.8877557914825,4,2,13.575828886653568,473.8162640565386,3,5,25879.044881793452,1.3333333333333333,2.730915635971648,Old,Luxury,Standard
3865,Bangalore,2730.442643974612,3,2,7.339687971848146,498.8229255763329,3,7,18268.939897972494,1.0,2.5636868862443265,Medium,Luxury,Large
3866,Mumbai,2395.0350699533674,5,4,14.589732336186264,488.6096303557385,1,6,20400.938444932748,1.0,2.5051825233259835,Old,Luxury,Large
3867,Hyderabad,2347.352529581425,1,2,25.376916254603778,216.8662331462919,2,1,9238.758576453065,0.3333333333333333,0.42601185267145103,Old,Premium,Large
3868,Bangalore,1541.0692094006772,3,2,17.107065864851954,140.15765302497547,0,1,9094.8318329897,1.0,0.648900123303937,Old,Mid-Range,Standard
3869,Bangalore,1113.6699726325628,2,1,28.41813794237969,384.03689140499,2,3,34483.904643417794,1.0,2.6937962535780797,Old,Luxury,Standard
3870,Delhi,1385.098512040459,3,4,2.673286206281422,163.65098851713478,1,4,11815.115466123216,0.6,2.8878812338823447,Recent,Mid-Range,Standard
3871,Delhi,748.9957422350574,4,1,25.48752058068836,407.0721728630383,0,4,54349.063674021105,2.0,5.340484297098554,Old,Luxury,Compact
3872,Mumbai,1391.5883382060963,3,1,18.399245346885397,276.2982705910037,0,1,19854.885457518365,1.5,0.7186033200659795,Old,Premium,Standard
3873,Bangalore,541.4040393142076,5,2,26.73333774464412,401.0850921127779,1,6,74082.39743109958,1.6666666666666667,11.082296333806735,Old,Luxury,Compact
3874,Delhi,3322.662802861902,3,1,21.12666774424884,152.42234226416502,0,7,4587.355121707788,1.5,2.106744022887518,Old,Mid-Range,Spacious
3875,Hyderabad,1923.689333244573,5,3,14.211292531877124,263.853111465834,3,1,13715.993892881268,1.25,0.5198344570083774,Old,Premium,Standard
3876,Delhi,4879.151201421088,2,2,45.20539527288179,290.7314209290474,3,3,5958.647496809891,0.6666666666666666,0.6148610436844483,Old,Premium,Spacious
3877,Delhi,1371.7267284933405,4,3,9.238249421067843,472.6918725056634,0,2,34459.623967876796,1.0,1.4580163515489226,Medium,Luxury,Standard
3878,Bangalore,2056.2285663931725,1,2,34.068278779027985,147.9668368786003,2,3,7196.030601702451,0.3333333333333333,1.4589817732482413,Old,Mid-Range,Large
3879,Bangalore,2110.2852138869,2,1,46.2322356291207,469.61035485674944,0,4,22253.40687440926,1.0,1.8954783806841282,Old,Luxury,Large
3880,Chennai,538.0317322810724,2,2,26.933497984271654,406.3322794235437,2,5,75521.99155630326,0.6666666666666666,9.29313217047941,Old,Luxury,Compact
3881,Hyderabad,4276.435788677565,1,3,43.8204244289741,370.8291459616137,1,1,8671.453619002847,0.25,0.23383959199098311,Old,Luxury,Spacious
3882,Bangalore,643.9750706494613,3,2,6.242573921664219,397.6977292088601,3,9,61756.696390090736,1.0,13.975696281104991,Medium,Luxury,Compact
3883,Mumbai,4730.809256281586,3,3,24.68943851282041,310.60402202242733,3,5,6565.557924577199,0.75,1.0569016270019724,Old,Luxury,Spacious
3884,Hyderabad,4514.334579921293,3,4,22.85126402404697,137.1584050219932,1,8,3038.2862101546875,0.6,1.7721327159892255,Old,Mid-Range,Spacious
3885,Hyderabad,2909.848622386836,4,1,0.4059403518497428,110.95758504312931,1,7,3813.1737915670374,2.0,2.4056234218322228,Brand New,Mid-Range,Large
3886,Bangalore,2946.1800871008145,2,3,22.16286706796672,435.8438892081874,3,0,14793.525050163486,0.5,0.0,Old,Luxury,Large
3887,Hyderabad,3442.0006533027035,5,4,18.45148781912989,368.066913246,1,8,10693.400446999587,1.0,2.3242296576334924,Old,Luxury,Spacious
3888,Bangalore,2241.7250537069917,1,1,33.48993638873077,122.33805572525554,0,9,5457.31759222449,0.5,4.014765318841086,Old,Mid-Range,Large
3889,Delhi,3412.5002752903497,2,4,46.91648892882593,315.2448156197128,0,1,9237.942569627792,0.4,0.29304026940039324,Old,Luxury,Spacious
3890,Chennai,701.4577490981909,3,3,4.2895544131018255,234.82231107882745,2,0,33476.33002568153,0.75,0.0,Recent,Premium,Compact
3891,Delhi,743.2143230737695,1,1,16.373819335731156,96.15448158228509,2,5,12937.651845111313,0.5,6.727534500843727,Old,Budget,Compact
3892,Bangalore,2557.5368882879498,5,4,22.203236869712597,275.2914124914389,2,0,10763.927345568914,1.0,0.0,Old,Premium,Large
3893,Bangalore,2973.300354977157,2,3,22.759268901719164,155.1291643838803,0,5,5217.40644614668,0.5,1.6816330013986809,Old,Mid-Range,Large
3894,Delhi,4495.179381511185,2,4,38.740486042112686,66.19717959563434,3,1,1472.625983913021,0.4,0.2224605327460416,Old,Budget,Spacious
3895,Mumbai,970.9728525855332,4,1,22.16978329167204,244.1399833017972,2,6,25143.85264754772,2.0,6.179369468490323,Old,Premium,Compact
3896,Mumbai,4201.915672372503,2,1,1.3580650726826682,303.2521050049097,0,6,7216.996452327333,1.0,1.4279201363915655,Brand New,Luxury,Spacious
3897,Mumbai,1445.2130178143132,2,1,35.50520472964156,42.515076982952245,3,3,2941.7861906094977,1.0,2.075818556171802,Old,Budget,Standard
3898,Bangalore,2273.376418295144,5,3,44.24148475728359,213.00451971727847,1,1,9369.522706539525,1.25,0.43987436130349344,Old,Premium,Large
3899,Hyderabad,1924.710956723358,5,4,25.695235627483644,143.67772152160893,0,6,7464.898613462819,1.0,3.117351194495429,Old,Mid-Range,Standard
3900,Bangalore,2300.698727894295,1,4,29.05542608492527,34.71228353947156,1,0,1508.7713623087811,0.2,0.0,Old,Budget,Large
3901,Hyderabad,1177.2297413266351,3,3,8.146821948452304,80.31802381352279,2,1,6822.6295169039295,0.75,0.849451865591747,Medium,Budget,Standard
3902,Delhi,2766.065334815997,5,1,11.032297233947853,86.73639623282122,3,1,3135.7320140303573,2.5,0.36152436004065736,Old,Budget,Large
3903,Chennai,4107.3916542411525,1,2,11.758511956230588,107.77963909662616,0,0,2624.040952737891,0.3333333333333333,0.0,Old,Mid-Range,Spacious
3904,Hyderabad,2486.903046705036,2,1,21.537098744064764,405.6212342902022,2,8,16310.29544266394,1.0,3.2168523861834553,Old,Luxury,Large
3905,Mumbai,2707.761091541896,1,2,46.4072610447821,230.9560959095068,2,5,8529.41186838578,0.3333333333333333,1.846544001100489,Old,Premium,Large
3906,Bangalore,4319.454133765914,1,1,26.0892383357443,90.6012762897857,3,2,2097.516803837318,0.5,0.463021469394861,Old,Budget,Spacious
3907,Delhi,3677.2615158711383,1,3,9.604882260067631,68.14254412538685,1,5,1853.0785431300492,0.25,1.3597074829788132,Medium,Budget,Spacious
3908,Mumbai,2707.0448383390312,1,2,13.30438679344748,163.01142018993875,2,6,6021.748065686201,0.3333333333333333,2.216439090710236,Old,Mid-Range,Large
3909,Delhi,1659.6304168513086,5,3,19.200751486359213,403.0474489781371,3,2,24285.37371246838,1.25,1.205087578350395,Old,Luxury,Standard
3910,Chennai,4482.17036080235,3,2,31.162948784639973,194.94072701102888,3,3,4349.248496126611,1.0,0.6693186020405909,Old,Mid-Range,Spacious
3911,Bangalore,3096.5918076075127,1,4,22.00165765020027,96.75073294109028,0,9,3124.4264324215783,0.2,2.9064211750122713,Old,Budget,Spacious
3912,Bangalore,1495.1642454981202,4,2,19.622242208846245,213.9757671421568,2,0,14311.188070904538,1.3333333333333333,0.0,Old,Premium,Standard
3913,Chennai,1711.0388868710463,2,2,28.236430019949736,286.5495474977876,1,5,16747.109004740207,0.6666666666666666,2.9222012651877436,Old,Premium,Standard
3914,Bangalore,4114.098900213106,2,2,12.091749747723274,34.200408146246644,1,5,831.297666287874,0.6666666666666666,1.2153329614271073,Old,Budget,Spacious
3915,Hyderabad,698.6550293935495,2,4,3.945163629229109,321.2680646912831,2,8,45983.79045094,0.4,11.450572404730567,Recent,Luxury,Compact
3916,Delhi,4964.41484162969,2,3,1.2207157411111058,209.6483614470989,1,1,4223.022614650727,0.5,0.20143360937816504,Brand New,Premium,Spacious
3917,Mumbai,1086.582558716563,2,4,12.562958173356352,24.668420062973304,3,4,2270.275725031963,0.4,3.6812665249520236,Old,Budget,Standard
3918,Chennai,4082.3083642862175,1,2,4.579601707223436,343.46691149426283,3,4,8413.546475299576,0.3333333333333333,0.9798377885888566,Recent,Luxury,Spacious
3919,Hyderabad,2276.488925472573,3,1,16.81703192603834,361.9460650700712,2,6,15899.31148006509,1.5,2.635637684358367,Old,Luxury,Large
3920,Mumbai,2714.972824793601,4,4,38.64667701798778,321.84309850816777,1,4,11854.376425761651,0.8,1.4733112477116932,Old,Luxury,Large
3921,Mumbai,4462.927598590601,5,1,35.81471652434192,184.12650444724267,3,9,4125.688808068276,2.5,2.016613489952697,Old,Mid-Range,Spacious
3922,Chennai,2358.10035315146,4,4,30.54638113940144,274.2103299516614,2,3,11628.441918733259,0.8,1.2722104875607518,Old,Premium,Large
3923,Hyderabad,2918.7218915295557,5,4,42.62501219397394,205.83569894404897,3,9,7052.254602996135,1.0,3.0835414727655164,Old,Premium,Large
3924,Mumbai,721.8484808412647,5,2,14.103381227213834,356.2984304766533,2,1,49359.171617485714,1.6666666666666667,1.3853322775363728,Old,Luxury,Compact
3925,Mumbai,510.5636324035392,4,3,44.252687651498285,300.11848939217055,0,7,58781.799240052984,1.0,13.710338057269503,Old,Luxury,Compact
3926,Hyderabad,1601.5994285077666,1,3,19.96195848345896,59.26357463717588,0,4,3700.27446203528,0.25,2.497503388676192,Old,Budget,Standard
3927,Bangalore,3562.6239181344527,2,2,20.04466591333133,328.6849079451188,2,3,9225.922115215371,0.6666666666666666,0.8420759723554915,Old,Luxury,Spacious
3928,Mumbai,1045.6920201161151,1,4,20.26758068127608,349.8744388821447,0,8,33458.65055404115,0.2,7.650436118955626,Old,Luxury,Standard
3929,Delhi,1011.9288146204724,2,3,4.904718312049072,197.9370466950557,0,1,19560.372610724866,0.5,0.9882118045774332,Recent,Mid-Range,Standard
3930,Hyderabad,2349.3227361615645,3,3,48.77452491655279,440.3771748606581,1,2,18744.856467875816,0.75,0.851309174859345,Old,Luxury,Large
3931,Mumbai,3415.266673737019,5,3,6.92533889125796,424.6468903255821,0,7,12433.784266132554,1.25,2.049620327990531,Medium,Luxury,Spacious
3932,Chennai,3704.3239651156873,4,2,17.044286223459228,104.07993147187418,1,3,2809.6876097235117,1.3333333333333333,0.8098643715429757,Old,Mid-Range,Spacious
3933,Delhi,1303.0280334426866,3,1,15.965016016337858,454.0478280732169,0,8,34845.5916848997,1.5,6.1395455774374,Old,Luxury,Standard
3934,Mumbai,858.146663174191,2,1,3.733971640835482,231.6187383176372,0,9,26990.577282081915,1.0,10.487717759933927,Recent,Premium,Compact
3935,Delhi,4731.786652754949,1,1,7.613006505593834,367.3998332644608,3,9,7764.505465404968,0.5,1.902029964677297,Medium,Luxury,Spacious
3936,Delhi,1672.9987215294575,4,1,2.242916809269291,410.76656334427327,2,9,24552.71232776257,2.0,5.379561791758088,Recent,Luxury,Standard
3937,Bangalore,4340.059239239257,5,1,14.620224678025671,262.45396211345115,0,9,6047.243773554002,2.5,2.073704413670067,Old,Premium,Spacious
3938,Delhi,4385.711527082682,3,3,43.33284620144532,211.56893089799155,2,8,4824.050318665725,0.75,1.8241053818971755,Old,Premium,Spacious
3939,Bangalore,3976.35166293145,5,3,16.972110286869224,459.4166569352472,2,9,11553.723007400095,1.25,2.263381300980057,Old,Luxury,Spacious
3940,Hyderabad,1259.751229936565,2,4,6.184591603368961,130.80970540900313,3,8,10383.7727878694,0.4,6.35046016220428,Medium,Mid-Range,Standard
3941,Bangalore,4198.106566643902,5,3,32.2846934191959,143.34563730518937,2,0,3414.5306944836416,1.25,0.0,Old,Mid-Range,Spacious
3942,Chennai,3961.62751658714,1,2,49.83004560274553,193.5777507264498,2,5,4886.318815081662,0.3333333333333333,1.2621075502593935,Old,Mid-Range,Spacious
3943,Mumbai,3185.253455477977,3,4,11.61618947659638,432.5435734258714,0,9,13579.565314715723,0.6,2.8255208339926177,Old,Luxury,Spacious
3944,Hyderabad,2017.4091582602875,3,3,13.978550268528473,470.61836682227647,3,5,23327.859145247174,0.75,2.478426341789659,Old,Luxury,Large
3945,Hyderabad,1681.2887191994485,1,4,48.59235271403943,125.6325030823337,2,7,7472.393149830568,0.2,4.163472888423991,Old,Mid-Range,Standard
3946,Chennai,1048.5014543616153,5,4,8.938814377524357,434.65767086299775,0,6,41455.13285221345,1.0,5.72245272053831,Medium,Luxury,Standard
3947,Bangalore,2793.9068010539213,1,1,25.560703372958194,143.93742054491327,3,6,5151.833285584795,0.5,2.147530475152812,Old,Mid-Range,Large
3948,Mumbai,3133.6739397943093,4,4,11.982606650804744,485.9077984399463,0,1,15506.010126626024,0.8,0.319114247114567,Old,Luxury,Spacious
3949,Bangalore,2117.0254573210423,1,3,46.61759489506219,306.7557881511595,3,3,14489.943287660742,0.25,1.4170826286596971,Old,Luxury,Large
3950,Delhi,2639.115804563909,5,1,49.0760507288147,23.40150437474355,3,0,886.7176019435966,2.5,0.0,Old,Budget,Large
3951,Bangalore,2135.8150581617,1,3,40.734892306000766,36.38235395416538,1,6,1703.4412139354304,0.25,2.809231996502642,Old,Budget,Large
3952,Hyderabad,3384.527257943156,2,1,15.739190790640528,90.79257478626006,1,3,2682.5777388312863,1.0,0.8863867155920496,Old,Budget,Spacious
3953,Mumbai,4555.666435084535,1,3,20.17437376402525,110.03511575300324,1,8,2415.346191845616,0.25,1.7560548196394787,Old,Mid-Range,Spacious
3954,Bangalore,1237.641179211252,1,1,12.115284183321068,388.4571789567664,2,5,31386.898358079034,0.5,4.039943146677212,Old,Luxury,Standard
3955,Mumbai,2216.339644564056,5,1,44.53789835044957,126.92762068013596,0,5,5726.902958734109,2.5,2.255971918502355,Old,Mid-Range,Large
3956,Mumbai,1133.908717778876,4,2,45.727913884407904,485.1879776239328,3,8,42788.980278265175,1.3333333333333333,7.0552416385602585,Old,Luxury,Standard
3957,Delhi,3312.246966835244,4,3,20.94353311230236,325.3337874574104,0,7,9822.14764523605,1.0,2.113368981869216,Old,Luxury,Spacious
3958,Delhi,3779.917292698681,5,4,32.82665349515009,352.4084044416885,2,5,9323.177655828698,1.0,1.3227802654989411,Old,Luxury,Spacious
3959,Hyderabad,4693.607296688551,5,1,8.277658988734693,124.5519292568996,1,5,2653.6504096704866,2.5,1.0652787257100984,Medium,Mid-Range,Spacious
3960,Chennai,1754.923668174342,5,3,21.74679501817045,448.4990307656407,1,5,25556.61188570196,1.25,2.8491267686881963,Old,Luxury,Standard
3961,Mumbai,4775.950426394435,2,1,31.57495533367488,340.55099495356706,0,3,7130.538731547582,1.0,0.6281472235181522,Old,Luxury,Spacious
3962,Chennai,784.6820231930366,3,2,19.27015592590098,434.9146996840946,0,4,55425.597481427576,1.0,5.0976062682348156,Old,Luxury,Compact
3963,Hyderabad,3213.5623851406467,1,2,17.879976284322996,479.1109266709889,3,2,14909.028338344202,0.3333333333333333,0.622362275973823,Old,Luxury,Spacious
3964,Mumbai,757.0972370449849,5,2,0.0499496133471333,80.30766901260628,0,8,10607.31238777914,1.6666666666666667,10.5666744092538,Brand New,Budget,Compact
3965,Mumbai,4521.983844928752,5,2,40.214673188855706,66.36187052909392,3,1,1467.5388680018496,1.6666666666666667,0.22114187805457672,Old,Budget,Spacious
3966,Chennai,2884.1407568152435,5,4,44.46688060107241,405.63575676302514,3,6,14064.353683311232,1.0,2.080342294606101,Old,Luxury,Large
3967,Bangalore,3512.067578432582,4,4,48.47317647729161,435.7405083652017,1,0,12406.9511373033,0.8,0.0,Old,Luxury,Spacious
3968,Delhi,4242.082666597036,5,1,35.963569253460776,300.2054820214331,0,9,7076.841863203375,2.5,2.121599390522893,Old,Luxury,Spacious
3969,Bangalore,1176.3978011778595,1,3,27.43961561849423,195.6802629202499,1,6,16633.851467958073,0.25,5.100315551416829,Old,Mid-Range,Standard
3970,Chennai,673.6620287216023,5,2,13.46422599043547,333.2622253161074,3,1,49470.24043325313,1.6666666666666667,1.4844238763132964,Old,Luxury,Compact
3971,Delhi,4454.965156607835,1,2,49.96497379817493,166.7187548443795,1,4,3742.3133286933485,0.3333333333333333,0.8978745869801009,Old,Mid-Range,Spacious
3972,Bangalore,1917.199523565196,2,4,29.48764272660528,134.42513223366473,1,0,7011.535866840282,0.4,0.0,Old,Mid-Range,Standard
3973,Delhi,1080.4050856722438,3,4,34.05770361652231,254.30970057308744,3,4,23538.365743146445,0.6,3.702315041872597,Old,Premium,Standard
3974,Mumbai,2608.0755668918896,4,2,34.120308097765886,123.75383725106224,2,3,4745.0249840169645,1.3333333333333333,1.1502734192534063,Old,Mid-Range,Large
3975,Bangalore,3192.3773406320847,1,3,42.26258978785907,252.177731991283,2,0,7899.371066872448,0.25,0.0,Old,Premium,Spacious
3976,Delhi,639.3677154012955,2,1,0.4836269423459605,479.1711226225145,0,0,74944.52895885827,1.0,0.0,Brand New,Luxury,Compact
3977,Delhi,1737.0304621568948,3,1,11.01234702156859,423.0963370963474,1,6,24357.450621273663,1.5,3.4541708569403653,Old,Luxury,Standard
3978,Delhi,647.599434246032,3,1,33.2767000085007,471.9828413600107,0,2,72881.91069986294,1.5,3.088328825253686,Old,Luxury,Compact
3979,Bangalore,2391.5092513797454,3,1,44.75728684122839,407.0379079267321,1,9,17020.12683797471,1.5,3.763313896781953,Old,Luxury,Large
3980,Hyderabad,4527.950130798099,1,3,34.26693909606781,190.2804492542128,0,8,4202.353024163583,0.25,1.7668039110205296,Old,Mid-Range,Spacious
3981,Bangalore,4921.935851721061,2,3,20.674564574684005,409.7817145047484,0,8,8325.62078925631,0.5,1.625376730012161,Old,Luxury,Spacious
3982,Chennai,3366.713990766324,5,3,18.07777479351308,462.9995569055428,3,9,13752.268775291954,1.25,2.673229750042248,Old,Luxury,Spacious
3983,Bangalore,1227.369622030663,2,4,36.89740041416602,474.57717816178615,2,8,38666.1988078706,0.4,6.518003913738821,Old,Luxury,Standard
3984,Delhi,4576.322254996876,2,2,37.06188485685967,347.93496832879856,2,0,7602.938537575433,0.6666666666666666,0.0,Old,Luxury,Spacious
3985,Mumbai,2823.115204400272,2,3,30.35289962528452,121.45598903125432,2,3,4302.197403844729,0.5,1.0626558899629832,Old,Mid-Range,Large
3986,Bangalore,1191.8719044631314,1,1,14.573351204866851,39.06999361505161,3,0,3278.036294735075,0.5,0.0,Old,Budget,Standard
3987,Bangalore,4647.770012532476,1,3,46.25774091952718,90.65610951687476,2,0,1950.5291628549853,0.25,0.0,Old,Budget,Spacious
3988,Delhi,3908.6107282539633,1,2,27.593997105931955,483.4625205890938,3,8,12369.165266172822,0.3333333333333333,2.0467630460538913,Old,Luxury,Spacious
3989,Mumbai,3792.673727254182,2,4,39.52461781241653,241.8064756125293,1,4,6375.620288001738,0.4,1.0546649376285573,Old,Premium,Spacious
3990,Mumbai,3691.313167074821,1,1,10.715413108091582,430.3932871193876,3,0,11659.625386389323,0.5,0.0,Old,Luxury,Spacious
3991,Chennai,1401.5291949339903,3,4,17.20203943073639,243.2211937079797,0,2,17353.986958468962,0.6,1.4270127281181586,Old,Premium,Standard
3992,Bangalore,1449.5301126838672,1,3,43.72897581936712,337.1924400607229,0,6,23262.189388835573,0.25,4.139272408001751,Old,Luxury,Standard
3993,Mumbai,3597.318492922648,4,1,2.5053514969984203,31.58757301872015,1,1,878.0866381685533,2.0,0.2779848384198943,Recent,Budget,Spacious
3994,Mumbai,1488.752375496786,1,1,25.615765562833104,139.93517250529607,1,3,9399.492810790693,0.5,2.015110134752209,Old,Mid-Range,Standard
3995,Hyderabad,2474.02263561372,1,3,24.08527399220045,229.40925442044283,0,1,9272.722533661632,0.25,0.4042000204868515,Old,Premium,Large
3996,Hyderabad,4019.008215172736,1,3,37.561509445404106,322.70290263399835,2,8,8029.416347439057,0.25,1.9905408428373073,Old,Luxury,Spacious
3997,Mumbai,4027.786331440285,1,2,14.09468852996662,102.33017026552568,2,8,2540.6057284308254,0.3333333333333333,1.9862026785167877,Old,Mid-Range,Spacious
3998,Chennai,2539.677976366368,4,3,10.953341092979974,386.9847028498352,2,6,15237.550053629699,1.0,2.3625042449611944,Old,Luxury,Large
3999,Mumbai,4064.854722238603,5,3,46.30664193866168,194.91425894539395,1,6,4795.110090381053,1.25,1.4760675128619778,Old,Mid-Range,Spacious
4000,Delhi,4273.798082891255,1,3,28.58548259792324,412.3689292322645,0,1,9648.769577651501,0.25,0.23398391327919096,Old,Luxury,Spacious
4001,Bangalore,3446.490880779171,3,1,5.234478414182725,67.0251633896323,3,9,1944.7364205553758,1.5,2.6113517520653673,Medium,Budget,Spacious
4002,Chennai,1527.9163353878907,4,2,9.651808110716054,346.2831620875385,1,7,22663.751546293137,1.3333333333333333,4.581402684082775,Medium,Luxury,Standard
4003,Delhi,1733.0530117349638,5,1,49.94130297571242,160.7975999391249,0,0,9278.285133248752,2.5,0.0,Old,Mid-Range,Standard
4004,Chennai,1916.7851993393087,1,3,9.78044981260962,401.7839235788566,2,7,20961.34317592531,0.25,3.6519480651315597,Medium,Luxury,Standard
4005,Delhi,1025.618484802784,5,2,30.523775567683938,213.04180498035709,2,4,20772.03249913372,1.6666666666666667,3.9000857134211646,Old,Premium,Standard
4006,Bangalore,1729.218291664753,3,3,21.006403949780903,339.3678234865119,2,3,19625.505069102393,0.75,1.7348879632263432,Old,Luxury,Standard
4007,Bangalore,1442.8365094063945,4,1,44.27995474249177,468.46652894550726,0,9,32468.44156572124,2.0,6.237712964237883,Old,Luxury,Standard
4008,Hyderabad,2548.9793741387098,4,1,37.75842961476639,29.90078336660689,2,1,1173.0492474742073,2.0,0.3923138845868049,Old,Budget,Large
4009,Delhi,4587.968965425192,5,3,29.84756981309079,25.336055520499343,0,2,552.2281364898315,1.25,0.43592273946749527,Old,Budget,Spacious
4010,Hyderabad,970.1614253928112,1,2,0.5369490898991247,389.7340410448225,1,9,40172.081763302645,0.3333333333333333,9.276806688491007,Brand New,Luxury,Compact
4011,Delhi,3741.20565776328,2,1,43.98976037467298,330.2686647238775,3,1,8827.86713525212,1.0,0.26729351216630537,Old,Luxury,Spacious
4012,Hyderabad,3592.773519859075,4,3,22.23337354193581,160.63026584212767,2,3,4470.926568408585,1.0,0.8350094943133721,Old,Mid-Range,Spacious
4013,Bangalore,930.8938939851096,2,4,46.578882650928826,257.310417331646,1,2,27641.218724737053,0.4,2.148472573429504,Old,Premium,Compact
4014,Chennai,4651.5758220761,4,3,24.776950642710062,40.129119487457,1,4,862.6994597617135,1.0,0.859923637279272,Old,Budget,Spacious
4015,Hyderabad,3058.124909705688,1,3,34.711224459136275,112.37389057339556,0,6,3674.6010673648498,0.25,1.9619865692724228,Old,Mid-Range,Spacious
4016,Delhi,2136.764845110579,1,2,3.464632473332108,223.7582597730404,1,8,10471.824276080357,0.3333333333333333,3.7439777326484402,Recent,Premium,Large
4017,Delhi,3904.42362572888,4,3,37.25758267633929,420.3413197863115,0,4,10765.771342443455,1.0,1.0244789970128505,Old,Luxury,Spacious
4018,Bangalore,1658.1445628073532,5,4,16.899801565596146,250.24024777284072,0,7,15091.582084324826,1.0,4.221586076999533,Old,Premium,Standard
4019,Delhi,3620.7942667084417,1,3,17.567950716589042,301.45400217246976,1,1,8325.631890886549,0.25,0.27618249652971055,Old,Luxury,Spacious
4020,Mumbai,678.7004340751125,1,4,5.932792235469497,439.4018201570146,0,5,64741.64419178572,0.2,7.367020483512237,Medium,Luxury,Compact
4021,Chennai,4277.336169241724,3,1,7.342857432010113,168.23307852264574,0,7,3933.1273452951377,1.5,1.6365325808003872,Medium,Mid-Range,Spacious
4022,Hyderabad,2516.768811595933,1,3,9.287952810310507,356.33567412898685,0,8,14158.458754224122,0.25,3.178678932741161,Medium,Luxury,Large
4023,Chennai,3365.118114610738,3,2,16.41030842857112,433.6002841655616,1,3,12885.143088527775,1.0,0.8914991681791314,Old,Luxury,Spacious
4024,Bangalore,1495.5701891300764,1,3,44.59849563878027,117.25553633416484,3,3,7840.189459938922,0.25,2.0059239090242906,Old,Mid-Range,Standard
4025,Hyderabad,3546.831706963016,1,4,18.413011911504025,191.1095192709596,0,6,5388.175562313263,0.2,1.691650604177528,Old,Mid-Range,Spacious
4026,Hyderabad,3975.0812415197447,5,4,36.21813532816092,490.3088834668905,2,3,12334.562583164632,1.0,0.754701556452478,Old,Luxury,Spacious
4027,Mumbai,2629.4593409797944,5,2,4.13737519449357,491.9449111021813,1,4,18708.97577442182,1.6666666666666667,1.5212252715455612,Recent,Luxury,Large
4028,Bangalore,3279.7711582780744,1,4,29.55493996359963,127.1503665410902,1,1,3876.8060454512292,0.2,0.3048993212456365,Old,Mid-Range,Spacious
4029,Delhi,2553.4666572007936,4,3,24.094561563521975,51.894002668461496,0,1,2032.2960756945874,1.0,0.391624459704611,Old,Budget,Large
4030,Mumbai,4523.411161660304,4,4,48.89789734772523,150.0423734288254,1,9,3317.018242793406,0.8,1.9896488907049912,Old,Mid-Range,Spacious
4031,Mumbai,2740.411312314436,1,3,42.31038849394815,210.9113395057699,2,4,7696.338814469534,0.25,1.4596349029889852,Old,Premium,Large
4032,Chennai,4288.139190629685,4,3,22.741488621932486,231.68268844695857,3,9,5402.872391671071,1.0,2.0988124685100087,Old,Premium,Spacious
4033,Chennai,4106.084262216118,1,4,38.75713820226694,317.02702751860335,1,9,7720.9089554216525,0.2,2.191869290851464,Old,Luxury,Spacious
4034,Chennai,2347.2716960676044,5,2,9.651937064688877,451.7613248631423,1,1,19246.230660897938,1.6666666666666667,0.42602652333571134,Medium,Luxury,Large
4035,Mumbai,1535.3802133586378,2,1,28.116816369588904,178.56704571543798,1,5,11630.151552156798,1.0,3.2565223626677593,Old,Mid-Range,Standard
4036,Delhi,2327.369596518969,3,2,3.730952778435409,427.9925770396201,0,5,18389.540607549643,1.0,2.148348078224647,Recent,Luxury,Large
4037,Hyderabad,4217.9781909884905,4,1,17.404451612584154,64.86988204478092,2,7,1537.9378248890034,2.0,1.659562871841103,Old,Budget,Spacious
4038,Chennai,1524.3464111872656,4,2,11.293109081108517,40.09985550714306,3,0,2630.626162980273,1.3333333333333333,0.0,Old,Budget,Standard
4039,Delhi,2859.963556359872,5,3,35.94549076626055,261.9416878992614,2,6,9158.916983986246,1.25,2.097928830826337,Old,Premium,Large
4040,Bangalore,4127.435365823363,4,3,24.50453456071807,48.63786719869034,2,6,1178.4040908654615,1.0,1.4536872096610258,Old,Budget,Spacious
4041,Chennai,2090.6486380777046,1,4,37.55352394240053,208.39510459243047,1,8,9967.964046988029,0.2,3.826563610112786,Old,Premium,Large
4042,Hyderabad,3389.9433665121383,1,1,25.76477188157228,450.4534960972325,3,3,13287.935738014921,0.5,0.8849705365687731,Old,Luxury,Spacious
4043,Bangalore,1605.3420832196657,2,1,4.324222107581926,135.91185737958722,2,6,8466.224040361734,1.0,3.73752115684056,Recent,Mid-Range,Standard
4044,Bangalore,991.7575041567196,2,4,36.76838248662634,358.8683720599535,3,5,36185.09268201558,0.4,5.041554996099016,Old,Luxury,Compact
4045,Hyderabad,4074.7290129178537,2,2,41.66146319939028,165.1353883472321,0,3,4052.6716702807453,0.6666666666666666,0.7362452792539801,Old,Mid-Range,Spacious
4046,Chennai,945.3588053391808,1,4,45.17656129563963,41.56162651622509,1,9,4396.38645998684,0.2,9.520194818274247,Old,Budget,Compact
4047,Mumbai,1721.2162778581308,2,2,28.599597265335408,287.2114790769485,0,7,16686.542113949352,0.6666666666666666,4.066891587099531,Old,Premium,Standard
4048,Hyderabad,4347.992398988481,2,4,37.67926794997475,420.7296754576408,3,2,9676.412395649992,0.4,0.4599824048600639,Old,Luxury,Spacious
4049,Hyderabad,2059.111791854002,1,1,37.60221684413136,216.5448552044573,1,7,10516.420529527571,0.5,3.399524021810042,Old,Premium,Large
4050,Hyderabad,4878.704072813725,5,1,7.787487989947217,316.30103669988176,0,4,6483.300318673756,2.5,0.8198898601556407,Medium,Luxury,Spacious
4051,Bangalore,4908.804506482369,4,2,8.211034372978537,452.0113268757085,1,3,9208.17535672485,1.3333333333333333,0.6111467661908966,Medium,Luxury,Spacious
4052,Delhi,1707.2420920410052,3,1,3.544275290456306,399.0533661137541,0,2,23374.152264292316,1.5,1.1714800199244169,Recent,Luxury,Standard
4053,Mumbai,684.402000124507,1,1,15.995681757015074,113.06067170855329,2,9,16519.62906128053,0.5,13.150166128039825,Old,Mid-Range,Compact
4054,Chennai,3672.784778924206,1,1,23.675429387053228,372.0243004952028,1,6,10129.215918940185,0.5,1.6336377874440708,Old,Luxury,Spacious
4055,Chennai,2529.439261917547,3,1,49.894892637710846,260.9086520768729,3,6,10314.881088667858,1.5,2.3720672365350453,Old,Premium,Large
4056,Delhi,953.3877978180932,3,3,21.54966710340848,378.0640677853207,1,5,39654.804545490464,0.75,5.244455625971838,Old,Luxury,Compact
4057,Hyderabad,3683.852685401193,2,4,36.31212942536855,257.36746425066474,3,2,6986.366888952725,0.4,0.542909874742233,Old,Premium,Spacious
4058,Mumbai,640.2870910036455,3,4,34.66985131362673,81.41991877198537,0,8,12716.158097824558,0.6,12.494395268004007,Old,Budget,Compact
4059,Chennai,4415.88510721509,4,3,10.22409751252898,293.5565344108348,0,1,6647.739406335423,1.0,0.22645516713424124,Old,Premium,Spacious
4060,Chennai,1123.9363810098666,4,1,2.9253575724718206,256.22431635072314,3,2,22797.04800733502,2.0,1.779460148983684,Recent,Premium,Standard
4061,Hyderabad,1072.9034543602625,4,4,27.30033757667937,268.60243214789205,0,0,25035.09808420283,0.8,0.0,Old,Premium,Standard
4062,Delhi,1290.5253408586304,4,4,35.015279615723806,441.8731777500177,1,6,34239.7908634653,0.8,4.649269417683806,Old,Luxury,Standard
4063,Mumbai,4821.198613214299,4,4,49.9125895093128,449.5217824190007,0,1,9323.859448289852,0.8,0.2074173001832212,Old,Luxury,Spacious
4064,Delhi,3619.262121142307,2,2,17.930552614058538,237.6978112475448,3,9,6567.576574766651,0.6666666666666666,2.486694718082323,Old,Premium,Spacious
4065,Delhi,4106.171909586365,1,3,44.81822810405484,238.75137981444243,3,7,5814.451636986944,0.25,1.7047508370649647,Old,Premium,Spacious
4066,Mumbai,2289.3574357973885,3,2,19.09662279345932,267.28974025885566,2,8,11675.317103366955,1.0,3.494430303852304,Old,Premium,Large
4067,Mumbai,2013.4072737723,1,2,34.47058542152564,269.40285360044334,3,1,13380.445035131557,0.3333333333333333,0.49667050130717466,Old,Premium,Large
4068,Chennai,1555.1780305242648,3,3,29.9126465258526,476.1858292059741,0,5,30619.37732270095,0.75,3.215065993643476,Old,Luxury,Standard
4069,Chennai,2662.91612740584,2,4,2.648939665129846,331.7122243411969,3,0,12456.728205868967,0.4,0.0,Recent,Luxury,Large
4070,Mumbai,2983.2293009037585,2,2,3.919421348512925,153.1793575462131,0,7,5134.6826574748375,0.6666666666666666,2.3464505386425962,Recent,Mid-Range,Large
4071,Bangalore,3342.9867964374,5,4,1.0382044862230488,275.1376625379152,0,4,8230.2946224953,1.0,1.1965347886694542,Brand New,Premium,Spacious
4072,Chennai,1657.0332679941253,5,2,18.541704229699477,321.0673197958318,2,8,19376.033420529373,1.6666666666666667,4.827905482962435,Old,Luxury,Standard
4073,Bangalore,4768.943364063458,2,4,37.290052438300535,327.09042608670296,0,2,6858.760968970705,0.4,0.41938011155072025,Old,Luxury,Spacious
4074,Mumbai,1263.9132419321113,2,1,8.637769699536136,300.9220285943277,3,1,23808.75669395757,1.0,0.7911935462210412,Medium,Luxury,Standard
4075,Chennai,4845.439286448856,3,1,30.29264841919479,105.31335421833792,3,6,2173.453179216706,1.5,1.2382778207086569,Old,Mid-Range,Spacious
4076,Delhi,566.8525512837671,2,1,14.441389001553894,36.1247307581636,3,6,6372.86198612865,1.0,10.584763156506272,Old,Budget,Compact
4077,Mumbai,2665.065613175805,1,3,39.8496311989536,182.1646651360901,0,9,6835.278810228428,0.25,3.377027550655767,Old,Mid-Range,Large
4078,Hyderabad,2000.1552715245325,3,1,39.91980745014955,225.2106341889217,3,4,11259.657557348763,1.5,1.9998447405291546,Old,Premium,Large
4079,Bangalore,2521.0553626861283,2,2,38.770725748321176,49.66603499652157,1,6,1970.0493583609173,0.6666666666666666,2.3799556680925615,Old,Budget,Large
4080,Mumbai,3067.990605413551,3,4,26.24167569006884,411.1843222495261,1,5,13402.398349068619,0.6,1.6297311964310996,Old,Luxury,Spacious
4081,Mumbai,2460.1512110571907,3,4,14.228335503992584,185.1571700049314,3,8,7526.251604890765,0.6,3.2518326369712014,Old,Mid-Range,Large
4082,Chennai,2366.8108263571776,4,4,40.47220219393173,458.5437181656822,0,2,19373.906569095732,0.8,0.8450189502801345,Old,Luxury,Large
4083,Chennai,3797.2553693598793,5,4,9.305028096962076,94.11685176428728,3,3,2478.549441886838,1.0,0.790044310479367,Medium,Budget,Spacious
4084,Chennai,3586.443237889091,3,2,14.487980101432802,47.32877932991045,1,8,1319.6578389950269,1.0,2.2306222263561155,Old,Budget,Spacious
4085,Hyderabad,4249.720769161315,3,4,9.19738530803108,251.51173010543445,0,9,5918.3119025269625,0.6,2.1177862002863206,Medium,Premium,Spacious
4086,Chennai,1624.81541557773,4,2,33.71050801938239,110.7820816763392,3,7,6818.133346977682,1.3333333333333333,4.308181675831181,Old,Mid-Range,Standard
4087,Mumbai,3242.8782938932864,2,2,34.3118014057909,469.9516522773733,0,9,14491.806650972578,0.6666666666666666,2.7753122949288715,Old,Luxury,Spacious
4088,Chennai,3133.3765342678425,3,4,32.625499639337654,24.945631257794695,3,5,796.1261911863903,0.6,1.5957226797730903,Old,Budget,Spacious
4089,Delhi,2163.8201489271,4,4,20.78007334323339,218.0574440283368,2,2,10077.429223332518,0.8,0.9242912360307173,Old,Premium,Large
4090,Chennai,2687.258938562064,1,4,5.008550360071662,464.8389302456808,0,8,17297.88386133021,0.2,2.977011215852817,Medium,Luxury,Large
4091,Hyderabad,1912.0196448757792,4,2,45.55847922575106,204.5207392302888,1,8,10696.581480133074,1.3333333333333333,4.184057429242443,Old,Premium,Standard
4092,Delhi,1138.299789276433,5,3,25.38654820061191,64.69245468822116,1,5,5683.252803669875,1.25,4.392515967325513,Old,Budget,Standard
4093,Mumbai,1462.1054479822978,5,2,20.348609745554576,165.3895725736578,1,1,11311.740394777615,1.6666666666666667,0.6839451979198885,Old,Mid-Range,Standard
4094,Mumbai,974.8114088054048,2,3,29.44124466241466,259.0449890405281,1,6,26573.85692253829,0.5,6.155036703307338,Old,Premium,Compact
4095,Bangalore,3573.813088355558,2,4,9.63952179095529,108.87280992479988,3,8,3046.4047008931916,0.4,2.2385054288558477,Medium,Mid-Range,Spacious
4096,Delhi,3473.273268991182,5,2,6.627438955243719,243.9496184687657,3,8,7023.622950912275,1.6666666666666667,2.303302786861805,Medium,Premium,Spacious
4097,Bangalore,4777.728672109428,5,4,20.276261072897174,421.444733977202,0,2,8821.026954448815,1.0,0.4186089535965579,Old,Luxury,Spacious
4098,Delhi,3783.5528614125856,3,3,11.361034704995529,438.8566256943743,2,1,11599.061563805602,0.75,0.26430184449085536,Old,Luxury,Spacious
4099,Delhi,734.2062744025915,5,3,12.214514726858228,43.64515266115141,2,4,5944.5355049116915,1.25,5.4480602242942116,Old,Budget,Compact
4100,Hyderabad,4479.103282680294,2,2,44.62557438892647,97.23361186523528,0,9,2170.8276351031295,0.6666666666666666,2.009330759306448,Old,Budget,Spacious
4101,Bangalore,4382.038233255766,5,2,26.537958859291244,152.139265168066,1,6,3471.883563531339,1.6666666666666667,1.3692258443719971,Old,Mid-Range,Spacious
4102,Hyderabad,2494.9414434771443,2,2,24.173453216167555,305.53560842604884,2,2,12246.20358224643,0.6666666666666666,0.8016220201194961,Old,Luxury,Large
4103,Delhi,3136.3837273756467,1,2,34.47397968642987,193.27748422038425,2,3,6162.431035889484,0.3333333333333333,0.9565156118541129,Old,Mid-Range,Spacious
4104,Mumbai,4892.352496126335,5,1,47.57740568383698,425.1396384541162,0,9,8689.881581319685,2.5,1.8396057943752042,Old,Luxury,Spacious
4105,Delhi,2895.369637316748,2,1,5.609928223528204,364.0024967758101,1,1,12571.883468155222,1.0,0.3453790449107351,Medium,Luxury,Large
4106,Hyderabad,4573.9482276924045,4,4,41.67672835546286,68.21889109448394,3,9,1491.466184104601,0.8,1.9676654723616267,Old,Budget,Spacious
4107,Bangalore,873.6744101458389,3,3,29.20095899339229,319.7876012058037,3,1,36602.60590125592,0.75,1.1445911524787293,Old,Luxury,Compact
4108,Bangalore,1359.733409189073,2,3,7.308267690591863,74.24606016654964,2,6,5460.339480135963,0.5,4.4126296812684185,Medium,Budget,Standard
4109,Hyderabad,2483.3972454859304,5,4,14.857465934449582,142.41712142550085,3,1,5734.770048745619,1.0,0.40267420035908447,Old,Mid-Range,Large
4110,Bangalore,3131.405637517871,5,4,24.118070823236977,105.37790409642946,0,0,3365.1949410156244,1.0,0.0,Old,Mid-Range,Spacious
4111,Chennai,4173.0253333826,1,4,34.55885722887115,103.06973561633838,2,3,2469.9043830819833,0.2,0.7189028966589663,Old,Mid-Range,Spacious
4112,Mumbai,4947.17951814434,4,1,12.130350847672611,315.8698518928924,2,5,6384.847178769317,2.0,1.0106768880453874,Old,Luxury,Spacious
4113,Mumbai,2249.831734133524,2,4,26.74394077337949,290.53036282599754,1,9,12913.426298428903,0.4,4.000299161690935,Old,Premium,Large
4114,Mumbai,713.3703626303821,4,3,34.23358137079309,104.4935133381089,3,9,14647.862991225782,1.0,12.616167521754981,Old,Mid-Range,Compact
4115,Bangalore,4105.271764828962,1,4,22.43703754237531,495.28294660084725,1,3,12064.559302603984,0.2,0.7307676986702462,Old,Luxury,Spacious
4116,Bangalore,3219.7132358726367,3,2,43.15129805600879,222.481631536781,2,0,6909.982822631157,1.0,0.0,Old,Premium,Spacious
4117,Delhi,1393.4428649069075,4,3,43.47295514202022,66.59327751436959,3,0,4779.04614473149,1.0,0.0,Old,Budget,Standard
4118,Delhi,2726.7280547963906,1,3,23.534560882022287,77.87312813845526,1,8,2855.9183964632725,0.25,2.933919275861697,Old,Budget,Large
4119,Mumbai,3840.39610490176,2,3,48.64628552044498,300.2689825887655,3,0,7818.698238067465,0.5,0.0,Old,Luxury,Spacious
4120,Chennai,3966.853041808897,3,1,3.779254620272365,489.9533136240669,2,6,12351.183884559703,1.5,1.512533975108889,Recent,Luxury,Spacious
4121,Delhi,2748.282853994429,5,1,0.168118916146831,294.5365287772149,2,6,10717.111171767765,2.5,2.1831813968054408,Brand New,Premium,Large
4122,Delhi,1873.465385579866,1,3,19.03341319019595,475.53990877598585,2,0,25382.903385151094,0.25,0.0,Old,Luxury,Standard
4123,Bangalore,4881.84161917322,5,2,30.054853068625462,233.1837683638529,0,0,4776.553328728113,1.6666666666666667,0.0,Old,Premium,Spacious
4124,Chennai,3485.131749304218,3,3,31.460007872483043,229.20372975296576,1,5,6576.615928471705,0.75,1.4346659924687826,Old,Premium,Spacious
4125,Mumbai,2337.068837058344,1,1,23.82228681469143,260.0035324716235,1,7,11125.197869605268,0.5,2.9952048861388536,Old,Premium,Large
4126,Delhi,1762.0845089209358,1,2,6.244165662032309,354.7642199146665,2,6,20133.212574005134,0.3333333333333333,3.405058026231827,Medium,Luxury,Standard
4127,Chennai,3789.9634235160297,3,3,8.524876089394711,196.4556638966397,1,5,5183.576777487303,0.75,1.3192739457525935,Medium,Mid-Range,Spacious
4128,Chennai,1589.8255051719543,2,1,42.60739919260046,434.66529568589937,2,9,27340.44046166477,1.0,5.660998625774699,Old,Luxury,Standard
4129,Mumbai,1272.6949503815968,1,2,43.39555658696306,34.05506468871019,1,2,2675.8230382307506,0.3333333333333333,1.5714684806444252,Old,Budget,Standard
4130,Chennai,2884.2525003293163,3,4,33.69492689303601,231.0868136136523,3,6,8012.0174494870835,0.6,2.0802616966839538,Old,Premium,Large
4131,Chennai,1804.9432668986385,4,4,33.21089861394412,265.27608799036057,1,5,14697.19812557731,0.8,2.770170171936373,Old,Premium,Standard
4132,Chennai,3330.0731521562675,5,3,29.884106401390376,311.37547436628614,2,7,9350.40943964448,1.25,2.1020559249478965,Old,Luxury,Spacious
4133,Delhi,1030.724036934051,1,4,10.146294285099412,152.51451793561438,1,3,14796.833339530702,0.2,2.910575374688724,Old,Mid-Range,Standard
4134,Mumbai,3447.2349705529477,4,1,21.41253501299516,225.19038607320093,3,8,6532.4930849456905,2.0,2.320700523270908,Old,Premium,Spacious
4135,Chennai,1774.83437598966,1,2,34.794732573168936,252.5781201027472,3,0,14231.081137467145,0.3333333333333333,0.0,Old,Premium,Standard
4136,Chennai,501.09320495530727,2,3,26.86261360016693,349.7167897679424,3,6,69790.76672954162,0.5,11.973820320583158,Old,Luxury,Compact
4137,Delhi,1071.2122595337937,3,2,0.929016702754959,391.30120867319073,2,8,36528.82098674733,1.0,7.468174424629634,Brand New,Luxury,Standard
4138,Mumbai,4701.269200257923,1,2,47.67784033600492,374.15711712501786,0,9,7958.640554012322,0.3333333333333333,1.91437665375687,Old,Luxury,Spacious
4139,Bangalore,4403.09587601911,3,2,42.24080262860717,183.95986509900092,2,0,4177.966373635298,1.0,0.0,Old,Mid-Range,Spacious
4140,Delhi,1551.2406441630658,1,1,13.027250705486892,499.7362510361425,3,9,32215.262855349116,0.5,5.801807755530884,Old,Luxury,Standard
4141,Mumbai,4002.6735704547104,2,3,30.822946758314806,427.3593496578461,1,2,10676.847415496271,0.5,0.4996660269183022,Old,Luxury,Spacious
4142,Chennai,3238.5721692828843,2,4,46.16196918640939,144.81121910958507,3,6,4471.452588986169,0.4,1.8526683014535315,Old,Mid-Range,Spacious
4143,Mumbai,4869.071201524413,4,2,4.800550605682568,113.65078672295722,0,8,2334.136881945274,1.3333333333333333,1.6430238271100561,Recent,Mid-Range,Spacious
4144,Mumbai,2181.225467903266,2,2,25.15147403983503,170.73020028002742,0,0,7827.2605373595,0.6666666666666666,0.0,Old,Mid-Range,Large
4145,Mumbai,3566.572756327271,3,2,22.812151292314724,237.12552943982956,3,5,6648.554386536977,1.0,1.4019060710677387,Old,Premium,Spacious
4146,Bangalore,785.9107509076337,2,1,20.510250264176616,428.3837015934146,2,1,54507.9324972565,1.0,1.2724091111428604,Old,Luxury,Compact
4147,Mumbai,2283.113060673827,1,4,41.77943044464625,393.6138866213765,0,4,17240.227538499876,0.2,1.7519938319740762,Old,Luxury,Large
4148,Bangalore,4837.179475346812,2,2,19.03230733487287,428.5981392828205,3,6,8860.496937672366,0.6666666666666666,1.240392263834663,Old,Luxury,Spacious
4149,Chennai,2925.4139350255423,3,1,3.18316666205038,150.53941515695766,2,6,5145.918440962211,1.5,2.0509918026173666,Recent,Mid-Range,Large
4150,Bangalore,1795.4577650068006,1,1,3.291887108215125,304.8613867768814,1,9,16979.59109473826,0.5,5.012649239324162,Recent,Luxury,Standard
4151,Chennai,1041.2193340787308,4,2,2.137230326230449,155.95954989313975,2,6,14978.549167177396,1.3333333333333333,5.762474632982868,Recent,Mid-Range,Standard
4152,Chennai,3665.877530816887,4,2,20.457271093701863,72.3311171453567,0,3,1973.0914777515434,1.3333333333333333,0.8183579442522986,Old,Budget,Spacious
4153,Bangalore,3401.8521954337707,4,1,35.920313884917995,348.4149168678467,2,5,10241.918133172163,2.0,1.4697875488862764,Old,Luxury,Spacious
4154,Delhi,2182.724211216986,1,1,10.186123096525773,88.63882457381061,2,9,4060.9264385439556,0.5,4.123287749203101,Old,Budget,Large
4155,Hyderabad,4779.236083396254,4,2,32.323426021577475,340.4949256191063,1,5,7124.463401212468,1.3333333333333333,1.0461923020230601,Old,Luxury,Spacious
4156,Mumbai,599.9126584453264,2,1,34.35442360518521,331.0228663545964,3,6,55178.51002051567,1.0,10.001455904512833,Old,Luxury,Compact
4157,Hyderabad,1866.757332343216,1,1,12.760106200779898,408.91925332352815,2,8,21905.324609612708,0.5,4.285506134832284,Old,Luxury,Standard
4158,Mumbai,4644.812688348116,1,2,30.027882803031464,86.9862101905109,1,5,1872.7603463692467,0.3333333333333333,1.076469673910188,Old,Budget,Spacious
4159,Mumbai,1944.2094724374815,1,2,34.243417001342365,396.0704712842292,0,9,20371.800307487978,0.3333333333333333,4.629130825453998,Old,Luxury,Standard
4160,Chennai,1635.1377523482668,5,3,23.33068114010629,499.65273245419377,3,0,30557.22563659414,1.25,0.0,Old,Luxury,Standard
4161,Mumbai,2903.991844690613,3,4,16.835829864004754,428.500375321233,0,7,14755.56400423999,0.6,2.4104750889015563,Old,Luxury,Large
4162,Mumbai,4207.107874642421,5,2,30.957577578716368,380.86979663727976,3,1,9053.007623904852,1.6666666666666667,0.2376929781209839,Old,Luxury,Spacious
4163,Bangalore,964.1604239526248,5,2,48.89235436640285,337.83937025345966,2,2,35039.746691579596,1.6666666666666667,2.0743435950221834,Old,Luxury,Compact
4164,Hyderabad,4743.593193405813,5,2,21.342070468448902,222.4551126490061,2,4,4689.590856109805,1.6666666666666667,0.8432426299878539,Old,Premium,Spacious
4165,Bangalore,4077.827965315238,3,4,19.586754814256054,370.64008058796907,3,5,9089.154416040123,0.6,1.226142947306379,Old,Luxury,Spacious
4166,Mumbai,1315.626149981984,5,3,23.213345121305668,367.6054568674176,0,6,27941.48298682354,1.25,4.560566084888296,Old,Luxury,Standard
4167,Chennai,3704.035825391732,4,1,3.810919672252411,323.1191756898984,0,3,8723.43548825492,2.0,0.8099273714996332,Recent,Luxury,Spacious
4168,Bangalore,2232.3142518690074,1,4,27.6581639835695,402.21362158295767,0,2,18017.78675409181,0.2,0.8959312060680964,Old,Luxury,Large
4169,Bangalore,2310.3260513434343,1,2,16.434869360863182,235.40666644488064,2,8,10189.326580462257,0.3333333333333333,3.46271470875207,Old,Premium,Large
4170,Delhi,4024.8054159748986,2,2,6.071106116563124,78.20130182354751,3,3,1942.983417612138,0.6666666666666666,0.7453776493374481,Medium,Budget,Spacious
4171,Mumbai,4832.531635913295,4,3,23.31283705586867,288.35250925243395,3,8,5966.903705493043,1.0,1.6554470001908406,Old,Premium,Spacious
4172,Chennai,1069.951427812373,3,3,0.1691993286988713,147.22089378144446,0,8,13759.586646138967,0.75,7.4769749280645685,Brand New,Mid-Range,Standard
4173,Bangalore,2392.836065954687,1,3,20.089262258137943,204.5278867659921,2,2,8547.509362468178,0.25,0.8358282577131106,Old,Premium,Large
4174,Bangalore,2664.237236379366,5,1,5.286763396322525,28.35915389178849,3,2,1064.438012672171,2.5,0.7506839003263657,Medium,Budget,Large
4175,Chennai,2193.403176297489,2,4,1.2146351699890146,203.739482200584,3,7,9288.738358831984,0.4,3.191387737395433,Brand New,Premium,Large
4176,Mumbai,2134.3510567230123,2,4,41.2237523122251,408.2245309450182,0,0,19126.400488764393,0.4,0.0,Old,Luxury,Large
4177,Delhi,735.2090040271844,1,3,45.81244016413174,280.5067361303623,0,5,38153.332534538786,0.25,6.800787221881093,Old,Premium,Compact
4178,Bangalore,3584.923792531805,4,1,10.383732417955333,24.7042529283061,3,5,689.1151488288417,2.0,1.3947297876780853,Old,Budget,Spacious
4179,Delhi,2462.964877040205,2,4,26.964913191713062,245.52503371512668,2,8,9968.677832311563,0.4,3.2481177764961724,Old,Premium,Large
4180,Hyderabad,1376.5721118976703,1,2,13.897907856549246,159.89679086979555,1,1,11615.576800358842,0.3333333333333333,0.726442146660557,Old,Mid-Range,Standard
4181,Mumbai,4172.150760359307,4,2,24.67887193360911,249.2243145906421,3,7,5973.521306051242,1.3333333333333333,1.6777917199226897,Old,Premium,Spacious
4182,Hyderabad,4111.523366682326,1,2,21.83156604470801,214.25250629498095,3,6,5211.024897272218,0.3333333333333333,1.4593131219004905,Old,Premium,Spacious
4183,Hyderabad,2688.762326400022,1,4,13.452552754024282,467.3500253875431,2,1,17381.604197544562,0.2,0.3719183321565271,Old,Luxury,Large
4184,Hyderabad,1843.0279751649225,4,3,35.01967898176488,39.765103502247584,3,0,2157.596305541115,1.0,0.0,Old,Budget,Standard
4185,Mumbai,3371.417266084036,4,2,6.324547966012712,348.1222454153275,1,3,10325.694446587384,1.3333333333333333,0.8898334923355707,Medium,Luxury,Spacious
4186,Mumbai,1796.6846109983137,4,3,2.653639108568356,428.4927662248359,2,1,23849.080890538004,1.0,0.5565807119839234,Recent,Luxury,Standard
4187,Chennai,1562.035686456704,1,1,38.38377165186396,480.4345206322282,1,2,30756.94907598673,0.5,1.2803804787179778,Old,Luxury,Standard
4188,Delhi,3787.31594311847,2,2,33.29650156103399,105.26538874126204,1,1,2779.41925950299,0.6666666666666666,0.26403923385821404,Old,Mid-Range,Spacious
4189,Delhi,681.4635787442782,3,1,24.926306207319897,275.0263049437731,3,8,40358.181056507754,1.5,11.739438833607908,Old,Premium,Compact
4190,Chennai,926.4581196556728,3,3,23.38948852362708,40.92299711226172,1,3,4417.144849188774,0.75,3.2381388174513264,Old,Budget,Compact
4191,Chennai,530.546783106154,1,4,24.87056897457131,259.60809173844245,3,0,48932.17714346201,0.2,0.0,Old,Premium,Compact
4192,Hyderabad,1188.2443391394177,1,3,21.851203804933643,80.21988297967133,3,7,6751.126879995938,0.25,5.891044265415755,Old,Budget,Standard
4193,Chennai,810.4550391970675,2,2,19.64461479155896,422.1904038553824,2,3,52093.00743859327,0.6666666666666666,3.7016242171461533,Old,Luxury,Compact
4194,Bangalore,4981.110655009634,4,2,24.984530144306017,74.65760125057513,2,9,1498.8143492754978,1.3333333333333333,1.806825951748023,Old,Budget,Spacious
4195,Delhi,1799.644864793403,1,3,26.425758557988026,266.37841298551774,2,7,14801.721061566092,0.25,3.889656307720241,Old,Premium,Standard
4196,Chennai,1171.7060570116128,5,2,34.59511570418105,270.12611311652176,3,7,23054.085237509746,1.6666666666666667,5.974194601206728,Old,Premium,Standard
4197,Bangalore,1584.4831609816308,4,2,35.56035803670113,486.3922390071706,1,8,30697.21729991988,1.3333333333333333,5.048964985556414,Old,Luxury,Standard
4198,Bangalore,4712.565071930606,1,1,18.881454007007232,334.3907331386663,1,9,7095.726595488172,0.5,1.9097879525540329,Old,Luxury,Spacious
4199,Bangalore,2840.7210036097804,5,4,20.67702613717444,158.16334067686492,2,6,5567.718212238461,1.0,2.1121398378706107,Old,Mid-Range,Large
4200,Bangalore,2141.6814333853563,2,3,18.68485848681115,135.58366877030647,2,3,6330.711311998879,0.5,1.4007685518652975,Old,Mid-Range,Large
4201,Hyderabad,4430.261560591487,5,1,26.82678868128552,81.55913870963116,3,1,1840.955383653288,2.5,0.22572030710224916,Old,Budget,Spacious
4202,Bangalore,2277.456217470646,1,2,22.667676895709764,383.12706754354855,0,5,16822.587613519583,0.3333333333333333,2.1954318865251445,Old,Luxury,Large
4203,Hyderabad,2007.538564809631,3,1,44.47982315680968,351.5631949675225,0,3,17512.151503842233,1.5,1.4943673076011277,Old,Luxury,Large
4204,Hyderabad,1432.77135147381,1,4,34.81806334582363,312.74102110789084,3,5,21827.699219850536,0.2,3.4897403517014673,Old,Luxury,Standard
4205,Bangalore,2200.085707592352,3,3,44.93281918772228,39.6034126159944,0,7,1800.084991204007,0.75,3.1816942293854544,Old,Budget,Large
4206,Delhi,1925.079602076167,2,4,35.45684957797128,386.15785586926137,0,2,20059.318869349427,0.4,1.0389180779033929,Old,Luxury,Standard
4207,Bangalore,3547.8678168416345,2,4,48.549607426190704,328.10603703127003,0,0,9247.97805244489,0.4,0.0,Old,Luxury,Spacious
4208,Bangalore,1803.122171018272,4,1,31.786838912763454,482.6666566930344,2,4,26768.38344350563,2.0,2.2183743643621727,Old,Luxury,Standard
4209,Bangalore,3097.398858901526,4,1,48.177506908152736,301.8570223408698,1,2,9745.50053421023,2.0,0.6457030854299752,Old,Luxury,Spacious
4210,Delhi,796.5147426438772,3,4,7.908494520471304,165.8969151976199,1,5,20827.85243207892,0.6,6.2773477153774495,Medium,Mid-Range,Compact
4211,Mumbai,1360.8012051343146,3,2,2.6238840414701925,203.1298650508737,2,2,14927.225540693451,1.0,1.4697223903491436,Recent,Premium,Standard
4212,Mumbai,2333.3237222510697,2,3,28.95625926019296,104.4035385815516,2,0,4474.455798221966,0.5,0.0,Old,Mid-Range,Large
4213,Hyderabad,4716.271642589129,5,2,49.17466028998874,366.9988074566649,2,8,7781.54515406985,1.6666666666666667,1.6962551367393623,Old,Luxury,Spacious
4214,Hyderabad,2197.6339357206293,3,2,20.88026236511984,359.70639681042815,0,4,16367.89416852886,1.0,1.820139348498163,Old,Luxury,Large
4215,Delhi,3488.3335453992536,3,3,10.60216810964798,116.3120074292846,3,1,3334.3143915434334,0.75,0.2866698344597509,Old,Mid-Range,Spacious
4216,Chennai,1647.8925008962915,5,1,26.077072459675698,96.07487512749373,3,1,5830.166414085776,2.5,0.606835700421052,Old,Budget,Standard
4217,Mumbai,1071.6510918795427,4,2,32.43993122894443,56.9623679370534,0,8,5315.383744642904,1.3333333333333333,7.465116268363983,Old,Budget,Standard
4218,Hyderabad,763.4147003602257,4,1,15.758934775794447,457.74835696724415,0,0,59960.64219764835,2.0,0.0,Old,Luxury,Compact
4219,Mumbai,1874.360743442381,3,3,35.738467924962976,131.87352017352853,2,9,7035.653122532568,0.75,4.801637054919821,Old,Mid-Range,Standard
4220,Delhi,1209.4746205860858,4,2,48.75572535228629,185.1984928408659,2,2,15312.309137261815,1.3333333333333333,1.6536105561527552,Old,Mid-Range,Standard
4221,Delhi,1283.047016072559,4,1,44.848156085530846,154.6421640211955,1,9,12052.727771002443,2.0,7.014551990112754,Old,Mid-Range,Standard
4222,Chennai,3923.4168877412753,4,1,14.579268675609764,218.5398092531797,2,6,5570.139893520054,2.0,1.5292792409460776,Old,Premium,Spacious
4223,Chennai,571.271319251934,2,2,16.336184157229916,362.743423703592,0,0,63497.57312840346,0.6666666666666666,0.0,Old,Luxury,Compact
4224,Delhi,3010.145565809455,1,3,18.57706122247943,437.88590418861656,1,1,14547.000954449362,0.25,0.3322098477091725,Old,Luxury,Spacious
4225,Hyderabad,2207.5762126705918,3,4,19.727638919682267,107.64739977369928,2,5,4876.27105038761,0.6,2.264927467193218,Old,Mid-Range,Large
4226,Mumbai,2779.4749995884627,3,1,5.015974959663971,349.4779249957593,1,8,12573.522879230935,1.5,2.8782413949341166,Medium,Luxury,Large
4227,Bangalore,3032.736067465713,2,3,38.09814194446447,189.22982827639288,1,8,6239.574564578632,0.5,2.6378820385399213,Old,Mid-Range,Spacious
4228,Chennai,1910.154625057752,1,2,18.266963180535026,490.6530407827005,2,7,25686.561409543796,0.3333333333333333,3.664624794334836,Old,Luxury,Standard
4229,Bangalore,1827.989870829284,1,1,43.99099883527261,163.48119645635688,3,2,8943.222228151197,0.5,1.0940979662500439,Old,Mid-Range,Standard
4230,Hyderabad,3800.308322007076,2,1,46.34703115600544,23.452618883772782,0,1,617.1241093245463,1.0,0.26313654452959356,Old,Budget,Spacious
4231,Chennai,4420.746446545207,5,1,1.2215654653844057,267.5071875295257,0,0,6051.176894313434,2.5,0.0,Brand New,Premium,Spacious
4232,Bangalore,1366.6173460633754,5,3,49.42515349641031,92.35092045245013,1,8,6757.62829430437,1.25,5.853869792480308,Old,Budget,Standard
4233,Hyderabad,939.2844224081704,1,1,35.50113657500923,41.35732487283157,3,4,4403.06725909477,0.5,4.2585609902319685,Old,Budget,Compact
4234,Mumbai,4540.081128764117,5,1,26.019611299648115,355.1692313349001,3,2,7822.971027647316,2.5,0.44052076235572296,Old,Luxury,Spacious
4235,Hyderabad,2074.529586413294,5,2,19.476380418627663,371.4844556040591,2,9,17906.924925873333,1.6666666666666667,4.3383329208431896,Old,Luxury,Large
4236,Chennai,2980.928257982664,5,1,25.925906630485645,241.1355262959212,2,9,8089.2764074472925,2.5,3.0191937615066013,Old,Premium,Large
4237,Delhi,2117.944150340016,1,3,16.231236198922222,344.9050480431571,0,4,16284.898163522668,0.25,1.8886239277640242,Old,Luxury,Large
4238,Mumbai,1066.110513557231,5,2,31.13439068482741,278.35493515862424,2,2,26109.38843758824,1.6666666666666667,1.8759781228746284,Old,Premium,Standard
4239,Bangalore,3151.992402264776,3,4,4.649013822239562,322.3045317065272,2,8,10225.422227380506,0.6,2.538077183895438,Recent,Luxury,Spacious
4240,Chennai,2863.1338329633336,1,2,31.05613014559051,306.4179071302213,1,0,10702.185961495199,0.3333333333333333,0.0,Old,Luxury,Large
4241,Delhi,1413.4710163603877,2,1,13.767242506922203,339.59492674668434,3,0,24025.602422405736,1.0,0.0,Old,Luxury,Standard
4242,Hyderabad,2533.41070093525,5,4,0.8817414526173184,115.8227113631222,3,2,4571.8095104107815,1.0,0.7894495745445723,Brand New,Mid-Range,Large
4243,Delhi,4086.2637680704074,4,2,27.63528830814388,148.9791776176161,2,5,3645.853182110322,1.3333333333333333,1.2236116618485136,Old,Mid-Range,Spacious
4244,Chennai,3156.917463985511,1,1,28.92238779263482,231.18231176369216,2,1,7323.03946495426,0.5,0.3167646957540445,Old,Premium,Spacious
4245,Chennai,936.1279718014767,2,2,21.328450235576803,234.14144452120948,2,0,25011.691945346924,0.6666666666666666,0.0,Old,Premium,Compact
4246,Delhi,2966.096737531108,3,3,3.6143116275158422,391.71762156171405,0,7,13206.501885294823,0.75,2.3600039443846983,Recent,Luxury,Large
4247,Hyderabad,3662.322346803141,2,1,44.66714764020958,196.34895643017535,0,9,5361.323713123431,1.0,2.4574570853535445,Old,Mid-Range,Spacious
4248,Delhi,4067.165326013381,5,3,30.571540361394444,98.00247490840754,1,8,2409.60145587367,1.25,1.9669719223933215,Old,Budget,Spacious
4249,Chennai,3331.0291038542005,4,1,5.785664978448479,140.70366583571644,0,9,4224.029915346997,2.0,2.7018677169726497,Medium,Mid-Range,Spacious
4250,Chennai,1186.9617404335268,5,3,25.546528829707384,123.07208114442965,3,0,10368.66454511657,1.25,0.0,Old,Mid-Range,Standard
4251,Bangalore,3695.779699655723,2,4,24.86271579742357,371.19680924289054,0,2,10043.80237484039,0.4,0.5411577968747185,Old,Luxury,Spacious
4252,Bangalore,3548.038307366824,1,3,3.020093439646349,245.76301502047136,3,4,6926.729469357515,0.25,1.12738354365982,Recent,Premium,Spacious
4253,Mumbai,609.9209732328495,4,2,30.342985180147373,360.14273502607205,0,6,59047.44234603986,1.3333333333333333,9.837340021605357,Old,Luxury,Compact
4254,Chennai,2352.864504156094,4,1,40.41631994607823,219.78544676366093,0,9,9341.185876850643,2.0,3.825124644492882,Old,Premium,Large
4255,Bangalore,1998.27611133068,2,2,37.45040271242391,447.0730892018745,1,3,22372.93868784541,0.6666666666666666,1.5012940318854426,Old,Luxury,Standard
4256,Delhi,3512.3542891413954,5,3,10.148470708209167,492.0897477069126,2,5,14010.25372720032,1.25,1.4235465982055768,Old,Luxury,Spacious
4257,Hyderabad,1472.6111553991432,2,1,43.11462647771057,341.5244041772536,2,0,23191.757235105644,1.0,0.0,Old,Luxury,Standard
4258,Delhi,3158.923653384163,4,3,17.127108282967544,434.630027473385,2,3,13758.801261555172,1.0,0.9496905684270313,Old,Luxury,Spacious
4259,Hyderabad,4609.426828163776,2,4,47.325418914597066,263.80796824259005,1,7,5723.227162013141,0.4,1.5186269922389763,Old,Premium,Spacious
4260,Bangalore,4090.110674938735,4,4,3.587398211285686,468.6180033698758,3,4,11457.342859723352,0.8,0.9779686463031749,Recent,Luxury,Spacious
4261,Mumbai,4646.559812974387,5,4,24.31043442599213,419.16151312295744,0,7,9020.899977496276,1.0,1.5064908839555242,Old,Luxury,Spacious
4262,Delhi,4903.276851197105,1,3,29.856218858877455,496.0537144476988,1,0,10116.779645566827,0.25,0.0,Old,Luxury,Spacious
4263,Delhi,548.0155715277324,1,3,12.382504923730236,319.0849929573347,3,9,58225.53400586855,0.25,16.422891004557076,Old,Luxury,Compact
4264,Delhi,3302.335743698649,2,4,38.569009436011385,394.0192353287497,1,8,11931.531676650306,0.4,2.422527756381282,Old,Luxury,Spacious
4265,Hyderabad,2357.7772899150787,4,3,31.34478399053585,280.57670718954245,1,3,11900.051306357615,1.0,1.2723848061612522,Old,Premium,Large
4266,Bangalore,4369.345206508047,1,2,0.9054718643977776,144.37765005028297,3,8,3304.331501096217,0.3333333333333333,1.8309379602426856,Brand New,Mid-Range,Spacious
4267,Delhi,1633.166159041093,4,3,30.418429534811796,190.28248214228373,2,7,11651.140399211268,1.0,4.286152980361791,Old,Mid-Range,Standard
4268,Delhi,4914.632701017843,5,2,24.57391172092232,449.1225990710317,0,7,9138.477408047529,1.6666666666666667,1.424318036737571,Old,Luxury,Spacious
4269,Mumbai,3261.685862946863,2,4,9.801460085175384,46.85501436733787,2,1,1436.5274994632798,0.4,0.3065899176128879,Medium,Budget,Spacious
4270,Mumbai,4070.918310029739,4,3,49.78741135297648,303.9103453157159,1,2,7465.400240701361,1.0,0.4912896422098408,Old,Luxury,Spacious
4271,Bangalore,885.1979877024575,2,4,44.85810974138074,198.79233560197216,3,9,22457.386750046753,0.4,10.167216967313284,Old,Mid-Range,Compact
4272,Bangalore,1325.5604814148928,4,1,14.625384751453174,205.61241824266676,1,8,15511.35697883794,2.0,6.035182937455153,Old,Premium,Standard
4273,Chennai,3912.816528653914,4,3,27.05354603993081,444.5941790786083,2,2,11362.51024863559,1.0,0.5111407563717381,Old,Luxury,Spacious
4274,Mumbai,598.9393491769563,5,3,15.825106995514538,429.8347397821888,2,7,71765.98772026823,1.25,11.6873269549232,Old,Luxury,Compact
4275,Chennai,4175.950936522022,2,4,38.77478758180391,307.44434027478496,2,4,7362.259397876038,0.4,0.9578656600145392,Old,Luxury,Spacious
4276,Hyderabad,562.7705841136016,3,4,46.51657165982275,151.00104675408028,0,6,26831.72344409512,0.6,10.66153805720029,Old,Mid-Range,Compact
4277,Chennai,3457.03477577573,4,4,17.941430345719176,248.21904615777157,2,3,7180.114238280212,0.8,0.8677957251172935,Old,Premium,Spacious
4278,Delhi,2142.9226410431265,4,1,40.27921245718137,215.9808290188237,0,7,10078.797287506799,2.0,3.266566821372776,Old,Premium,Large
4279,Chennai,3251.726837236396,1,1,24.92037713566024,189.7366540171977,0,3,5834.950582086798,0.5,0.9225867208912494,Old,Mid-Range,Spacious
4280,Bangalore,3632.141331451012,2,4,19.828928065578864,69.33707770750229,2,4,1908.986225483761,0.4,1.1012787320150978,Old,Budget,Spacious
4281,Hyderabad,2041.138486338369,3,3,46.921092604938494,280.6946656233538,3,0,13751.867768996726,0.75,0.0,Old,Premium,Large
4282,Delhi,985.83101649876,5,3,25.52023443595157,164.87902297975214,1,9,16724.876801435017,1.25,9.129353661405439,Old,Mid-Range,Compact
4283,Chennai,813.4064048671954,3,4,23.370525012873244,337.18781260521365,1,7,41453.79364946926,0.6,8.60578421575484,Old,Luxury,Compact
4284,Hyderabad,3150.212101531465,5,2,33.62172009811715,173.21788919625476,0,6,5498.610366966893,1.6666666666666667,1.9046336585029051,Old,Mid-Range,Spacious
4285,Hyderabad,2842.949091803502,3,1,13.061710050914222,226.9584767047048,0,4,7983.205797073471,1.5,1.4069896684159373,Old,Premium,Large
4286,Delhi,3839.904541045096,3,1,16.239643539415788,45.13297961331561,0,5,1175.3672293382558,1.5,1.3021157027614974,Old,Budget,Spacious
4287,Chennai,2793.809795017717,2,2,46.60229181193113,496.41827355462925,1,0,17768.50644735753,0.6666666666666666,0.0,Old,Luxury,Large
4288,Hyderabad,2401.006055138956,1,4,33.92649227184712,263.6529839720844,0,7,10980.93790341673,0.2,2.915444542514859,Old,Premium,Large
4289,Hyderabad,2291.392302063039,3,3,41.33185738855028,31.63404519880295,3,8,1380.559984002803,0.75,3.491327082140084,Old,Budget,Large
4290,Mumbai,619.0110616895035,4,3,13.555588096771482,279.7907162053492,3,4,45199.63107633325,1.0,6.461920065018811,Old,Premium,Compact
4291,Hyderabad,2010.0074076349567,4,1,27.189509496493603,437.7699196667119,0,9,21779.517727340466,2.0,4.4775954386107,Old,Luxury,Large
4292,Mumbai,4892.090708860224,4,2,48.56981334947491,390.82502444777725,1,6,7988.916144582957,1.3333333333333333,1.2264694906685203,Old,Luxury,Spacious
4293,Chennai,4431.000093021899,1,3,15.93519495141088,356.435208382138,2,9,8044.125499872256,0.25,2.0311441685983103,Old,Luxury,Spacious
4294,Chennai,1982.2013016539795,3,1,8.023823815852094,86.94303420753675,1,3,4386.185910330607,1.5,1.5134688880976688,Medium,Budget,Standard
4295,Chennai,3145.079322798674,5,3,25.5443004112332,335.71379791398675,2,5,10674.255351221129,1.25,1.5897850218768759,Old,Luxury,Spacious
4296,Bangalore,4312.835354909723,5,3,19.39105443624381,387.82322144588494,2,1,8992.302963858516,1.25,0.2318660272670975,Old,Luxury,Spacious
4297,Chennai,2485.734515375309,2,3,7.978861639335677,294.7611507034384,0,3,11858.110706522246,0.5,1.2068867296341357,Medium,Premium,Large
4298,Hyderabad,580.8103868756793,1,1,44.4275691351684,448.5195221697687,3,4,77223.05459832848,0.5,6.886929177553065,Old,Luxury,Compact
4299,Delhi,835.2970781838803,3,2,49.53619552768889,152.955095256745,0,8,18311.460587088735,1.0,9.577430843399764,Old,Mid-Range,Compact
4300,Mumbai,2796.76724606918,4,4,28.429109034499888,136.22945587484026,2,8,4870.961502653072,0.8,2.860445398609375,Old,Mid-Range,Large
4301,Bangalore,4862.477190541453,1,2,38.7338384186727,437.3934775724701,0,7,8995.28080919933,0.3333333333333333,1.4395954419316315,Old,Luxury,Spacious
4302,Chennai,3619.442939984905,1,3,42.951918477314976,320.1911566358972,2,3,8846.420898052134,0.25,0.8288568295574544,Old,Luxury,Spacious
4303,Chennai,819.1228614735628,3,2,35.04910030109134,20.69466585007968,0,5,2526.442225388627,1.0,6.104090405931583,Old,Budget,Compact
4304,Delhi,1352.1239410633823,2,3,2.2078024555865605,189.5030760853052,3,6,14015.214902286983,0.5,4.4374630296696616,Recent,Mid-Range,Standard
4305,Delhi,3970.954144475825,2,1,7.88171158584089,431.7708731910437,3,0,10873.227377649268,1.0,0.0,Medium,Luxury,Spacious
4306,Bangalore,4286.478919803101,2,1,3.5494595575693237,33.11336558803678,1,0,772.5073704446875,1.0,0.0,Recent,Budget,Spacious
4307,Mumbai,3279.6256378486587,4,1,0.493980332102828,21.559005565524263,2,3,657.3617829035621,2.0,0.9147385498449496,Brand New,Budget,Spacious
4308,Chennai,3399.904263334174,4,3,15.299820437861827,155.0044594520623,2,2,4559.083063711168,1.0,0.588251858021045,Old,Mid-Range,Spacious
4309,Bangalore,627.5185267252309,3,2,19.617798024077988,458.7200177644534,0,9,73100.63340413714,1.0,14.342206033290225,Old,Luxury,Compact
4310,Hyderabad,4228.386168116788,2,4,12.051486616796286,452.7092391056078,1,3,10706.43080140508,0.4,0.7094905433710944,Old,Luxury,Spacious
4311,Hyderabad,4047.238436768733,3,4,3.230232404316047,269.0057339847238,3,8,6646.649022227975,0.6,1.9766564597036946,Recent,Premium,Spacious
4312,Bangalore,1665.658148465062,2,1,26.49315454183388,285.55369814701885,0,1,17143.59566578307,1.0,0.6003632863811343,Old,Premium,Standard
4313,Chennai,3689.0452398447815,1,4,13.665965997857082,179.36384543225063,1,3,4862.066843067434,0.2,0.8132185443532881,Old,Mid-Range,Spacious
4314,Bangalore,1466.8457289124913,5,3,39.80185774317812,136.99359777334874,3,6,9339.33235602866,1.25,4.090409701399449,Old,Mid-Range,Standard
4315,Chennai,681.4857247318084,5,2,0.4026310812640599,411.3064900218167,0,1,60354.38089091038,1.6666666666666667,1.4673821676800927,Brand New,Luxury,Compact
4316,Delhi,1405.1144416566976,2,4,42.12635256438052,71.02153303982789,3,7,5054.501678602782,0.4,4.981800622408139,Old,Budget,Standard
4317,Bangalore,1303.8299453943478,3,4,47.737683947297846,253.93009802174515,2,9,19475.706852625106,0.6,6.902740677027417,Old,Premium,Standard
4318,Chennai,2019.8659853068125,4,2,35.80675315767848,324.51068455860053,1,3,16065.951252172217,1.3333333333333333,1.4852470519445415,Old,Luxury,Large
4319,Bangalore,2383.022737289561,2,4,36.68220326312833,69.76653937809402,3,8,2927.648917754186,0.4,3.3570808514815775,Old,Budget,Large
4320,Bangalore,2788.425011739685,2,2,46.67811558013666,269.4114058267262,1,0,9661.7769777729,0.6666666666666666,0.0,Old,Premium,Large
4321,Chennai,2645.3924397874766,4,3,10.453564265017455,297.2102181979727,0,6,11235.014273415318,1.0,2.268094483736418,Old,Premium,Large
4322,Chennai,1718.0357268438022,2,3,49.72827841042884,376.3981090435351,1,0,21908.63106991464,0.5,0.0,Old,Luxury,Standard
4323,Mumbai,631.2680085833351,1,3,38.67406016892709,132.72130359081578,0,9,21024.557206480855,0.25,14.257019011936654,Old,Mid-Range,Compact
4324,Bangalore,3222.957300067178,4,1,36.32853541638968,160.797201579564,1,8,4989.119824088653,2.0,2.4821923640853853,Old,Mid-Range,Spacious
4325,Hyderabad,2280.8517343130948,1,3,18.05452894976464,293.37015038385607,0,9,12862.306916771508,0.25,3.9458943624454643,Old,Premium,Large
4326,Bangalore,1844.0247082439737,5,4,27.288874270280527,491.9006767911748,0,9,26675.38426096262,1.0,4.880628746330905,Old,Luxury,Standard
4327,Bangalore,4401.2346927373055,4,1,32.69588941366735,124.39672775365491,0,0,2826.4052348521222,2.0,0.0,Old,Mid-Range,Spacious
4328,Chennai,3860.344885091719,4,1,31.0171430658608,493.2338370192628,3,2,12776.937079484389,2.0,0.5180884246181754,Old,Luxury,Spacious
4329,Bangalore,4359.944967675991,3,1,35.24923192387904,362.884415866151,2,6,8323.142116621291,1.5,1.3761641590623603,Old,Luxury,Spacious
4330,Bangalore,2727.4225762060746,3,3,4.119086953920531,416.5193934224111,1,0,15271.538670102302,0.75,0.0,Recent,Luxury,Large
4331,Hyderabad,1089.1906345704988,4,1,17.78242164158484,63.02780875344283,2,4,5786.664588637105,2.0,3.672451702247075,Old,Budget,Standard
4332,Chennai,3632.996462545726,5,3,21.700000829773856,164.2016899667035,2,5,4519.731622629864,1.25,1.3762743926528302,Old,Mid-Range,Spacious
4333,Bangalore,1427.3320097172889,2,3,13.031464893748325,47.7134142324709,2,2,3342.8392208426326,0.5,1.4012156851972648,Old,Budget,Standard
4334,Delhi,2485.533510912725,3,1,8.631363513461189,198.3425576015241,2,5,7979.878634937002,1.5,2.0116405504281154,Medium,Mid-Range,Large
4335,Mumbai,792.5035502699982,5,1,6.946373995643141,491.0190367616249,1,3,61957.96051567712,2.5,3.785472000696943,Medium,Luxury,Compact
4336,Hyderabad,4213.887810903421,5,4,18.319169612829256,70.53106985904247,1,5,1673.776641052084,1.0,1.1865527096052524,Old,Budget,Spacious
4337,Bangalore,1066.7328847137526,3,1,24.672085028128294,289.93893553817577,2,5,27180.08788263597,1.5,4.687209020786587,Old,Premium,Standard
4338,Delhi,4563.938781721894,2,3,3.1488220073330355,22.913898950629918,1,3,502.06411712614835,0.5,0.6573269589010904,Recent,Budget,Spacious
4339,Bangalore,4389.037710177007,3,4,47.32290472952748,362.08775170115007,1,0,8249.82093139836,0.6,0.0,Old,Luxury,Spacious
4340,Bangalore,2590.6224399766074,5,4,38.26216614303792,114.65249233857972,0,2,4425.673558961954,1.0,0.7720152381672644,Old,Mid-Range,Large
4341,Chennai,3849.656919367958,1,3,36.54258865927333,82.2005778198862,1,9,2135.270221258626,0.25,2.337870669648565,Old,Budget,Spacious
4342,Chennai,3287.50283218169,3,1,8.643026249436348,181.76854983717809,3,6,5529.0766005683045,1.5,1.8250934847159392,Medium,Mid-Range,Spacious
4343,Chennai,4113.840390519852,5,1,30.19003840060945,390.1012630107112,2,1,9482.654307874483,2.5,0.24308186635156095,Old,Luxury,Spacious
4344,Delhi,2443.122953536604,3,2,26.486247340433373,71.17428142938118,1,3,2913.250081267955,1.0,1.2279365619553753,Old,Budget,Large
4345,Bangalore,4036.138179099575,5,1,49.12344228933469,130.32271798337376,2,5,3228.8963410179267,2.5,1.23880793425052,Old,Mid-Range,Spacious
4346,Mumbai,2581.0556767931657,2,2,37.383588504007896,24.062922376308578,1,4,932.289938286243,0.6666666666666666,1.549753473342273,Old,Budget,Large
4347,Hyderabad,4734.346045292572,5,4,28.78809418581156,484.8391340938967,2,5,10240.889226421867,1.0,1.056112069579614,Old,Luxury,Spacious
4348,Chennai,2688.674453713164,4,4,42.540633323506114,304.22988799465463,3,4,11315.237052016517,0.8,1.487721949556163,Old,Luxury,Large
4349,Chennai,2581.786723701783,1,4,7.754713543035474,365.5518254646557,1,8,14158.869983672586,0.2,3.098629304487842,Medium,Luxury,Large
4350,Bangalore,4032.823377035808,5,2,0.7608264845488599,332.66392215488696,1,1,8248.90879301043,1.6666666666666667,0.24796523589263078,Brand New,Luxury,Spacious
4351,Bangalore,4197.09961292377,3,3,34.51166667072616,89.29498825744369,3,3,2127.540361026583,0.75,0.7147793182612003,Old,Budget,Spacious
4352,Delhi,2995.2010144452684,3,3,4.9155730118618735,305.5711707171172,1,0,10202.025481542214,0.75,0.0,Recent,Luxury,Large
4353,Delhi,1309.0901607278392,5,4,5.77168199917546,83.07948566780581,2,6,6346.353227619904,1.0,4.583335953471736,Medium,Budget,Standard
4354,Chennai,2604.912039309108,4,2,37.234036321226526,212.5934979023014,3,0,8161.254379963128,1.3333333333333333,0.0,Old,Premium,Large
4355,Bangalore,4856.326263093552,5,2,13.526742206699454,293.10230524414067,0,5,6035.473923398015,1.6666666666666667,1.0295848608851346,Old,Premium,Spacious
4356,Mumbai,3888.437868676333,2,4,31.431560778444645,288.2629347690348,2,9,7413.33523909854,0.4,2.3145541484667462,Old,Premium,Spacious
4357,Hyderabad,4150.231717456095,4,1,45.87034630463742,77.15524447171566,1,9,1859.0587158590833,2.0,2.1685536164512267,Old,Budget,Spacious
4358,Bangalore,647.7147446865806,5,4,15.823726581892917,36.529265430330646,2,8,5639.714971751432,1.0,12.35111608254507,Old,Budget,Compact
4359,Bangalore,2605.3675818537195,1,2,10.85720789199594,403.15247065943066,3,1,15473.919053394671,0.3333333333333333,0.3838229994742238,Old,Luxury,Large
4360,Delhi,3409.795101458999,4,1,5.328144187052586,368.4427697580826,1,0,10805.422578043812,2.0,0.0,Medium,Luxury,Spacious
4361,Hyderabad,4235.147076326336,5,3,6.523118070986306,59.27307419107427,1,9,1399.5517303849833,1.25,2.1250737785018807,Medium,Budget,Spacious
4362,Chennai,721.7314411224716,1,1,3.1111347689421365,81.15944902474565,3,2,11245.103704852121,0.5,2.7711138604263983,Recent,Budget,Compact
4363,Bangalore,4335.97498538843,5,3,4.382118941487007,448.4402126670177,0,5,10342.31549255225,1.25,1.153143183908863,Recent,Luxury,Spacious
4364,Chennai,2967.8042153386027,2,2,21.600229440457696,389.1818727784544,1,6,13113.461823628142,0.6666666666666666,2.0216967039099134,Old,Luxury,Large
4365,Bangalore,1387.9128675922698,3,4,16.043252251198485,498.1569421840036,1,7,35892.522781217434,0.6,5.04354427676969,Old,Luxury,Standard
4366,Chennai,1927.64847402365,5,4,35.3280407161499,141.9139756184104,1,3,7362.0256769216985,1.0,1.5563003526976016,Old,Mid-Range,Standard
4367,Hyderabad,1768.6829828820237,4,4,43.512082912350095,254.1454346570312,0,7,14369.190924362698,0.8,3.957747130349883,Old,Premium,Standard
4368,Delhi,2888.865654298141,5,4,39.23866015711921,133.50059650993074,2,6,4621.211661792045,1.0,2.076939781215862,Old,Mid-Range,Large
4369,Hyderabad,732.5855596000932,5,4,26.53186283328261,318.9440664691087,0,7,43536.76676936072,1.0,9.55519789909753,Old,Luxury,Compact
4370,Mumbai,1213.412713249656,5,2,5.122105811632672,75.39883476383264,2,4,6213.7831539531235,1.6666666666666667,3.2964876305668076,Medium,Budget,Standard
4371,Delhi,4157.11869519102,5,2,35.48836419707768,81.07672291665588,1,9,1950.3105121931187,1.6666666666666667,2.1649610366938172,Old,Budget,Spacious
4372,Hyderabad,1096.7179583606498,4,4,18.14143623634368,54.50618787445887,2,6,4969.936660464057,0.8,5.470868744566442,Old,Budget,Standard
4373,Mumbai,1550.2832125615714,4,1,4.282519695770509,352.92131948680014,2,3,22764.957823652072,2.0,1.935130288254251,Recent,Luxury,Standard
4374,Bangalore,2540.1677252187083,5,4,42.12332036063128,257.15483716793926,2,0,10123.537694574803,1.0,0.0,Old,Premium,Large
4375,Bangalore,2827.043996509987,3,3,16.91082585912528,316.51098385022243,2,2,11195.828018274857,0.75,0.7074527324190989,Old,Luxury,Large
4376,Chennai,3936.2471582637136,5,3,10.912441625578568,442.0645023628923,1,9,11230.608358390988,1.25,2.2864417904006613,Old,Luxury,Spacious
4377,Delhi,2512.995919997845,4,3,43.57260323094216,375.3576726825721,3,8,14936.660648573357,1.0,3.183451248900898,Old,Luxury,Large
4378,Bangalore,4054.3907946599247,2,3,45.10669342235025,241.6270007200117,0,3,5959.6376609344325,0.5,0.7399385387198806,Old,Premium,Spacious
4379,Delhi,3282.5583817045585,5,4,16.948541859577993,492.4908744292287,2,4,15003.263222191017,1.0,1.2185617237743964,Old,Luxury,Spacious
4380,Bangalore,1008.9488274072012,5,3,17.74007096406867,239.0029285481472,1,2,23688.31025477649,1.25,1.9822610876506037,Old,Premium,Standard
4381,Chennai,1203.4914727677738,5,1,28.98142637915721,73.97632315209593,1,5,6146.809082241867,2.5,4.154578668098966,Old,Budget,Standard
4382,Hyderabad,2466.6517645239687,5,4,36.67207469053291,496.4742786813037,1,3,20127.457220420278,1.0,1.2162235639204468,Old,Luxury,Large
4383,Chennai,2286.0022689006782,1,3,3.157460095343173,30.953950407126705,1,4,1354.0647281164875,0.25,1.7497795406491747,Recent,Budget,Large
4384,Mumbai,3845.9492133678255,5,4,29.667182859423587,283.94410855412104,2,6,7382.939628198484,1.0,1.5600830034741702,Old,Premium,Spacious
4385,Bangalore,3113.317129088083,4,4,47.64100308917908,168.36583457586045,0,6,5407.924332628981,0.8,1.9272048915098638,Old,Mid-Range,Spacious
4386,Mumbai,2246.598864510121,4,4,13.104694858997684,261.7050324881527,1,8,11648.94350399391,0.8,3.5609383260969594,Old,Premium,Large
4387,Mumbai,1268.4212755267354,1,2,45.44136070484669,288.18221724537034,0,1,22719.755873355036,0.3333333333333333,0.7883816041990714,Old,Premium,Standard
4388,Delhi,1520.766960464728,5,3,47.50841703815468,135.24603021367403,0,3,8893.277782175413,1.25,1.9726888326685081,Old,Mid-Range,Standard
4389,Bangalore,3089.754583110765,3,2,13.457682048554489,287.2922027538857,0,7,9298.22078181497,1.0,2.2655521050970977,Old,Premium,Spacious
4390,Mumbai,2405.474622049066,5,1,37.71009329426753,382.909333762658,3,3,15918.244584783133,2.5,1.2471551237753224,Old,Luxury,Large
4391,Hyderabad,2817.1737898730244,4,1,11.938750415978,147.92472187711925,1,2,5250.819896481662,2.0,0.7099313529003634,Old,Mid-Range,Large
4392,Mumbai,1268.0484588600516,2,2,36.88055808660664,204.04454399067535,1,9,16091.226054097888,0.6666666666666666,7.097520553820796,Old,Premium,Standard
4393,Hyderabad,3483.078135550546,2,3,39.870998564441294,148.7564927187478,1,5,4270.834214152215,0.5,1.43551186778349,Old,Mid-Range,Spacious
4394,Delhi,4336.424333851852,3,4,12.360285185532472,413.8686708743372,0,2,9544.007666489506,0.6,0.46120947721541117,Old,Luxury,Spacious
4395,Mumbai,1660.7277805410529,5,1,35.79347717916175,367.9914844206064,1,1,22158.44696117009,2.5,0.602145644648762,Old,Luxury,Standard
4396,Chennai,2711.81401624322,1,1,40.60522694320449,438.17428986483554,1,8,16157.977178385381,0.5,2.950054816473995,Old,Luxury,Large
4397,Delhi,4889.872980594058,5,1,17.928943605345587,101.62394859279644,0,2,2078.253341060209,2.5,0.4090085791465743,Old,Mid-Range,Spacious
4398,Hyderabad,1999.5878324782743,3,3,8.385138799486347,55.31822631668074,1,0,2766.481442734113,0.75,0.0,Medium,Budget,Standard
4399,Delhi,3177.708552156925,3,2,4.598228365875679,77.30408185216321,2,8,2432.698927020595,1.0,2.517537360237099,Recent,Budget,Spacious
4400,Mumbai,905.8806509010996,3,2,28.769085180497093,97.28879975563346,3,4,10739.692878842056,1.0,4.41559271193298,Old,Budget,Compact
4401,Bangalore,3227.067511157494,2,3,48.90490596578566,275.87967712390514,2,6,8548.92797160453,0.5,1.8592731572101204,Old,Premium,Spacious
4402,Bangalore,903.3429798707806,5,1,41.14751600111081,486.0377937741271,2,1,53804.34725287319,2.5,1.1069992486608418,Old,Luxury,Compact
4403,Hyderabad,4816.559458957199,5,3,21.79198194672764,191.47299997605535,2,0,3975.3064735862285,1.25,0.0,Old,Mid-Range,Spacious
4404,Hyderabad,3720.481934325401,1,3,26.83104514274793,480.0839692928985,0,5,12903.811327871625,0.25,1.343911914709136,Old,Luxury,Spacious
4405,Bangalore,4046.719046610679,3,2,13.976394270590948,38.33638159480627,1,4,947.3447786525933,1.0,0.9884550802582136,Old,Budget,Spacious
4406,Hyderabad,3668.469623472366,3,3,8.153293368003178,464.898657351036,2,9,12672.822868054423,0.75,2.45333910969695,Medium,Luxury,Spacious
4407,Delhi,3153.780662344096,4,3,24.104057911613666,106.95325150638617,2,5,3391.271079292227,1.0,1.5853987754125147,Old,Mid-Range,Spacious
4408,Chennai,2524.607514884774,4,1,23.17507830835926,457.9879931452874,1,1,18140.95816656834,2.0,0.3961011737880536,Old,Luxury,Large
4409,Chennai,4362.680208924781,2,4,26.09649764018801,46.98916645542136,0,6,1077.0710711111744,0.4,1.3753013543660009,Old,Budget,Spacious
4410,Delhi,4805.760503943784,5,1,47.64022927819704,475.1453347976157,2,0,9886.99570874774,2.5,0.0,Old,Luxury,Spacious
4411,Chennai,2745.6627780683657,1,2,30.19476500723861,116.3831668730532,1,7,4238.800474795791,0.3333333333333333,2.5494755058465897,Old,Mid-Range,Large
4412,Mumbai,4691.907721198679,1,4,30.288591831118687,165.30274883511714,1,6,3523.145779024101,0.2,1.2787975289648563,Old,Mid-Range,Spacious
4413,Delhi,3124.998094948329,3,1,6.401238143053839,255.6523251694199,3,6,8180.879392620784,1.5,1.9200011704644604,Medium,Premium,Spacious
4414,Hyderabad,2922.7288410339493,1,3,49.82444330884102,202.7460229930281,2,5,6936.874202852986,0.25,1.7107300307171813,Old,Premium,Large
4415,Delhi,2545.172298299105,3,3,38.64224721173343,340.413425246312,2,9,13374.867606165779,0.75,3.5361063791298313,Old,Luxury,Large
4416,Bangalore,1441.794926885539,5,4,43.86016720470024,487.90772828003713,3,4,33840.29997483623,1.0,2.774319652130078,Old,Luxury,Standard
4417,Hyderabad,516.7384736812663,1,4,20.715020591549703,311.08471558637154,1,8,60201.578057501916,0.2,15.481719297980018,Old,Luxury,Compact
4418,Bangalore,1586.7780208522756,3,3,25.10640478928125,366.3129965295436,1,2,23085.333406168113,0.75,1.2604157441793769,Old,Luxury,Standard
4419,Hyderabad,2793.754272216044,5,2,26.104190458113823,62.24252014673672,2,8,2227.916777282102,1.6666666666666667,2.8635302966908007,Old,Budget,Large
4420,Chennai,2209.8197851688865,5,1,9.704726964480258,321.3499659536026,2,4,14541.908263756597,2.5,1.8101023562400127,Medium,Luxury,Large
4421,Delhi,2518.1835260118523,3,3,34.47445781634786,237.84789298227832,3,7,9445.216781279143,0.75,2.7797815082549517,Old,Premium,Large
4422,Mumbai,4912.916988038223,3,1,45.148836180872834,445.1755318014216,2,2,9061.328186194014,1.5,0.40709012687768203,Old,Luxury,Spacious
4423,Hyderabad,2076.2256680119744,2,1,8.185290906920951,206.34132782868892,2,6,9938.289994568107,1.0,2.8898592732191366,Medium,Premium,Large
4424,Hyderabad,2534.8232271204856,5,1,4.315913674308225,346.1379891439612,0,9,13655.31077041486,2.5,3.550543447648553,Recent,Luxury,Large
4425,Bangalore,1100.819981087688,3,1,36.91094527701711,129.51378956435798,3,3,11765.210642015165,1.5,2.7252412306649703,Old,Mid-Range,Standard
4426,Chennai,715.8097959664444,5,2,13.660091583649104,144.49881609161406,1,4,20186.761470136105,1.6666666666666667,5.5880766406660225,Old,Mid-Range,Compact
4427,Bangalore,3989.3428156662258,1,2,31.193127080866468,200.53876684269133,2,3,5026.862220393087,0.3333333333333333,0.7520035601400166,Old,Premium,Spacious
4428,Bangalore,3068.074287823904,4,2,34.78791689960904,165.9504980031213,1,8,5408.9465389322495,1.3333333333333333,2.6074987922388826,Old,Mid-Range,Spacious
4429,Chennai,3923.171627197528,4,3,16.09553817909109,141.8618429072359,2,6,3615.998900577624,1.0,1.5293748451902498,Old,Mid-Range,Spacious
4430,Mumbai,1174.3825949894822,3,3,40.75722987128922,43.84097883238846,0,5,3733.1087006429193,0.75,4.257556286454314,Old,Budget,Standard
4431,Bangalore,3073.229470322109,3,3,27.499449105710845,421.6382392411804,3,5,13719.712221716652,0.75,1.6269530304471354,Old,Luxury,Spacious
4432,Bangalore,1641.39113453619,5,2,43.449970397590135,50.86473482781648,3,9,3098.879588026372,1.6666666666666667,5.483153777690617,Old,Budget,Standard
4433,Hyderabad,1526.2781760500895,3,1,38.16467762794738,445.93544748942446,1,6,29217.180359839578,1.5,3.931131358719691,Old,Luxury,Standard
4434,Chennai,551.8670632384336,5,2,43.42878160187269,80.22338675266893,0,4,14536.723079994446,1.6666666666666667,7.248122358539459,Old,Budget,Compact
4435,Delhi,1086.5332560608235,3,3,1.0080691058947044,51.32563379007634,1,9,4723.79777643945,0.75,8.283225524664646,Brand New,Budget,Standard
4436,Mumbai,1891.706501748629,5,4,12.175313036929737,290.2422867107346,0,2,15342.881490466123,1.0,1.057246458766869,Old,Premium,Standard
4437,Mumbai,1025.9544226592257,3,3,4.500397022296932,261.17206043586646,2,2,25456.497351892176,0.75,1.9494043359315065,Recent,Premium,Standard
4438,Chennai,4936.362981849219,2,1,22.10415085946746,255.79259303930485,2,6,5181.802755993482,1.0,1.2154697744192893,Old,Premium,Spacious
4439,Hyderabad,1888.846918357778,5,2,44.49800608076591,295.76207720067094,0,9,15658.340245900694,1.6666666666666667,4.7648117550070594,Old,Premium,Standard
4440,Hyderabad,1086.4577601604767,2,4,23.37701311334346,157.78717093719476,2,0,14523.083797927733,0.4,0.0,Old,Mid-Range,Standard
4441,Chennai,1395.87040772581,2,4,42.485652229019706,338.2156512462134,3,3,24229.7314546014,0.4,2.1491966470495507,Old,Luxury,Standard
4442,Hyderabad,3144.664527536644,2,1,16.358911900965893,261.153065459448,0,9,8304.639912226849,1.0,2.8619904988880007,Old,Premium,Spacious
4443,Mumbai,788.1958573915483,2,2,16.97850364026262,180.6768641395161,0,7,22922.83858702928,0.6666666666666666,8.881041348232618,Old,Mid-Range,Compact
4444,Mumbai,4380.953585635206,1,4,44.77808651634388,416.7203201507495,1,3,9512.091648657086,0.2,0.6847824203928474,Old,Luxury,Spacious
4445,Delhi,4826.748556567163,4,3,21.29085732558508,369.3061262368208,0,0,7651.240206709159,1.0,0.0,Old,Luxury,Spacious
4446,Chennai,1610.363393003214,1,1,39.48827438973332,208.93296413341852,1,4,12974.27431852964,0.5,2.4839114061952703,Old,Premium,Standard
4447,Bangalore,2525.428708658867,3,4,11.832177394095067,426.8565369098589,0,0,16902.339608570528,0.6,0.0,Old,Luxury,Large
4448,Bangalore,599.6050296327368,3,1,47.44004148388177,461.7239600536517,3,8,77004.68428966675,1.5,13.342116234248516,Old,Luxury,Compact
4449,Delhi,3383.196011272497,4,2,28.728912326528555,277.695808200494,3,7,8208.091026214184,1.3333333333333333,2.0690494954110394,Old,Premium,Spacious
4450,Delhi,2362.66726123665,4,2,37.966178428920095,123.17717607532197,3,6,5213.479616712912,1.3333333333333333,2.5395027469333638,Old,Mid-Range,Large
4451,Hyderabad,1715.2630974570006,4,2,4.475784989744275,459.5802351425537,1,4,26793.57095852607,1.3333333333333333,2.332003764279826,Recent,Luxury,Standard
4452,Delhi,1430.7669977747382,2,3,24.63321129152644,110.95021764584828,1,3,7754.597206841391,0.5,2.0967774659786524,Old,Mid-Range,Standard
4453,Delhi,3443.103849464422,1,4,45.05192488670116,43.2431486802892,2,6,1255.935068209334,0.2,1.7426137178329097,Old,Budget,Spacious
4454,Bangalore,2372.976639645415,3,2,43.851931452165225,177.1937642591028,1,2,7467.151648217666,1.0,0.8428232990523044,Old,Mid-Range,Large
4455,Hyderabad,1308.4668006346042,1,3,2.3406978617113774,368.9438453412991,1,7,28196.653148735753,0.25,5.349772723774888,Recent,Luxury,Standard
4456,Delhi,3600.990866690708,1,2,15.184923456447336,463.1715614497037,3,4,12862.336467833255,0.3333333333333333,1.110805372210227,Old,Luxury,Spacious
4457,Delhi,3042.8252736651216,1,2,22.166000323954005,325.8971104709311,0,4,10710.345851649376,0.3333333333333333,1.3145677586613278,Old,Luxury,Spacious
4458,Hyderabad,4364.024247182733,4,4,8.613240717789411,476.8825025439968,1,0,10927.58599707268,0.8,0.0,Medium,Luxury,Spacious
4459,Chennai,1028.641544944218,4,3,36.49991554949852,64.33800285243038,2,9,6254.65723882651,1.0,8.74940356457026,Old,Budget,Standard
4460,Hyderabad,4035.499708750053,3,2,9.225599779935578,49.16179020224963,0,7,1218.2330256561186,1.0,1.7346055024665497,Medium,Budget,Spacious
4461,Bangalore,3530.8255406776657,3,3,17.331984718494308,310.0121363569588,1,6,8780.160129278398,0.75,1.6993193039065955,Old,Luxury,Spacious
4462,Chennai,1017.54921572644,3,3,33.164031842890914,483.7358347965223,0,0,47539.30594415305,0.75,0.0,Old,Luxury,Standard
4463,Mumbai,3626.693284422743,1,2,24.104467226224,261.3062282982675,0,3,7205.082090085248,0.3333333333333333,0.8271998111573162,Old,Premium,Spacious
4464,Hyderabad,2486.9627999592367,4,2,36.92855193174469,44.72730845086646,0,3,1798.4711492909978,1.3333333333333333,1.206290661062229,Old,Budget,Large
4465,Bangalore,4752.431535001294,2,1,48.06039506114298,126.18495491717896,0,8,2655.1661815185853,1.0,1.683348816512266,Old,Mid-Range,Spacious
4466,Chennai,1137.251077780547,1,4,5.827334385759874,137.5005950795699,0,9,12090.610223726086,0.2,7.9138197147848395,Medium,Mid-Range,Standard
4467,Hyderabad,3392.750258670821,5,2,35.478385819903046,182.171421985736,1,1,5369.432115439743,1.6666666666666667,0.2947461274063156,Old,Mid-Range,Spacious
4468,Delhi,2218.910204583257,1,1,11.517207781605729,40.92962412138206,0,3,1844.5822655121474,0.5,1.3520150539681,Old,Budget,Large
4469,Hyderabad,4805.66601765895,4,4,20.72383637037846,454.3484962389998,0,9,9454.433466026272,0.8,1.8727893213819908,Old,Luxury,Spacious
4470,Mumbai,1984.887028806244,5,2,1.6431362897569912,267.4706934663177,2,2,13475.361044964893,1.6666666666666667,1.007614020835657,Brand New,Premium,Standard
4471,Hyderabad,4829.836592713101,1,3,6.795369114634947,342.0467806179724,2,9,7081.953479213504,0.25,1.8634170799025649,Medium,Luxury,Spacious
4472,Chennai,4556.686329953371,4,4,15.988864452444984,52.2429617096043,0,4,1146.5121346225935,0.8,0.8778308863846972,Old,Budget,Spacious
4473,Chennai,1716.7245588979536,4,3,17.099290264399247,45.97542454575171,1,6,2678.0897557186167,1.0,3.4950277660451734,Old,Budget,Standard
4474,Hyderabad,4115.937995718925,2,1,44.97926082310479,301.50453057946265,2,4,7325.293308428454,1.0,0.9718319382265928,Old,Luxury,Spacious
4475,Chennai,4980.218908115777,1,2,37.09064546332576,445.9020850420199,2,4,8953.46355790459,0.3333333333333333,0.8031775457664302,Old,Luxury,Spacious
4476,Delhi,1636.9835097707703,4,1,48.60914840935205,273.67136046058255,0,3,16718.027935351973,2.0,1.8326391085149631,Old,Premium,Standard
4477,Hyderabad,2465.4972619549385,3,2,29.953575516762022,441.3532028336343,1,8,17901.18405905984,1.0,3.2447815389811674,Old,Luxury,Large
4478,Delhi,2840.8133145504185,4,2,12.0856866045659,409.2758110665149,3,5,14406.994256547481,1.3333333333333333,1.7600593373701818,Old,Luxury,Large
4479,Delhi,1827.1901111173893,2,3,16.382751496082143,56.40981718156196,1,9,3087.244005883188,0.5,4.92559583441276,Old,Budget,Standard
4480,Bangalore,568.6917784071339,4,1,15.991796164598354,116.93958770513116,2,5,20562.911606120066,2.0,8.792108818602323,Old,Mid-Range,Compact
4481,Hyderabad,1490.5815988888698,1,3,16.32471638316258,335.7011211945644,2,5,22521.4856700772,0.25,3.3543953606613486,Old,Luxury,Standard
4482,Chennai,1768.715979537913,1,3,33.648208655590786,232.88066362401997,2,5,13166.651193192778,0.25,2.8269094969709485,Old,Premium,Standard
4483,Delhi,2496.198655931842,5,3,26.54039640452081,159.53591055052186,2,0,6391.154412787167,1.25,0.0,Old,Mid-Range,Large
4484,Bangalore,1269.9611528603084,1,1,19.271208904332216,220.94425090303,2,5,17397.717277052267,0.5,3.9371283040733958,Old,Premium,Standard
4485,Hyderabad,4429.644605112527,5,2,7.45448843643583,233.6958302099045,0,3,5275.724150424657,1.6666666666666667,0.6772552354510596,Medium,Premium,Spacious
4486,Hyderabad,3672.100097291013,3,2,1.1069581471072951,457.0650803943663,0,1,12446.96681148624,1.0,0.27232373124515896,Brand New,Luxury,Spacious
4487,Mumbai,883.4021490184789,2,1,10.94173387938463,69.65997617837745,0,5,7885.4207289142905,1.0,5.659936423694856,Old,Budget,Compact
4488,Mumbai,3425.4160301296915,3,2,5.373570198434063,154.2707584676552,2,0,4503.70866226764,1.0,0.0,Medium,Mid-Range,Spacious
4489,Delhi,3441.454143825292,5,1,39.27225154261197,278.0311119597027,0,0,8078.884690605285,2.5,0.0,Old,Premium,Spacious
4490,Mumbai,4802.995281396325,4,1,5.624897890694269,355.177724782684,2,4,7394.921376633684,2.0,0.8328136434972974,Medium,Luxury,Spacious
4491,Delhi,513.5939211027256,4,2,36.21141186534181,322.70589870043693,1,5,62832.889066825905,1.3333333333333333,9.735317718061413,Old,Luxury,Compact
4492,Chennai,1615.6960241261324,3,4,19.28293448880413,471.98851411394935,3,1,29212.705055038412,0.6,0.6189283040049947,Old,Luxury,Standard
4493,Delhi,4675.06165718892,4,3,3.6689194871887993,401.8922839133471,1,9,8596.513017006966,1.0,1.9251083001569722,Recent,Luxury,Spacious
4494,Mumbai,4694.602619292274,5,1,40.63650247157929,287.3968841477265,3,7,6121.857534153817,2.5,1.491074020031811,Old,Premium,Spacious
4495,Chennai,3742.638887167868,2,1,28.981528511830668,123.0476920032836,0,3,3287.7254715962276,1.0,0.8015734593807318,Old,Mid-Range,Spacious
4496,Mumbai,3945.93494471393,1,4,11.788075643178653,236.4196310730751,3,3,5991.473108034601,0.2,0.760276092239907,Old,Premium,Spacious
4497,Delhi,911.673310683412,5,1,44.7340587166334,352.8234772133491,1,9,38700.64781745824,2.5,9.87195730590532,Old,Luxury,Compact
4498,Bangalore,2812.441256502051,5,1,2.2629156935275727,422.2218439213208,1,4,15012.645791096646,2.5,1.422251928196703,Recent,Luxury,Large
4499,Hyderabad,1542.1234608004972,1,2,10.090980409888145,480.67338772274593,3,9,31169.578826927016,0.3333333333333333,5.8361086052917,Old,Luxury,Standard
4500,Mumbai,1315.4811962612775,1,2,37.60234639029305,310.6173277462005,1,3,23612.449089276564,0.3333333333333333,2.280534308302,Old,Luxury,Standard
4501,Delhi,4146.364846054997,2,4,35.46889651549446,272.9212963061276,0,4,6582.18237996579,0.4,0.9647004420765689,Old,Premium,Spacious
4502,Chennai,1107.6716150624634,2,1,14.463584686223902,28.49212309815119,1,9,2572.253609346528,1.0,8.125151784712363,Old,Budget,Standard
4503,Mumbai,2608.9323664837334,2,3,3.101243767639156,54.60755319208637,3,2,2093.0996101552964,0.5,0.766597105273204,Recent,Budget,Large
4504,Mumbai,4723.602078137149,4,2,42.90390361124719,94.93039886595211,0,7,2009.7035545252766,1.3333333333333333,1.4819199170901787,Old,Budget,Spacious
4505,Hyderabad,1336.2442500440416,5,3,15.684881903495128,46.28476697102148,3,5,3463.7954078751673,1.25,3.741830881468866,Old,Budget,Standard
4506,Delhi,4900.970406822055,1,3,9.785670746413262,212.4143546263647,2,7,4334.128488731294,0.25,1.428288567149097,Medium,Premium,Spacious
4507,Bangalore,4974.295935924765,5,4,25.80309111804885,181.70170166665864,2,4,3652.812458430435,1.0,0.8041339018677354,Old,Mid-Range,Spacious
4508,Chennai,3000.2771960708133,5,4,45.51135996412236,325.9299957768286,0,6,10863.329435149162,1.0,1.999815219692916,Old,Luxury,Spacious
4509,Delhi,1265.642330797211,2,1,2.1773288921687675,277.1192518080333,0,9,21895.542292227194,1.0,7.111013736662097,Recent,Premium,Standard
4510,Chennai,1922.4719957340303,2,4,38.29020440154439,306.06596450617263,1,6,15920.438122653215,0.4,3.1209817429403466,Old,Luxury,Standard
4511,Mumbai,2410.2177470444085,5,2,28.623661396935447,246.549057410074,3,5,10229.32711006759,1.6666666666666667,2.074501362431415,Old,Premium,Large
4512,Hyderabad,1891.9590096120032,2,1,21.272455827590846,153.31383130604345,2,9,8103.443601427948,1.0,4.756974096307557,Old,Mid-Range,Standard
4513,Hyderabad,1762.8601094443209,4,1,37.20402220525301,477.356151174309,1,3,27078.504336046186,2.0,1.7017799562925293,Old,Luxury,Standard
4514,Bangalore,4875.033691473609,1,3,48.29122122208162,61.4763966848667,2,5,1261.0455757954735,0.25,1.0256339374115415,Old,Budget,Spacious
4515,Hyderabad,1190.1417233708553,5,3,11.460310558134552,470.6676797433474,1,8,39547.195976817675,1.25,6.721888530503314,Old,Luxury,Standard
4516,Mumbai,3799.97558922588,1,3,7.182368253605981,169.39426249507264,1,3,4457.772386100542,0.25,0.7894787557335734,Medium,Mid-Range,Spacious
4517,Bangalore,501.8463024762869,4,1,45.64408726113485,266.0774937763028,2,5,53019.71788242385,2.0,9.963209802141082,Old,Premium,Compact
4518,Delhi,3182.822012310696,2,4,33.44765387286518,72.24431495722214,1,5,2269.819508530215,0.4,1.5709329584440228,Old,Budget,Spacious
4519,Hyderabad,4621.743517793236,3,4,21.899301078098297,54.04691281808445,2,2,1169.4052820112024,0.6,0.4327371244856419,Old,Budget,Spacious
4520,Bangalore,1795.7034234194855,4,4,28.66297851321416,226.1818153849294,0,3,12595.72223536894,0.8,1.6706544972149249,Old,Premium,Standard
4521,Mumbai,1334.8668886597363,3,1,37.2806952588122,376.0147406622455,3,2,28168.70684685126,1.5,1.4982767323025639,Old,Luxury,Standard
4522,Chennai,3432.5590769529213,1,1,38.65159493528586,149.2950932233035,1,2,4349.381609356964,0.5,0.5826556674373097,Old,Mid-Range,Spacious
4523,Chennai,3706.70633284277,5,1,45.99470904094823,289.9269866889536,2,9,7821.687521347315,2.5,2.4280315708467968,Old,Premium,Spacious
4524,Mumbai,3596.137335283916,2,1,21.34213944478113,153.7521634509528,2,3,4275.480859487643,1.0,0.8342284290883872,Old,Mid-Range,Spacious
4525,Mumbai,1936.9259600961832,4,1,14.67054550096975,206.5342692286596,3,3,10662.992467631731,2.0,1.5488459867877589,Old,Premium,Standard
4526,Chennai,1634.910809716989,2,4,31.983213339492096,455.0942328674359,3,5,27836.028128422182,0.4,3.0582708061398924,Old,Luxury,Standard
4527,Bangalore,4801.634599829199,3,1,20.78639496397652,430.8030202375614,3,3,8972.007579520641,1.5,0.6247872339362754,Old,Luxury,Spacious
4528,Chennai,4654.847787214682,3,4,29.72992269744889,267.6884208404623,1,5,5750.744880975771,0.6,1.0741489794216978,Old,Premium,Spacious
4529,Mumbai,2557.924744517692,5,1,20.99928992279751,134.2907011865978,2,1,5249.986399108036,2.5,0.39094191576326237,Old,Mid-Range,Large
4530,Hyderabad,4307.87239769468,3,4,7.649789333908724,112.72827811185095,1,3,2616.7970567600028,0.6,0.6963994573296608,Medium,Mid-Range,Spacious
4531,Delhi,2535.4556493543323,5,2,23.47133758294792,477.9619294571429,1,1,18851.125618342347,1.6666666666666667,0.39440642562793615,Old,Luxury,Large
4532,Hyderabad,2409.750581326297,4,2,34.54589109705164,117.30396632513,0,7,4867.888288279501,1.3333333333333333,2.9048649491962304,Old,Mid-Range,Large
4533,Hyderabad,1205.4332641968258,5,4,39.964190383382494,407.9207892380188,3,8,33840.180236756154,1.0,6.6366179178988896,Old,Luxury,Standard
4534,Mumbai,2418.827254213877,3,2,24.666313839827342,197.1057005770579,0,6,8148.812621226958,1.0,2.480540927239556,Old,Mid-Range,Large
4535,Chennai,2918.3762236991315,1,2,8.261894510520046,493.1167268279544,0,5,16896.955328224056,0.3333333333333333,1.7132815020204442,Medium,Luxury,Large
4536,Bangalore,601.2694734290891,5,4,20.73438548247158,196.71475537413815,1,7,32716.571199308983,1.0,11.642034577405745,Old,Mid-Range,Compact
4537,Hyderabad,2498.508523289329,2,1,39.31469644208491,188.72797995714853,1,3,7553.6256209638605,1.0,1.2007163361806144,Old,Mid-Range,Large
4538,Chennai,4016.1029827784014,1,1,20.64296353085364,325.9825418612591,2,9,8116.887023542893,0.5,2.2409783908911773,Old,Luxury,Spacious
4539,Bangalore,3560.2072536842143,5,4,34.82653968021111,481.5280671808732,0,1,13525.28189707419,1.0,0.2808825241747285,Old,Luxury,Spacious
4540,Hyderabad,3358.2064498877075,2,3,25.360684083904488,488.5806107822878,3,3,14548.85570833875,0.5,0.8933339997903686,Old,Luxury,Spacious
4541,Bangalore,4592.999427967411,1,3,12.061156255469834,359.4589503041529,0,4,7826.235468599396,0.25,0.8708905939860225,Old,Luxury,Spacious
4542,Chennai,581.144044213535,5,2,39.80752540115372,382.21105550544974,2,8,65768.72968262073,1.6666666666666667,13.765950248748462,Old,Luxury,Compact
4543,Delhi,3006.714137865053,4,3,4.210672703534351,290.43304446705326,0,4,9659.48311512175,1.0,1.330355935612901,Recent,Premium,Spacious
4544,Chennai,4043.069817843682,2,2,26.24451413775753,382.7723547835193,0,8,9467.36940070122,0.6666666666666666,1.9786944971102909,Old,Luxury,Spacious
4545,Mumbai,2936.0092221557024,4,1,10.444551712170249,432.6942343858384,0,8,14737.4957517382,2.0,2.7247870816039774,Old,Luxury,Large
4546,Bangalore,1957.529986611706,3,4,3.353281427068783,253.32574553361115,2,7,12941.091440039361,0.6,3.5759350037423028,Recent,Premium,Standard
4547,Delhi,1113.1275429139005,5,1,25.14669685416244,317.53388615844943,0,4,28526.28058481259,2.5,3.5934785959288735,Old,Luxury,Standard
4548,Bangalore,4494.033823172861,5,4,24.97810779674618,277.91201371186287,1,1,6184.02140809106,1.0,0.22251723937715798,Old,Premium,Spacious
4549,Bangalore,2618.430765744213,2,3,35.34504508378604,289.98589449376504,0,4,11074.797099374326,0.5,1.527632524155404,Old,Premium,Large
4550,Hyderabad,4451.518386435657,5,1,37.23753465259525,447.2229967394916,1,0,10046.527003061181,2.5,0.0,Old,Luxury,Spacious
4551,Mumbai,3136.3345509492574,3,1,36.38957443464484,190.6960784986737,0,7,6080.221207299353,1.5,2.231904755786129,Old,Mid-Range,Spacious
4552,Bangalore,3533.864524767504,5,2,20.47793664583775,119.92833228829964,1,1,3393.6878861022506,1.6666666666666667,0.28297632605646955,Old,Mid-Range,Spacious
4553,Chennai,4119.175194703025,1,4,31.584489361328128,239.014452931342,0,6,5802.483303907492,0.2,1.456602284776716,Old,Premium,Spacious
4554,Chennai,3466.199950700605,4,3,28.84726213219801,119.88089143100729,3,1,3458.568263114088,1.0,0.2885003791537979,Old,Mid-Range,Spacious
4555,Hyderabad,2291.24678305522,3,1,21.07808780584598,259.2322043177692,1,4,11314.02371123467,1.5,1.7457744096278776,Old,Premium,Large
4556,Mumbai,2811.350227678929,3,4,29.86063470929966,453.6838905713881,3,9,16137.579946627737,0.6,3.2013087204117094,Old,Luxury,Large
4557,Mumbai,4113.70486104146,4,3,47.36239383531313,316.3680898315893,1,6,7690.587937596838,1.0,1.4585392493327751,Old,Luxury,Spacious
4558,Chennai,2181.426333678429,4,1,9.644687184068868,430.6077695854773,0,5,19739.734637720503,2.0,2.292078317203017,Medium,Luxury,Large
4559,Delhi,2246.546555458237,3,4,45.28860478927631,99.77164141544566,2,4,4441.111677522963,0.6,1.7805106198585339,Old,Budget,Large
4560,Hyderabad,930.6055222610051,4,2,2.672775699159918,452.4193244178449,0,5,48615.58561555105,1.3333333333333333,5.372845830370712,Recent,Luxury,Compact
4561,Hyderabad,4615.629958497865,2,1,15.419460645083031,308.8578389154156,2,1,6691.564135178894,1.0,0.21665514978272765,Old,Luxury,Spacious
4562,Chennai,909.6634172544876,4,4,14.407262430576411,35.24469859543031,3,9,3874.476858902884,0.8,9.89376930993165,Old,Budget,Compact
4563,Chennai,3416.9412985185013,1,3,31.318255394045284,323.8970985368177,2,0,9479.153144282907,0.25,0.0,Old,Luxury,Spacious
4564,Delhi,2359.375154612589,1,3,6.561247588864516,476.6705390052406,2,0,20203.253309392003,0.25,0.0,Medium,Luxury,Large
4565,Delhi,2325.2872561494905,2,2,44.11738059198769,58.0001602281738,2,7,2494.322371345118,0.6666666666666666,3.0103807525232384,Old,Budget,Large
4566,Mumbai,3557.983264577077,4,1,41.427570423252064,299.57894262539463,2,2,8419.908705248066,2.0,0.5621161909084279,Old,Premium,Spacious
4567,Hyderabad,801.9217968344542,1,2,32.603290984263886,459.4297293774631,3,2,57291.088880616386,0.3333333333333333,2.4940087772833945,Old,Luxury,Compact
4568,Hyderabad,3171.676023281456,5,4,22.920691589609888,24.65368080049979,2,8,777.307663819736,1.0,2.5223257171528823,Old,Budget,Spacious
4569,Chennai,3974.143036875597,4,3,46.64780210710392,322.8382047035951,0,5,8123.4671653238975,1.0,1.2581328738310624,Old,Luxury,Spacious
4570,Mumbai,4226.957410489674,2,2,41.5373277360278,247.9531000788621,1,3,5865.994756974328,0.6666666666666666,0.7097303588995622,Old,Premium,Spacious
4571,Hyderabad,1267.3867522719888,4,1,24.965757404062245,186.5548729513331,1,3,14719.648332831659,2.0,2.3670753971682528,Old,Mid-Range,Standard
4572,Mumbai,4538.385725351782,3,4,35.09366772271556,321.2175151737805,0,6,7077.792294723519,0.6,1.322055982699647,Old,Luxury,Spacious
4573,Mumbai,3452.65741331349,3,1,28.34649760898423,45.29700540196012,3,5,1311.9461324860758,1.5,1.4481598958297854,Old,Budget,Spacious
4574,Chennai,4468.346603693073,1,2,29.397111919413227,381.4702622179521,0,1,8537.168130660863,0.3333333333333333,0.2237964259919997,Old,Luxury,Spacious
4575,Mumbai,2683.763226995892,3,3,16.548803471873562,22.15014892145966,0,8,825.3391617655385,0.75,2.980888894939853,Old,Budget,Large
4576,Delhi,2939.1500529374093,2,3,23.10423023124484,167.32915702032906,2,1,5693.113791624862,0.5,0.3402344153884189,Old,Mid-Range,Large
4577,Delhi,4635.67224662902,1,2,3.9060715394872094,261.90014608864567,2,7,5649.669177519935,0.3333333333333333,1.5100291020553227,Recent,Premium,Spacious
4578,Bangalore,4549.592945096023,2,1,17.867434583229624,200.9706802719448,3,3,4417.333214141054,1.0,0.6593996509585942,Old,Premium,Spacious
4579,Chennai,2516.723930160509,2,1,34.7914257681076,167.5884488986796,3,9,6658.992148097519,1.0,3.576077571379077,Old,Mid-Range,Large
4580,Bangalore,1734.856842360568,3,1,47.66080152530932,418.8008698246861,1,0,24140.370525030543,1.5,0.0,Old,Luxury,Standard
4581,Delhi,2269.2669555391885,3,1,48.153205638151015,468.7196356505163,3,0,20655.112194111436,1.5,0.0,Old,Luxury,Large
4582,Bangalore,2244.939478383874,2,3,27.786143456244584,439.38208875482655,0,8,19572.112878122512,0.5,3.5635704556985113,Old,Luxury,Large
4583,Chennai,1790.9009374225727,3,1,30.331112590479105,270.76703026399986,1,3,15119.040065593026,1.5,1.6751345299520237,Old,Premium,Standard
4584,Chennai,1708.6082194983496,3,2,9.286059275048377,444.39880409287184,1,0,26009.40338583576,1.0,0.0,Medium,Luxury,Standard
4585,Mumbai,4374.783214158737,3,2,34.765405404676535,462.013551287141,2,2,10560.833044066285,1.0,0.45716551017365015,Old,Luxury,Spacious
4586,Hyderabad,814.3786430809776,4,2,3.532939633719312,216.43443058278177,2,2,26576.63390630698,1.3333333333333333,2.455860080556079,Recent,Premium,Compact
4587,Mumbai,3549.2503194481737,2,2,14.234284289972226,156.05401256261382,1,6,4396.816186999079,0.6666666666666666,1.6904978403813629,Old,Mid-Range,Spacious
4588,Chennai,1277.690231554035,5,1,33.41816736427211,67.16729879039376,2,5,5256.931385371805,2.5,3.913311596597695,Old,Budget,Standard
4589,Delhi,2050.2765202732844,2,3,15.515506577174463,249.96412210362996,2,7,12191.727292975675,0.5,3.4141736155018543,Old,Premium,Large
4590,Delhi,776.9436536067658,1,4,2.492343705722716,474.22252181045184,2,6,61036.92585800693,0.2,7.72256774625355,Recent,Luxury,Compact
4591,Mumbai,1714.8813658495792,3,1,41.59352046754819,289.2356134737781,1,0,16866.217059305804,1.5,0.0,Old,Premium,Standard
4592,Chennai,3957.8948200275895,3,4,15.516500356728152,340.4298088573624,1,2,8601.28488343683,0.6,0.5053191383155701,Old,Luxury,Spacious
4593,Delhi,4482.568960462664,5,3,3.1552612429339213,74.18423287608684,1,8,1654.9490600236072,1.25,1.784690892780886,Recent,Budget,Spacious
4594,Chennai,1496.8721835606516,1,1,3.739408225143259,88.889438788283,0,3,5938.345288562929,0.5,2.0041791362999453,Recent,Budget,Standard
4595,Delhi,2585.9652766651484,4,4,12.587939939437682,242.9471657406428,1,2,9394.834800486826,0.8,0.7734055897994087,Old,Premium,Large
4596,Chennai,2616.4582157174286,2,3,8.900797361076313,476.6071035121884,2,4,18215.73532683011,0.5,1.5287842075869753,Medium,Luxury,Large
4597,Bangalore,4431.088875918804,4,4,38.71500588900754,193.17662796393387,1,7,4359.57466377557,0.8,1.5797471447801918,Old,Mid-Range,Spacious
4598,Chennai,3932.595737941124,1,2,16.084202333351723,441.1923398324161,0,0,11218.858210516153,0.3333333333333333,0.0,Old,Luxury,Spacious
4599,Chennai,2808.847482656224,5,2,40.23478925199163,77.73852484434153,2,1,2767.6306856941574,1.6666666666666667,0.3560179063387011,Old,Budget,Large
4600,Mumbai,3518.3624021229803,1,3,8.69229989115764,316.16825932818085,3,6,8986.233457286971,0.25,1.705338823646933,Medium,Luxury,Spacious
4601,Bangalore,4313.09774259215,5,3,24.64395897720419,308.2942289170487,1,0,7147.860941629518,1.25,0.0,Old,Luxury,Spacious
4602,Hyderabad,542.9252931149523,4,4,34.40185667765644,432.73988003372887,1,4,79705.23486775663,0.8,7.367496137545189,Old,Luxury,Compact
4603,Mumbai,2313.0051397252187,4,3,32.59954269329274,21.59201811435272,3,9,933.5049777242526,1.0,3.8910419373599776,Old,Budget,Large
4604,Hyderabad,4582.594252746854,1,2,30.05647049651344,111.16720025483464,2,7,2425.8573664513256,0.3333333333333333,1.5275190457466592,Old,Mid-Range,Spacious
4605,Delhi,3831.408638797781,1,2,46.24108009655849,125.45006020615122,1,5,3274.2542504031867,0.3333333333333333,1.3050030605894598,Old,Mid-Range,Spacious
4606,Hyderabad,2942.786184503336,3,1,11.426257385337218,475.9837222835539,0,2,16174.594158083128,1.5,0.6796280377188011,Old,Luxury,Large
4607,Chennai,2883.4003716581005,5,4,24.68596022310527,93.77295500954958,2,6,3252.1656004235515,1.0,2.0808764745180697,Old,Budget,Large
4608,Hyderabad,2064.96543921997,3,3,44.199627503620434,37.74192810586898,1,2,1827.7268659821154,0.75,0.9685392123344638,Old,Budget,Large
4609,Mumbai,2842.3424013868157,2,3,3.894688279757852,276.54151747606784,2,4,9729.352710677631,0.5,1.40728998661398,Recent,Premium,Large
4610,Mumbai,3449.2243975855395,2,3,2.7944134126537623,273.7080619681672,1,6,7935.350978027499,0.5,1.7395215006017022,Recent,Premium,Spacious
4611,Hyderabad,2382.633672929569,1,4,11.66511437791457,425.1425433765749,3,1,17843.386845693345,0.2,0.41970362937515665,Old,Luxury,Large
4612,Mumbai,3713.689158764783,4,2,31.65106097690093,475.452632085345,1,9,12802.704043315412,1.3333333333333333,2.4234661586468125,Old,Luxury,Spacious
4613,Mumbai,4375.545022671737,2,3,12.993981322490344,278.50181222726286,2,3,6364.96278256115,0.5,0.6856288723931768,Old,Premium,Spacious
4614,Hyderabad,1196.0818168318751,2,3,9.511994190439948,466.3972075614346,1,1,38993.75452398444,0.5,0.8360632073220147,Medium,Luxury,Standard
4615,Bangalore,2531.9616026784097,3,2,22.940115767914605,368.0763926239183,1,6,14537.202785166743,1.0,2.3697041825803997,Old,Luxury,Large
4616,Bangalore,2336.0904107828646,3,3,30.67990343847057,146.9883814378808,2,2,6292.067325794229,0.75,0.8561312485032483,Old,Mid-Range,Large
4617,Delhi,3593.5916182237765,2,1,12.42788535083702,465.6419412530846,1,8,12957.564206565015,1.0,2.226185067727368,Old,Luxury,Spacious
4618,Mumbai,1624.4035936606822,1,2,15.034559336187105,340.3727245672999,1,5,20953.704233087254,0.3333333333333333,3.078052781656452,Old,Luxury,Standard
4619,Hyderabad,3381.129117285243,3,2,30.67796524057569,218.7660477164642,2,0,6470.206848891786,1.0,0.0,Old,Premium,Spacious
4620,Mumbai,4448.7015877916965,2,2,47.28692109947264,346.51620056812675,3,9,7789.1536154964915,0.6666666666666666,2.0230621952027885,Old,Luxury,Spacious
4621,Chennai,2381.5921990713023,4,1,33.73708637190441,212.6301573170004,0,7,8928.067424805773,2.0,2.939210164834113,Old,Premium,Large
4622,Mumbai,4599.57064990649,3,2,39.145207179228,74.80820863422045,0,6,1626.4172099572231,1.0,1.3044695813340712,Old,Budget,Spacious
4623,Mumbai,4969.236825200653,2,4,18.34050473777344,365.1097986449119,0,0,7347.401854411902,0.4,0.0,Old,Luxury,Spacious
4624,Bangalore,977.4142247657844,5,4,13.612717969223304,415.562053841957,0,2,42516.472884517025,1.0,2.0462153602064217,Old,Luxury,Compact
4625,Hyderabad,1548.739345931864,3,4,22.713387160131127,369.8269755293061,0,2,23879.22644961178,0.6,1.2913728867633412,Old,Luxury,Standard
4626,Mumbai,4776.70888166942,5,2,40.35664143558368,129.97504052320474,0,2,2721.0165773757503,1.6666666666666667,0.41869832337385743,Old,Mid-Range,Spacious
4627,Bangalore,4812.474589166241,3,2,22.814982089527792,479.1848064692542,2,6,9957.139463094241,1.0,1.246759829861148,Old,Luxury,Spacious
4628,Delhi,939.6827392404132,3,2,42.33627043949305,32.12218961175484,2,5,3418.4079658333,1.0,5.320944815951094,Old,Budget,Compact
4629,Bangalore,567.493251697115,5,1,49.43859903475635,179.68894274030748,2,1,31663.62634321013,2.5,1.762135491496072,Old,Mid-Range,Compact
4630,Bangalore,1224.9501046539,1,4,3.601333286516817,144.84436857674984,1,4,11824.511710840212,0.2,3.265439126706445,Recent,Mid-Range,Standard
4631,Bangalore,4982.057525220117,2,3,2.2705078041851845,43.10058925512847,3,5,865.1162504034755,0.5,1.0036014186285596,Recent,Budget,Spacious
4632,Mumbai,1309.9982747480908,1,3,7.479485145668091,214.7502526345609,3,1,16393.170645652703,0.25,0.7633597839602478,Medium,Premium,Standard
4633,Mumbai,2761.4642302491043,1,2,19.21848378671731,319.0951232781318,0,0,11555.28721982928,0.3333333333333333,0.0,Old,Luxury,Large
4634,Delhi,4317.8797689373,2,1,6.5521104572716204,443.6253744728487,0,3,10274.148383293963,1.0,0.6947854411282852,Medium,Luxury,Spacious
4635,Chennai,591.8072480969286,4,2,43.5332238809378,495.0510637719056,2,3,83650.72671276648,1.3333333333333333,5.06921807674219,Old,Luxury,Compact
4636,Chennai,3220.2004201630675,1,3,1.15731255135319,407.8830014741111,3,3,12666.385574021393,0.25,0.931619032534653,Brand New,Luxury,Spacious
4637,Chennai,1746.6145199133096,1,4,15.789635816791126,244.9666489821559,1,0,14025.226871142377,0.2,0.0,Old,Premium,Standard
4638,Delhi,4380.507123978792,1,3,9.234731474710268,367.37812446417473,1,2,8386.6573907198,0.25,0.45656814231668463,Medium,Luxury,Spacious
4639,Chennai,1775.5751716883562,4,4,46.57696650787662,424.93941852302754,2,6,23932.493836290905,0.8,3.379186697173023,Old,Luxury,Standard
4640,Chennai,3590.40074126859,3,4,33.4740502445014,243.34745428096704,0,3,6777.724042998763,0.6,0.8355613248174674,Old,Premium,Spacious
4641,Bangalore,3533.988346013286,5,1,45.60151282256872,396.82612833223993,3,1,11228.846546138215,2.5,0.28296641134318007,Old,Luxury,Spacious
4642,Mumbai,1496.72096986838,5,3,48.61643551551967,251.67316079018084,1,7,16814.968578432672,1.25,4.676890443123526,Old,Premium,Standard
4643,Mumbai,656.5963994075755,4,2,24.85491218386846,205.5180756208269,0,0,31300.518218841717,1.3333333333333333,0.0,Old,Premium,Compact
4644,Bangalore,2341.623082034288,1,1,11.715955402401312,272.52360213620534,3,8,11638.235215013772,0.5,3.4164336956612122,Old,Premium,Large
4645,Bangalore,1801.3691838464135,5,4,9.686439309829463,344.41027406102955,1,4,19119.360825614873,1.0,2.2205331565953133,Medium,Luxury,Standard
4646,Bangalore,4140.399873261689,4,3,11.145943084292028,368.90338703292673,0,1,8909.849249471528,1.0,0.24152256559998117,Old,Luxury,Spacious
4647,Mumbai,4101.638848049053,2,2,35.42966538110014,191.23340906821176,1,3,4662.365853082653,0.6666666666666666,0.7314149565915468,Old,Mid-Range,Spacious
4648,Chennai,2556.6077848668147,5,1,2.0222864061500365,294.2337207468967,0,2,11508.754783918672,2.5,0.78228659547956,Recent,Premium,Large
4649,Bangalore,3229.3050139544853,2,2,2.5680536516357435,456.7380195586146,0,6,14143.539169727126,0.6666666666666666,1.8579849144236227,Recent,Luxury,Spacious
4650,Delhi,3219.1678219411638,1,3,30.4071471191575,488.6301920531071,0,5,15178.773493034676,0.25,1.553196439751001,Old,Luxury,Spacious
4651,Bangalore,4222.2116679243045,5,2,32.10285733687033,129.07908376829818,3,8,3057.143836461311,1.6666666666666667,1.8947415783948385,Old,Mid-Range,Spacious
4652,Hyderabad,2412.510863554389,4,1,33.263146216123005,112.5589595424039,2,3,4665.635344603965,2.0,1.2435177164674212,Old,Mid-Range,Large
4653,Bangalore,1739.5100590572908,3,2,18.59402522942956,344.80910404575127,0,2,19822.196615098444,1.0,1.1497490282314773,Old,Luxury,Standard
4654,Mumbai,1692.6571316324637,5,3,40.29724443570765,219.04826519525304,0,6,12941.088960172016,1.25,3.54472260676524,Old,Premium,Standard
4655,Bangalore,2912.8652567699187,5,1,26.68122938633088,31.626722440705777,1,5,1085.7598842651826,2.5,1.7165229281990575,Old,Budget,Large
4656,Hyderabad,2521.1669122949565,5,4,5.273281500470972,186.4936979106964,1,4,7397.118255091478,1.0,1.5865669109384344,Medium,Mid-Range,Large
4657,Delhi,2480.543469432213,5,1,39.85496535336726,407.237476866681,3,9,16417.26830773484,2.5,3.628237162906912,Old,Luxury,Large
4658,Chennai,910.1180259036826,4,3,47.65338931352292,402.76492658392766,2,6,44254.14233324416,1.0,6.592551547413234,Old,Luxury,Compact
4659,Bangalore,3733.71683310588,4,2,3.001815650117934,257.44887143195933,1,4,6895.24361218902,1.3333333333333333,1.071318522211716,Recent,Premium,Spacious
4660,Hyderabad,1461.8150959185982,3,4,19.567566935029,246.83740874601693,3,8,16885.6792788082,0.6,5.472648368686352,Old,Premium,Standard
4661,Hyderabad,1386.291335939246,4,4,24.375802241737382,298.1635723685012,3,3,21508.002296392347,0.8,2.1640472837316174,Old,Premium,Standard
4662,Delhi,2357.4124412482706,4,2,7.323538003915847,125.31042107051648,3,0,5315.591742790816,1.3333333333333333,0.0,Medium,Mid-Range,Large
4663,Mumbai,1525.0025372801065,1,3,43.385447389143856,272.5009399476586,0,9,17868.884364853137,0.25,5.901629525188728,Old,Premium,Standard
4664,Bangalore,3127.362202886069,1,1,14.2074822445022,25.302252827191225,2,4,809.0605176413906,0.5,1.2790331725275128,Old,Budget,Spacious
4665,Hyderabad,2171.585027005122,2,3,39.150426996908,248.26858629590416,2,0,11432.597996786546,0.5,0.0,Old,Premium,Large
4666,Delhi,2520.102751667556,3,4,33.5497241014158,181.30450220028445,2,0,7194.329758193986,0.6,0.0,Old,Mid-Range,Large
4667,Chennai,2917.26194721813,1,1,29.902291123351173,343.93741083375664,0,0,11789.733560324663,0.5,0.0,Old,Luxury,Large
4668,Hyderabad,1415.9098511681218,3,1,9.60714243482772,326.40972039326124,0,0,23053.001582266985,1.5,0.0,Medium,Luxury,Standard
4669,Delhi,1200.882302894884,3,2,11.035176027545283,202.80122248774836,1,7,16887.685162723228,1.0,5.8290475120880565,Old,Premium,Standard
4670,Mumbai,4461.898562931221,5,3,2.367420237328466,23.491031109723952,1,1,526.4806175757533,1.25,0.22411984178839225,Recent,Budget,Spacious
4671,Mumbai,2451.7566627413944,3,1,12.035621489113318,141.09134210958103,1,8,5754.704137392733,1.5,3.2629665584572827,Old,Mid-Range,Large
4672,Hyderabad,2354.4212433464263,5,2,17.272180473025706,324.0069680907979,3,6,13761.639681362829,1.6666666666666667,2.5483969858647626,Old,Luxury,Large
4673,Hyderabad,660.2546762277866,2,3,41.65726519312127,54.73920464840218,2,2,8290.619759202926,0.5,3.0291341689945166,Old,Budget,Compact
4674,Bangalore,2740.8933616432696,2,4,18.319633335740264,71.66836248006264,0,8,2614.7811324222675,0.4,2.918756385036336,Old,Budget,Large
4675,Delhi,2993.7637472495003,2,4,37.731089138280325,330.57681179220185,1,3,11042.181003625186,0.4,1.0020830811236288,Old,Luxury,Large
4676,Hyderabad,3014.783919295999,5,3,21.972114064774377,382.7683524556603,3,6,12696.377674226249,1.25,1.9901923854632664,Old,Luxury,Spacious
4677,Bangalore,3681.64026195298,5,1,39.24341559969442,174.3438598461018,0,2,4735.49416676627,2.5,0.5432361278391362,Old,Mid-Range,Spacious
4678,Bangalore,1298.668257459553,2,1,48.81358002185199,255.0430714479497,3,4,19638.816147463513,1.0,3.0800783626026065,Old,Premium,Standard
4679,Hyderabad,1635.0041040377846,5,4,11.992077902879004,473.9414551921561,3,3,28987.17220474961,1.0,1.834857779617335,Old,Luxury,Standard
4680,Mumbai,4148.287093536857,4,4,43.11708059819381,473.86090984446537,3,5,11423.050024255877,0.8,1.2053167698518585,Old,Luxury,Spacious
4681,Delhi,4762.267775795273,4,1,31.09120431528873,167.60133174244646,2,8,3519.3596755373114,2.0,1.6798719384619323,Old,Mid-Range,Spacious
4682,Delhi,1111.697363152943,5,3,40.86471307943274,408.79418000820334,0,4,36772.07426747877,1.25,3.598101545060241,Old,Luxury,Standard
4683,Mumbai,2739.422995273482,5,4,32.57929511339026,305.09314534729225,0,0,11137.131646835513,1.0,0.0,Old,Luxury,Large
4684,Hyderabad,1463.7931373281408,1,1,21.197475363707508,488.2325568081824,3,4,33353.93125966914,0.5,2.7326265563050756,Old,Luxury,Standard
4685,Delhi,770.329257597421,1,3,11.403746972089518,249.2545134613263,2,4,32356.87999683744,0.25,5.19258480779452,Old,Premium,Compact
4686,Hyderabad,1964.7650215676092,3,2,3.501761266558251,391.85929664746953,3,8,19944.33392013567,1.0,4.071733724991253,Recent,Luxury,Standard
4687,Hyderabad,1146.5943133289577,3,3,26.77591822303585,388.7058222151381,1,7,33900.902672942044,0.75,6.105036383510915,Old,Luxury,Standard
4688,Bangalore,3694.698830454108,3,1,49.51630472634328,258.76777646387654,0,4,7003.758312611151,1.5,1.0826322207995416,Old,Premium,Spacious
4689,Mumbai,2901.7643615215,2,3,36.90209025071031,401.9024548627077,0,4,13850.278823190718,0.5,1.3784716819330758,Old,Luxury,Large
4690,Hyderabad,1147.255119456399,4,1,16.36727706995083,145.29935998735832,2,1,12664.956339981743,2.0,0.8716457072545709,Old,Mid-Range,Standard
4691,Chennai,541.5871478248147,2,4,41.36024000433676,78.68145741930987,0,8,14527.940283538761,0.4,14.771399269961503,Old,Budget,Compact
4692,Mumbai,4136.706720608958,5,2,38.44920000882033,224.0785974345518,0,3,5416.835482152952,1.6666666666666667,0.7252145734804171,Old,Premium,Spacious
4693,Delhi,1292.874827739114,1,4,14.08178966767284,472.94271518412063,0,6,36580.7041050655,0.2,4.6408204965150155,Old,Luxury,Standard
4694,Bangalore,3227.974889993447,5,4,0.7153744897117342,260.3574119372138,2,9,8065.6579065812475,1.0,2.7881257775268105,Brand New,Premium,Spacious
4695,Delhi,2016.148608845355,5,1,5.90813192669748,324.92438655052496,3,5,16116.093085846911,2.5,2.4799759194653275,Medium,Luxury,Large
4696,Delhi,3134.6867224176603,1,1,43.86530951560288,319.59797883578017,0,4,10195.531711356689,0.5,1.276044579317629,Old,Luxury,Spacious
4697,Mumbai,1920.441321420458,5,1,41.82815176524359,83.6349762893746,3,4,4354.987333198696,2.5,2.082854578988851,Old,Budget,Standard
4698,Delhi,891.2280231151437,3,1,14.76045004391812,207.3425035410609,2,6,23264.80969666199,1.5,6.732283820057597,Old,Premium,Compact
4699,Hyderabad,1503.2750385098911,1,4,14.25977131422102,359.3307070024999,3,1,23903.19121899898,0.2,0.6652142651096247,Old,Luxury,Standard
4700,Delhi,1346.2635491558403,5,1,39.64324935512356,486.5552473187486,1,8,36141.15881127716,2.5,5.942372877150474,Old,Luxury,Standard
4701,Bangalore,2426.087085978397,3,1,46.8868734947711,100.64851438257256,0,1,4148.594457481432,1.5,0.41218635793393954,Old,Mid-Range,Large
4702,Bangalore,3462.277025417708,3,4,38.95686283988,217.0121073627758,2,8,6267.901319554124,0.6,2.3106181109337536,Old,Premium,Spacious
4703,Chennai,1687.127337258609,4,2,30.278933851538078,65.6450239053101,2,3,3890.934753743949,1.3333333333333333,1.7781704639287395,Old,Budget,Standard
4704,Bangalore,554.3147088527808,3,2,12.133567516590226,136.3407006316429,3,9,24596.26245780415,1.0,16.236264086562944,Old,Mid-Range,Compact
4705,Delhi,2835.218139191406,2,3,26.287395704763032,200.8444847965521,0,9,7083.9164726080735,0.5,3.1743589234254714,Old,Premium,Large
4706,Bangalore,3225.917702115374,1,4,11.675592929663232,279.5087590171282,2,5,8664.472712178684,0.2,1.5499465459770667,Old,Premium,Spacious
4707,Mumbai,4832.917223008144,1,1,40.40057100483868,130.67210347475884,1,0,2703.7935359758726,0.5,0.0,Old,Mid-Range,Spacious
4708,Bangalore,3152.6186139196107,1,3,19.348053975886863,129.23007736576915,3,4,4099.134503462791,0.25,1.2687865199865869,Old,Mid-Range,Spacious
4709,Hyderabad,2620.2765172016384,5,2,41.68486084970131,393.3583899872978,1,5,15012.094616921977,1.6666666666666667,1.9081955538569728,Old,Luxury,Large
4710,Mumbai,3080.307316539667,5,2,19.080460899136263,482.067998214503,1,8,15649.996856678736,1.6666666666666667,2.5971434593698204,Old,Luxury,Spacious
4711,Chennai,4675.552834379122,2,4,41.207470259994565,175.33422452069897,3,8,3750.0212430811303,0.4,1.7110276117887862,Old,Mid-Range,Spacious
4712,Hyderabad,4227.701655207408,3,1,16.665890758262098,350.23616894512645,1,8,8284.31610148574,1.5,1.892281114526168,Old,Luxury,Spacious
4713,Delhi,1953.404300137136,5,1,22.006635230883493,143.87862145180196,3,2,7365.532134934952,2.5,1.0238535872269723,Old,Mid-Range,Standard
4714,Delhi,1567.6446364571177,3,3,30.77442096713288,465.4170823835034,3,3,29688.940437122765,0.75,1.9136990171318484,Old,Luxury,Standard
4715,Delhi,1681.8512556473313,3,2,3.514380701495934,342.9931328793912,2,7,20393.785224923227,1.0,4.162080312688387,Recent,Luxury,Standard
4716,Hyderabad,2769.894678718458,5,3,47.41035309077322,405.2848902260336,2,7,14631.779805199885,1.25,2.5271719007159783,Old,Luxury,Large
4717,Hyderabad,3848.2225305286,5,3,28.68028930619016,43.68994073559911,1,1,1135.3278140491987,1.25,0.25986023211153486,Old,Budget,Spacious
4718,Hyderabad,2764.4864323233296,2,3,25.391000734540118,307.2828647554998,1,7,11115.36888597616,0.5,2.532115881689121,Old,Luxury,Large
4719,Mumbai,805.0837812265066,4,1,41.969698555995606,273.2539190520235,1,6,33941.05376657001,2.0,7.452640507624296,Old,Premium,Compact
4720,Mumbai,3756.113151979914,1,2,43.28813649484138,160.63851531753537,1,8,4276.72194147985,0.3333333333333333,2.129861289131574,Old,Mid-Range,Spacious
4721,Delhi,4126.865579019292,5,3,26.1130202264508,145.96639282751266,1,4,3536.9795800860584,1.25,0.9692586112655889,Old,Mid-Range,Spacious
4722,Bangalore,1802.7403930387384,5,2,46.36311628968187,298.41190511214546,2,1,16553.23785190922,1.6666666666666667,0.5547110409582481,Old,Premium,Standard
4723,Delhi,3488.565826775077,3,2,3.2368883038240317,359.1131048034681,1,4,10294.003972842957,1.0,1.1466029877663815,Recent,Luxury,Spacious
4724,Chennai,2419.6635547447704,4,3,5.661289612560877,35.9229233768907,1,1,1484.6247242286502,1.0,0.4132805976430395,Medium,Budget,Large
4725,Mumbai,4501.037100773492,5,3,29.839411500722008,292.3527593233781,0,4,6495.23104959828,1.25,0.8886840766792635,Old,Premium,Spacious
4726,Hyderabad,4303.51501172333,4,4,17.703293089679185,101.82057389438174,3,8,2365.986260464048,0.8,1.8589455313172998,Old,Mid-Range,Spacious
4727,Mumbai,2864.44399239339,1,1,23.211258309459943,87.37411106532826,3,6,3050.2991609314977,0.5,2.094647343754378,Old,Budget,Large
4728,Hyderabad,3611.774956161175,3,2,16.403960894858326,319.0973542854486,2,6,8834.917960243172,1.0,1.6612330703951674,Old,Luxury,Spacious
4729,Chennai,4475.073654599468,2,3,20.23626557224678,169.21765626438707,3,0,3781.337902460346,0.5,0.0,Old,Mid-Range,Spacious
4730,Chennai,2730.72654535224,1,3,41.132317357314975,231.62251190473472,1,8,8482.08372599452,0.25,2.9296232585486033,Old,Premium,Large
4731,Mumbai,1909.628332199699,4,2,29.673809992715235,192.799428531091,3,5,10096.175537414945,1.3333333333333333,2.6183105454036206,Old,Mid-Range,Standard
4732,Hyderabad,3891.497620593116,4,3,49.86722746417491,331.2014336732114,2,6,8510.899041041477,1.0,1.5418228622957555,Old,Luxury,Spacious
4733,Chennai,1490.298146531113,1,4,39.343959891048144,245.65748771190505,3,1,16483.781334876436,0.2,0.6710066722740322,Old,Premium,Standard
4734,Delhi,2248.390166027189,4,2,13.683312705091332,482.4601577782148,3,0,21458.02650572439,1.3333333333333333,0.0,Old,Luxury,Large
4735,Delhi,4395.772566980571,2,3,13.217255886334812,189.14372437110336,0,3,4302.85510656037,0.5,0.6824738892396067,Old,Mid-Range,Spacious
4736,Hyderabad,3759.900531211918,2,2,16.794913505850356,375.3364833261609,0,8,9982.617364751928,0.6666666666666666,2.127715862052708,Old,Luxury,Spacious
4737,Mumbai,2317.1495236137466,4,3,42.16297403238713,143.50043243986136,1,8,6192.972485265561,1.0,3.452517810556945,Old,Mid-Range,Large
4738,Chennai,1466.3502608376084,4,3,1.36438253252828,264.2014844605505,3,2,18017.624541467558,1.0,1.3639306060869525,Brand New,Premium,Standard
4739,Mumbai,2101.8577587450645,2,1,11.509063943562886,285.23348091293934,1,0,13570.54157095963,1.0,0.0,Old,Premium,Large
4740,Delhi,1778.4686715234484,4,2,45.24592101721335,177.97245491011145,3,1,10007.061567053584,1.3333333333333333,0.5622814818230075,Old,Mid-Range,Standard
4741,Chennai,1292.4017957473427,5,1,31.9948218041626,246.454653878062,1,8,19069.50722979671,2.5,6.190025444350245,Old,Premium,Standard
4742,Mumbai,3844.998111045455,3,3,11.34235477505282,154.05374619127625,1,8,4006.6013491327576,0.75,2.0806252094165005,Old,Mid-Range,Spacious
4743,Bangalore,1634.3144908257718,5,2,10.957248411629015,22.88037520351136,3,0,1399.998307054756,1.6666666666666667,0.0,Old,Budget,Standard
4744,Hyderabad,2543.753615754937,4,2,43.13090508797153,123.5111847861818,0,8,4855.469650095261,1.3333333333333333,3.1449586746339637,Old,Mid-Range,Large
4745,Hyderabad,2236.367510762491,4,4,44.687875413852325,356.0308027967363,2,0,15920.048967056733,0.8,0.0,Old,Luxury,Large
4746,Bangalore,4919.348203860339,3,4,12.806554548105764,390.06225175298096,1,9,7929.144992153413,0.6,1.829510664225287,Old,Luxury,Spacious
4747,Delhi,2259.9150986669924,4,3,21.02551790382661,154.49737622668158,2,3,6836.42391335018,1.0,1.3274834978400496,Old,Mid-Range,Large
4748,Chennai,859.9211725853966,3,3,41.72978693141586,215.86063943267453,3,4,25102.37523093874,0.75,4.6515891543567855,Old,Premium,Compact
4749,Hyderabad,904.215886574378,2,3,38.55037193049427,37.93551686653332,1,7,4195.404817565419,0.5,7.741514060894794,Old,Budget,Compact
4750,Bangalore,3158.3917460887915,3,3,40.69580532830423,133.79019252688667,3,4,4236.022738235887,0.75,1.2664673421064432,Old,Mid-Range,Spacious
4751,Bangalore,3197.1359828221957,3,4,25.91990953939844,394.0252560187036,1,4,12324.3195827688,0.6,1.2511197589003065,Old,Luxury,Spacious
4752,Delhi,2384.4154571719478,5,2,45.577452415258655,310.87340972722745,0,3,13037.719949020167,1.6666666666666667,1.2581700017823951,Old,Luxury,Large
4753,Delhi,2443.2966154041333,4,1,16.297577197721765,118.76985053809828,1,8,4861.049198418882,2.0,3.2742647575258728,Old,Mid-Range,Large
4754,Mumbai,742.6966227839205,2,2,7.833606717375901,143.57215765876742,1,7,19331.1983997722,0.6666666666666666,9.425113546041496,Medium,Mid-Range,Compact
4755,Hyderabad,2824.45929675168,1,2,35.43661662824324,412.0649710349889,1,8,14589.163012860252,0.3333333333333333,2.8324005267842036,Old,Luxury,Large
4756,Mumbai,2771.3276392115827,3,4,26.967720800344814,120.3604174135524,3,6,4343.059828458026,0.6,2.1650273013936903,Old,Mid-Range,Large
4757,Bangalore,1172.9719335062505,1,2,42.72928844047405,180.395708406623,0,6,15379.371258047386,0.3333333333333333,5.115211906277063,Old,Mid-Range,Standard
4758,Chennai,967.277237499174,4,2,4.057962456235748,338.8921719942293,3,4,35035.68148366757,1.3333333333333333,4.135319063582757,Recent,Luxury,Compact
4759,Chennai,1056.076207697707,3,3,42.18462017190334,289.33394513987776,2,9,27397.070687790474,0.75,8.522112262731872,Old,Premium,Standard
4760,Delhi,954.6271092106632,1,1,14.66473266044111,241.21769851223087,0,0,25268.264035753455,0.5,0.0,Old,Premium,Compact
4761,Chennai,3243.686879915419,5,2,32.74278335840915,451.8757236702773,1,5,13930.929229582734,1.6666666666666667,1.5414558140489745,Old,Luxury,Spacious
4762,Chennai,1384.1719358131338,1,2,2.006439453912789,125.4610221032248,1,9,9063.976725515862,0.3333333333333333,6.502082412697478,Recent,Mid-Range,Standard
4763,Chennai,1631.4356848435857,5,1,30.479064815180035,375.88154761423993,1,5,23039.924350451955,2.5,3.0647852357596164,Old,Luxury,Standard
4764,Bangalore,1281.0746486814787,2,3,35.8635844593668,96.350643496728,2,9,7521.079555816285,0.5,7.025351730488989,Old,Budget,Standard
4765,Chennai,4810.258870018264,4,4,18.43751072528101,315.55224007142965,2,3,6559.984578755769,0.8,0.6236670584817422,Old,Luxury,Spacious
4766,Chennai,4345.778584183259,1,4,10.770535263107012,437.8993104374304,1,1,10076.429388998169,0.2,0.23010836392805753,Old,Luxury,Spacious
4767,Chennai,1537.2267680818438,3,2,26.88153383017725,239.79285702950617,1,0,15599.055520528074,1.0,0.0,Old,Premium,Standard
4768,Mumbai,1974.048322649567,4,3,41.65954022178233,367.6613634518379,2,2,18624.73979149421,1.0,1.013146424559456,Old,Luxury,Standard
4769,Bangalore,1444.517790372487,1,4,16.17736791483254,413.7888094395144,3,8,28645.463018687627,0.2,5.538180321017092,Old,Luxury,Standard
4770,Delhi,2713.441817573707,3,4,12.623464876063975,85.29268394124932,0,0,3143.339333419574,0.6,0.0,Old,Budget,Large
4771,Mumbai,588.2473961341411,3,4,13.946765431884383,358.79690973541284,0,4,60994.21979482838,0.6,6.799860103567478,Old,Luxury,Compact
4772,Hyderabad,3521.1560400355806,3,4,47.45660764583322,461.52369151456463,2,9,13107.163848095212,0.6,2.555978746090746,Old,Luxury,Spacious
4773,Bangalore,2854.2116741793875,3,4,17.963845788227985,296.6578927306612,2,5,10393.689277301171,0.6,1.751797193330991,Old,Premium,Large
4774,Bangalore,4543.875177354965,1,2,0.1802119944143587,109.3386773738029,3,8,2406.2869930650263,0.3333333333333333,1.7606117438852886,Brand New,Mid-Range,Spacious
4775,Hyderabad,1239.7670794778635,2,4,39.08406039798098,80.93241516269262,1,0,6528.033894623002,0.4,0.0,Old,Budget,Standard
4776,Hyderabad,4118.491607275093,5,2,34.96373976676951,144.67295862403898,2,4,3512.7656535339784,1.6666666666666667,0.9712293677943197,Old,Mid-Range,Spacious
4777,Hyderabad,4063.8245651002208,5,1,6.428413230148444,69.68636912800763,3,0,1714.7976742516946,2.5,0.0,Medium,Budget,Spacious
4778,Delhi,1072.315351475991,5,1,49.24521245674563,266.4291543608228,2,1,24846.156869254526,2.5,0.9325614882073148,Old,Premium,Standard
4779,Chennai,2293.516508648574,2,3,30.40311426525556,53.4582476992326,1,1,2330.8420714500203,0.5,0.4360116860851538,Old,Budget,Large
4780,Bangalore,1265.686885150326,3,2,25.038974547030072,127.23421982538868,2,4,10052.582618826538,1.0,3.160339296337829,Old,Mid-Range,Standard
4781,Chennai,1646.24225205897,3,3,19.11096338114455,231.15701307786287,1,9,14041.494366260658,0.75,5.466996117213988,Old,Premium,Standard
4782,Chennai,1684.6077867374495,4,1,44.9336377781819,247.47908019297032,3,3,14690.605263807947,2.0,1.7808299496288376,Old,Premium,Standard
4783,Hyderabad,3003.0637731159773,5,1,12.198174070928165,291.39127287054293,0,5,9703.13302964577,2.5,1.6649663069965388,Old,Premium,Spacious
4784,Delhi,2351.3491929220945,5,1,14.288445010995094,358.6951821203488,3,4,15254.866576179917,2.5,1.701150986863451,Old,Luxury,Large
4785,Mumbai,4764.797618028374,3,1,6.120540334328345,42.669747039424415,0,1,895.5206592191156,1.5,0.2098725024996529,Medium,Budget,Spacious
4786,Delhi,1068.665638761523,5,4,37.955954779213,58.69805704437596,3,8,5492.649423294002,1.0,7.485971018279583,Old,Budget,Standard
4787,Chennai,4881.614606825895,3,1,29.777464020292665,49.21239286629476,0,9,1008.117125786246,1.5,1.8436523004940666,Old,Budget,Spacious
4788,Delhi,1537.8738809641875,3,4,30.45330846272492,223.11215142315692,3,7,14507.831505875776,0.6,4.551738661177645,Old,Premium,Standard
4789,Hyderabad,3977.932713718339,3,4,10.92352155097318,40.08701354380847,1,8,1007.7348318528362,0.6,2.011094851456667,Old,Budget,Spacious
4790,Mumbai,2025.364667777696,1,3,32.558419456354194,378.1190080790366,0,5,18669.181609350504,0.25,2.468691233508177,Old,Luxury,Large
4791,Hyderabad,1143.8662793779126,1,4,38.2729223623432,127.04008689846935,0,4,11106.200889806772,0.2,3.4969122458749156,Old,Mid-Range,Standard
4792,Mumbai,4360.501333608079,1,3,17.894426536284463,470.82199677918015,1,4,10797.428111083742,0.25,0.9173257141720024,Old,Luxury,Spacious
4793,Chennai,1889.8740465640844,1,4,40.06735719808561,253.4738024466135,1,1,13412.20611539936,0.2,0.5291357917836196,Old,Premium,Standard
4794,Mumbai,3464.84931902079,2,4,17.439529426601048,234.2363611722568,0,3,6760.362128488027,0.4,0.8658385181517324,Old,Premium,Spacious
4795,Mumbai,3048.99658288982,4,1,37.906923075464384,394.65857246696015,0,1,12943.883724950103,2.0,0.3279767532740907,Old,Luxury,Spacious
4796,Mumbai,2622.903392258934,4,2,1.6865053728859491,362.31391226863576,0,1,13813.46767623792,1.3333333333333333,0.38125689377326466,Brand New,Luxury,Large
4797,Delhi,2731.187626918426,3,4,27.558230073682637,311.50833965510856,2,7,11405.60013471431,0.6,2.5629875922871093,Old,Luxury,Large
4798,Delhi,3795.070613415294,5,2,48.47632803199433,468.8704190001776,3,3,12354.721868487912,1.6666666666666667,0.790499125206056,Old,Luxury,Spacious
4799,Chennai,894.9781135554827,1,2,49.06223003411954,222.68444527379697,1,3,24881.552062668627,0.3333333333333333,3.352037278411077,Old,Premium,Compact
4800,Mumbai,3506.812978810573,4,2,14.08762891708703,408.0952043706975,1,6,11637.210391217202,1.3333333333333333,1.7109552280814977,Old,Luxury,Spacious
4801,Bangalore,4531.154456293604,4,4,22.069954554017773,202.44461395799289,3,3,4467.83741120996,0.8,0.6620829258718188,Old,Premium,Spacious
4802,Chennai,760.0468865893887,1,2,3.1488953993316526,422.4059236621303,1,8,55576.29813571394,0.3333333333333333,10.525666430789496,Recent,Luxury,Compact
4803,Mumbai,1132.9400265515003,2,4,43.66706538022999,144.54782190366495,1,8,12758.647281943677,0.4,7.061274041443131,Old,Mid-Range,Standard
4804,Mumbai,3724.843715159141,2,1,28.42860765701071,158.84819496129558,0,2,4264.559995224093,1.0,0.5369352791529273,Old,Mid-Range,Spacious
4805,Delhi,2467.7674171007798,4,4,19.25503394702585,345.3773763283779,1,5,13995.540014631504,0.8,2.026122869340003,Old,Luxury,Large
4806,Chennai,2315.9687936615974,2,3,5.638527924457653,122.10238157686226,2,6,5272.194595671374,0.5,2.590708482955795,Medium,Mid-Range,Large
4807,Mumbai,1116.3498554490614,1,1,47.33836427484446,129.9940097722058,2,2,11644.55830201318,0.5,1.7915530603938519,Old,Mid-Range,Standard
4808,Mumbai,2780.4651832300465,4,2,26.510952391049685,166.52596592835908,0,3,5989.1404838562685,1.3333333333333333,1.0789561466527418,Old,Mid-Range,Large
4809,Chennai,1069.4539003836976,1,2,14.146396454145194,345.8858094369804,0,0,32342.283226316147,0.3333333333333333,0.0,Old,Luxury,Standard
4810,Bangalore,2644.792053397432,2,3,17.510756506575476,446.9062843631513,1,8,16897.596307772743,0.5,3.024812476173091,Old,Luxury,Large
4811,Chennai,3936.268845327455,1,1,13.534859046107384,343.7924725409536,0,6,8733.968284433931,0.5,1.5242861287592933,Old,Luxury,Spacious
4812,Chennai,1662.1896104922355,2,3,30.09049044284903,417.3508372851801,0,9,25108.497529447748,0.5,5.414544732555974,Old,Luxury,Standard
4813,Bangalore,2663.537756808773,2,2,46.498178789025495,280.90908305334546,3,6,10546.465216618784,0.6666666666666666,2.2526431189729768,Old,Premium,Large
4814,Chennai,4964.07186228576,1,4,42.83469016632822,53.08314624566974,0,8,1069.3468531139886,0.2,1.6115802151817187,Old,Budget,Spacious
4815,Mumbai,3589.9269050931675,2,2,23.019043771298875,68.22378152408032,2,5,1900.422580395401,0.6666666666666666,1.3927860182630203,Old,Budget,Spacious
4816,Chennai,4286.105470873394,3,3,41.32496811505039,286.1081496161194,1,7,6675.247530897046,0.75,1.6331842619294172,Old,Premium,Spacious
4817,Bangalore,2366.814229522456,1,4,21.15527406381649,177.34446494821262,0,4,7492.960906526018,0.2,1.6900354705096843,Old,Mid-Range,Large
4818,Hyderabad,3955.3741540663486,3,4,12.6153570379319,125.87267534573246,3,7,3182.320317695564,0.6,1.769744081682792,Old,Mid-Range,Spacious
4819,Chennai,682.2912782359483,1,2,49.1707557633214,243.803325105258,1,9,35733.02677056155,0.3333333333333333,13.19084720424587,Old,Premium,Compact
4820,Delhi,1053.1003214401026,2,4,15.194378398541092,339.91843563406474,1,0,32277.877872948535,0.4,0.0,Old,Luxury,Standard
4821,Mumbai,1413.8176681402797,2,1,16.18621154934542,204.7961349132121,1,2,14485.328591387508,1.0,1.414609567463376,Old,Premium,Standard
4822,Mumbai,2308.783660768488,4,2,49.48464338932611,405.220283435524,3,3,17551.245286474557,1.3333333333333333,1.29938549504523,Old,Luxury,Large
4823,Delhi,4305.851952465934,4,2,6.696374658282744,374.491158354269,2,8,8697.26043738685,1.3333333333333333,1.857936614708374,Medium,Luxury,Spacious
4824,Delhi,2058.1972285456877,3,1,38.02669940048475,372.75914343659207,3,7,18110.953521202722,1.5,3.4010346058750485,Old,Luxury,Large
4825,Chennai,3445.795370819583,2,2,46.79063792413633,492.89105104514647,3,7,14304.13004843965,0.6666666666666666,2.031461316385439,Old,Luxury,Spacious
4826,Delhi,3691.9143266156752,4,3,25.58974971377093,161.7103891383847,1,1,4380.123015655737,1.0,0.27086219005430867,Old,Mid-Range,Spacious
4827,Hyderabad,3137.8205933975364,2,3,0.1260880851410017,329.4682814436297,3,6,10499.90818904313,0.5,1.9121552113670663,Brand New,Luxury,Spacious
4828,Bangalore,2107.588856765613,1,2,18.752947205655317,430.6296032769505,1,2,20432.33441354455,0.3333333333333333,0.9489516864637807,Old,Luxury,Large
4829,Delhi,3096.7400377109493,4,1,5.578449619241354,298.1717282786773,0,5,9628.568257188294,2.0,1.6146011415591421,Medium,Premium,Spacious
4830,Delhi,2040.195167553858,3,4,20.809383046684783,398.96104453538845,0,3,19555.043109612525,0.6,1.4704475570329496,Old,Luxury,Large
4831,Hyderabad,877.4318234840543,4,1,39.50133808211424,218.9370492031579,3,5,24952.029701158506,2.0,5.698448433459247,Old,Premium,Compact
4832,Mumbai,4967.617901837065,2,3,21.935577444190024,303.43584591430624,2,3,6108.27668130621,0.5,0.6039111822369784,Old,Luxury,Spacious
4833,Mumbai,1072.3210413462991,5,2,21.596256067296128,46.71986854607758,1,2,4356.891895679001,1.6666666666666667,1.8651130798375455,Old,Budget,Standard
4834,Chennai,825.5677272622581,5,1,27.83947384594233,493.1684507959104,3,1,59736.88584355788,2.5,1.2112876593616286,Old,Luxury,Compact
4835,Hyderabad,4453.388371432202,2,4,29.08452923738401,404.0088710952403,3,3,9071.943369837105,0.4,0.673644369138011,Old,Luxury,Spacious
4836,Bangalore,1858.255974018028,1,4,42.81481543994857,437.02835438309575,2,9,23518.19988707626,0.2,4.8432509438081786,Old,Luxury,Standard
4837,Bangalore,3426.3363833307844,4,4,15.417771961447574,353.2612535086141,1,1,10310.17430825646,0.8,0.29185692475059544,Old,Luxury,Spacious
4838,Hyderabad,1980.525783480048,5,4,41.0835632184008,109.30401574817574,3,6,5518.93929682218,1.0,3.0294985554074434,Old,Mid-Range,Standard
4839,Bangalore,2261.54421857512,1,1,28.29668743460236,34.89365236065549,2,0,1542.9126732989614,0.5,0.0,Old,Budget,Large
4840,Mumbai,1679.5083740755842,2,4,15.026477485857349,435.03517171328656,1,0,25902.530670782373,0.4,0.0,Old,Luxury,Standard
4841,Bangalore,2043.698026068546,1,3,14.756302200303857,210.2387137933391,0,4,10287.171153057994,0.25,1.957236318173084,Old,Premium,Large
4842,Bangalore,2348.151802639444,2,4,18.056875855286226,146.65514049916158,2,6,6245.556200170432,0.4,2.5552010705848276,Old,Mid-Range,Large
4843,Hyderabad,3741.872310915543,4,3,31.134662130998773,289.60302024269333,3,0,7739.521720126112,1.0,0.0,Old,Premium,Spacious
4844,Hyderabad,2801.912874056563,1,1,11.540586567997458,222.0312907883453,0,3,7924.275335046093,0.5,1.070697104031165,Old,Premium,Large
4845,Bangalore,4746.043477206396,4,3,46.01667808361337,332.79967793002737,1,4,7012.14979442032,1.0,0.8428072813092874,Old,Luxury,Spacious
4846,Delhi,688.4617722744898,1,1,28.745629208895014,252.22075186616647,2,1,36635.404030190075,0.5,1.4525134731827924,Old,Premium,Compact
4847,Hyderabad,2763.8074518441267,2,4,46.00078884980034,354.6719074113299,0,6,12832.72853087787,0.4,2.170918236723239,Old,Luxury,Large
4848,Chennai,3129.0115497427314,2,2,2.320217928957735,429.6431693643886,0,3,13730.955048718628,0.6666666666666666,0.9587692318510812,Recent,Luxury,Spacious
4849,Chennai,4640.886437334233,1,3,17.13056852307367,113.86736525877872,3,7,2453.5693082846724,0.25,1.5083325339934115,Old,Mid-Range,Spacious
4850,Mumbai,721.2133562964241,2,3,1.1403830343811538,178.12778267143366,0,0,24698.347738061275,0.5,0.0,Brand New,Mid-Range,Compact
4851,Bangalore,3080.7481322084723,3,2,13.612590754898491,229.6714815539067,3,9,7455.055450744162,1.0,2.921368321514891,Old,Premium,Spacious
4852,Delhi,4341.334678375806,3,1,43.10032361342941,481.7880550532663,1,0,11097.694390000688,1.5,0.0,Old,Luxury,Spacious
4853,Mumbai,1588.6747765365649,4,1,1.8304857921100424,195.36013450279293,3,0,12297.050182208675,2.0,0.0,Brand New,Mid-Range,Standard
4854,Bangalore,4443.315568357719,3,4,21.807354995787243,202.92792780446217,2,3,4567.038390196215,0.6,0.6751714916140474,Old,Premium,Spacious
4855,Hyderabad,585.6953417343132,3,3,5.8783535236613895,333.66681102058936,0,0,56969.346901848745,0.75,0.0,Medium,Luxury,Compact
4856,Chennai,3796.045831101784,5,1,20.842032963018383,221.21586074717564,1,4,5827.533981141865,2.5,1.0537280575558854,Old,Premium,Spacious
4857,Delhi,4699.009495258939,5,4,41.94257921321886,476.5873979070105,3,5,10142.294847198391,1.0,1.064054032034782,Old,Luxury,Spacious
4858,Chennai,3457.38947738028,5,1,31.15355167012596,449.34500502821305,3,6,12996.655655025856,2.5,1.7354133918826806,Old,Luxury,Spacious
4859,Hyderabad,2475.631597912016,5,2,36.83781726657116,266.436213332323,3,7,10762.353072122656,1.6666666666666667,2.827561259883701,Old,Premium,Large
4860,Bangalore,701.9645741272311,2,2,17.455205772479047,329.4921122949679,1,7,46938.56705014397,0.6666666666666666,9.972013201240621,Old,Luxury,Compact
4861,Hyderabad,4640.51215995183,4,2,47.21988475050708,47.85466970413786,1,1,1031.2368129778722,1.3333333333333333,0.21549345536256076,Old,Budget,Spacious
4862,Hyderabad,2616.3330021120864,4,4,35.46310468897501,353.9506534555511,2,3,13528.501653643381,0.8,1.1466430296060137,Old,Luxury,Large
4863,Chennai,630.4853495117661,3,3,21.089940964226543,359.45641901553546,1,6,57012.652124889275,0.75,9.516478066693013,Old,Luxury,Compact
4864,Delhi,3604.1948209794286,4,2,21.323240011352745,192.41566190873988,3,8,5338.658742549647,1.3333333333333333,2.219635840280694,Old,Mid-Range,Spacious
4865,Hyderabad,2668.2676410931617,3,2,45.93420889716488,125.44778414013088,1,8,4701.469305707887,1.0,2.9981999844372744,Old,Mid-Range,Large
4866,Chennai,1059.5539284908482,4,1,28.82023467176959,459.237632872168,3,2,43342.54449193282,2.0,1.8875867912156723,Old,Luxury,Standard
4867,Delhi,1464.223141896168,1,2,35.31896049515208,224.8183523864613,2,6,15354.104572840017,0.3333333333333333,4.097736081557899,Old,Premium,Standard
4868,Bangalore,790.2080620513082,1,3,20.85176122565854,333.7789303048212,2,3,42239.37293658603,0.25,3.796468479722003,Old,Luxury,Compact
4869,Bangalore,3084.320928688581,4,4,11.184638238235706,35.99782158860286,3,8,1167.1230854666196,0.8,2.5937638089436796,Old,Budget,Spacious
4870,Mumbai,3299.1326566340417,2,2,36.17796459972093,218.75223995688145,1,6,6630.598485241409,0.6666666666666666,1.8186598189481513,Old,Premium,Spacious
4871,Chennai,2775.8403425995,3,4,30.39118860706939,412.2842292866624,1,5,14852.591590356717,0.6,1.8012563342593522,Old,Luxury,Large
4872,Delhi,4176.959598511767,4,4,25.067144021238967,206.0364801923432,0,8,4932.690281844074,0.8,1.9152687047416899,Old,Premium,Spacious
4873,Hyderabad,4374.539695886061,3,3,31.201046999723197,309.5173568657009,2,6,7075.426865066046,0.75,1.3715728778601706,Old,Luxury,Spacious
4874,Bangalore,3270.3097850740696,5,1,10.414279303211682,120.73078423257894,2,7,3691.72317508277,2.5,2.1404700043856724,Old,Mid-Range,Spacious
4875,Delhi,557.4041586834375,4,1,39.69693532659782,219.93231144298855,3,4,39456.525039651366,2.0,7.17612155863317,Old,Premium,Compact
4876,Chennai,3628.53345086481,2,4,47.40814025101529,465.2661046655296,0,3,12822.428426411225,0.4,0.8267803068716348,Old,Luxury,Spacious
4877,Mumbai,2380.996476141582,5,2,44.55515720838514,291.8968398564978,1,0,12259.440229391614,1.6666666666666667,0.0,Old,Premium,Large
4878,Bangalore,3045.0086745187414,4,4,16.071787265350856,452.9271003646071,3,7,14874.410840100201,0.8,2.29884402582411,Old,Luxury,Spacious
4879,Delhi,3420.86270908498,1,1,20.300288664103796,452.9692637549808,1,5,13241.375123064849,0.5,1.4616196045287686,Old,Luxury,Spacious
4880,Delhi,2076.0647644718456,4,2,40.42011498987806,473.1909442037502,1,3,22792.687025066425,1.3333333333333333,1.4450416245868924,Old,Luxury,Large
4881,Delhi,4626.943273273074,1,1,29.75585654123019,449.78799683845057,1,2,9721.061406492521,0.5,0.43225081482038813,Old,Luxury,Spacious
4882,Chennai,1102.8869003740156,1,3,27.39572218383246,21.57494192494431,0,4,1956.224334301888,0.25,3.6268451449042542,Old,Budget,Standard
4883,Chennai,3521.8031327646686,4,1,46.332098376672256,468.3271479591665,2,3,13297.936605318497,2.0,0.8518363710026445,Old,Luxury,Spacious
4884,Chennai,519.6181098046119,4,2,26.80124804885254,85.98053076098067,2,6,16546.869544887744,1.3333333333333333,11.546941661167535,Old,Budget,Compact
4885,Hyderabad,4660.929974323313,1,2,25.74693397936549,39.16460053335227,1,5,840.2743819174906,0.3333333333333333,1.0727472902499278,Old,Budget,Spacious
4886,Delhi,1006.2685995714118,3,4,2.1009295633179823,46.58649659746536,0,2,4629.628373309811,0.6,1.9875409019538488,Recent,Budget,Standard
4887,Bangalore,926.9790356640858,5,2,3.4708479295068817,187.47977368468813,1,9,20224.812694968667,1.6666666666666667,9.708957434568537,Recent,Mid-Range,Compact
4888,Chennai,1998.534348735099,2,3,0.3710153940325089,317.9859609290209,1,0,15910.95800431345,0.5,0.0,Brand New,Luxury,Standard
4889,Chennai,2181.0482871758627,4,1,45.66221128918168,213.1093743291188,3,6,9770.960853189736,2.0,2.750970730578881,Old,Premium,Large
4890,Delhi,1464.3503254529537,5,4,20.419333000885032,32.26605663170215,0,4,2203.438348792772,1.0,2.731586786626839,Old,Budget,Standard
4891,Chennai,3133.0474741720614,5,4,23.428068806670627,248.71166440386307,0,0,7938.330537732678,1.0,0.0,Old,Premium,Spacious
4892,Hyderabad,2493.113441188836,3,2,42.2693473796231,232.22275628978244,2,0,9314.568380773218,1.0,0.0,Old,Premium,Large
4893,Hyderabad,653.7901506848934,5,3,30.46231551878889,383.2876474407905,2,5,58625.48511005686,1.25,7.6477138647043414,Old,Luxury,Compact
4894,Chennai,1938.4342801488528,4,4,30.475079819529054,154.2141912442104,1,3,7955.605863117952,0.8,1.5476408102778851,Old,Mid-Range,Standard
4895,Delhi,4146.948111079268,5,3,14.826721467740622,124.41496342129624,3,7,3000.157226199691,1.25,1.6879883259928732,Old,Mid-Range,Spacious
4896,Delhi,3603.656906878409,4,3,41.69541869622597,142.85069968478058,3,1,3964.0482814031807,1.0,0.27749589537540875,Old,Mid-Range,Spacious
4897,Delhi,3761.918841109462,4,1,8.29149880197469,165.79511486232704,3,3,4407.195419809505,2.0,0.7974653698576981,Medium,Mid-Range,Spacious
4898,Mumbai,3641.526158375856,1,1,2.657479608647395,307.5991392162399,1,7,8446.984199433324,0.5,1.9222709643041653,Recent,Luxury,Spacious
4899,Chennai,1899.3785962236495,3,1,9.580167875926616,246.33223301699832,2,7,12969.095972059327,1.5,3.685415858595765,Medium,Premium,Standard
4900,Delhi,948.4876493454916,2,3,13.386860938728235,181.7093912859478,0,4,19157.802572478115,0.5,4.217239942723786,Old,Mid-Range,Compact
4901,Hyderabad,1726.102328148932,1,1,14.115552892710337,199.67079597616564,1,2,11567.726473684334,0.5,1.1586798577259294,Old,Mid-Range,Standard
4902,Bangalore,4243.033850833217,2,4,33.52567993093838,198.04335687630856,3,3,4667.494152501711,0.4,0.7070412599727153,Old,Mid-Range,Spacious
4903,Bangalore,4912.11859002382,4,4,10.891229366432176,486.7552134609524,3,2,9909.272435920406,0.8,0.4071562938366074,Old,Luxury,Spacious
4904,Delhi,2722.311566337026,1,2,33.83291522474923,131.83855426541723,1,1,4842.88998715937,0.3333333333333333,0.3673348827392076,Old,Mid-Range,Large
4905,Bangalore,543.65159715369,5,3,4.556608661689987,412.6695489306841,3,3,75906.98732262211,1.25,5.518240019355451,Recent,Luxury,Compact
4906,Bangalore,1130.2016546040306,5,1,7.3601230548954515,359.9412020423298,0,8,31847.520358518337,2.5,7.078382842044965,Medium,Luxury,Standard
4907,Mumbai,1949.362588923196,2,4,25.44107242454975,22.67360268970428,1,5,1163.1290565717125,0.4,2.564940985536169,Old,Budget,Standard
4908,Hyderabad,3103.634068668274,4,3,46.09479012883213,496.72458470023423,0,3,16004.611810224516,1.0,0.9666087991124734,Old,Luxury,Spacious
4909,Hyderabad,837.9214061239129,2,3,42.9783794405557,383.0908979041153,2,0,45719.19217056777,0.5,0.0,Old,Luxury,Compact
4910,Mumbai,4745.107844194467,3,1,48.43767212214016,347.5758014483798,3,6,7324.929440194515,1.5,1.2644601971145641,Old,Luxury,Spacious
4911,Mumbai,2142.876529779803,5,3,32.523953263908545,214.5558596847859,3,1,10012.516199747315,1.25,0.46666244466392914,Old,Premium,Large
4912,Bangalore,4606.628980661703,1,1,33.7907433208046,286.497482678859,2,5,6219.243700362126,0.5,1.0853923814984103,Old,Premium,Spacious
4913,Chennai,4012.348112406598,1,1,31.251149946574603,141.5700299203857,2,9,3528.3586058407154,0.5,2.24307556270381,Old,Mid-Range,Spacious
4914,Bangalore,3899.467726320115,1,1,31.140946142909865,37.03203446993479,2,0,949.6689566112019,0.5,0.0,Old,Budget,Spacious
4915,Mumbai,3230.238109020044,5,3,7.356017253379232,421.290396054067,3,6,13042.084881534436,1.25,1.857448212020574,Medium,Luxury,Spacious
4916,Hyderabad,3320.5271767333006,4,3,27.186947808196432,450.3125569669624,2,3,13561.477831660908,1.0,0.9034709973225903,Old,Luxury,Spacious
4917,Bangalore,3371.0145584731167,5,1,19.303396672586288,97.98590557483514,1,2,2906.7185523879,2.5,0.5932931956561736,Old,Budget,Spacious
4918,Chennai,3329.2462416151197,5,3,22.126860788864672,397.78692600595184,2,9,11948.257867912262,1.25,2.7033146084243453,Old,Luxury,Spacious
4919,Bangalore,2991.7770412926257,1,1,26.180028652961862,375.7532831771162,1,6,12559.53495166767,0.5,2.005497039781963,Old,Luxury,Large
4920,Delhi,4938.863083173,5,2,6.41980859011258,105.62000092932342,1,2,2138.5488755332585,1.6666666666666667,0.40495149720066526,Medium,Mid-Range,Spacious
4921,Bangalore,3795.307553415632,1,3,17.974386692605993,222.47782523590104,0,7,5861.918226776628,0.25,1.8443828073169637,Old,Premium,Spacious
4922,Mumbai,3996.258747766345,4,3,3.1724780438301794,222.9238020003696,1,3,5578.312518551754,1.0,0.7507021415159391,Recent,Premium,Spacious
4923,Hyderabad,4426.082667876533,3,2,48.98340652111995,384.78284398651925,1,2,8693.530438985757,1.0,0.4518668425503051,Old,Luxury,Spacious
4924,Hyderabad,1470.3789322663213,1,2,5.926401441006307,422.0772347725066,2,6,28705.337482083713,0.3333333333333333,4.080580772979447,Medium,Luxury,Standard
4925,Mumbai,877.1187159277736,2,2,12.926236927247723,65.49205826785808,3,6,7466.726804316764,0.6666666666666666,6.8405791497146335,Old,Budget,Compact
4926,Delhi,2673.024964693694,3,1,44.56464633516986,290.2252327540174,2,8,10857.557882452276,1.5,2.9928639296927524,Old,Premium,Large
4927,Mumbai,2813.3631302867293,4,1,24.13550231195709,385.63927852586494,0,9,13707.412113791432,2.0,3.1990182508301896,Old,Luxury,Large
4928,Bangalore,4231.31800977463,3,4,6.781860076031515,397.371485151276,0,6,9391.198776204508,0.6,1.4179978876887995,Medium,Luxury,Spacious
4929,Mumbai,2497.0261067705105,1,2,19.21152690196745,91.03689172659628,3,5,3645.812571993387,0.3333333333333333,2.0023819480472596,Old,Budget,Large
4930,Mumbai,3068.838614949407,4,4,5.793399709569291,272.2424687123812,1,2,8871.18883952356,0.8,0.6517123416843384,Medium,Premium,Spacious
4931,Delhi,2871.8192233105624,2,1,10.01079985422509,431.6281790540974,0,3,15029.782360622514,1.0,1.0446339991211822,Old,Luxury,Large
4932,Bangalore,671.9125269082598,1,3,2.6014923474922518,172.88891676093638,3,7,25730.86671809319,0.25,10.41802276288823,Recent,Mid-Range,Compact
4933,Chennai,3268.467034686113,1,2,21.911374727455,224.05611147766265,2,5,6855.082492798642,0.3333333333333333,1.5297691385405618,Old,Premium,Spacious
4934,Chennai,4226.194785984135,4,3,40.331806086262986,406.0920854414396,2,8,9608.929687486583,1.0,1.8929558160762996,Old,Luxury,Spacious
4935,Hyderabad,1208.7524663411173,4,1,29.298458934994777,62.8733701682059,2,7,5201.509152533357,2.0,5.7910946988087115,Old,Budget,Standard
4936,Mumbai,3174.492802669681,3,2,30.317265274230586,432.5567791467096,1,7,13626.012280857543,1.0,2.2050766642511044,Old,Luxury,Spacious
4937,Hyderabad,3171.2474500088647,2,4,10.029201504162016,169.35522403078832,1,9,5340.334574973483,0.4,2.837999917027869,Old,Mid-Range,Spacious
4938,Delhi,1238.8323382536144,3,4,17.194692162618324,20.696151963741038,3,9,1670.617671550007,0.6,7.264905606748471,Old,Budget,Standard
4939,Chennai,1055.5860817883122,3,1,42.2621051920416,132.39638962705197,0,6,12542.453136816066,1.5,5.684046146037803,Old,Mid-Range,Standard
4940,Mumbai,4910.233743394181,1,3,4.392809216325727,62.9603076298431,2,9,1282.2262833117597,0.25,1.832906633438347,Recent,Budget,Spacious
4941,Delhi,2271.736263438669,4,1,42.896532683426685,64.34475535819718,1,0,2832.4042889028046,2.0,0.0,Old,Budget,Large
4942,Delhi,1523.3977792558817,1,3,24.18450131323928,352.561152388444,1,4,23143.079055862607,0.25,2.625709486037086,Old,Luxury,Standard
4943,Mumbai,1270.9604500446871,2,1,41.85737156625586,122.70864110675112,0,6,9654.796189955137,1.0,4.720839267491793,Old,Mid-Range,Standard
4944,Delhi,3504.2077111245576,3,4,15.900320969720015,468.6763342289516,2,9,13374.673331751377,0.6,2.5683409038306557,Old,Luxury,Spacious
4945,Mumbai,3242.503837972755,2,3,16.94214757915104,267.89338236382594,2,8,8261.929538110138,0.5,2.4672291536905866,Old,Premium,Spacious
4946,Mumbai,3395.984553443379,4,1,37.58024341615714,240.8471638183609,0,3,7092.1159984120795,2.0,0.8833962442373691,Old,Premium,Spacious
4947,Bangalore,896.0271238015351,4,2,39.24980866961101,228.4560887456728,3,7,25496.55949882545,1.3333333333333333,7.812263506378474,Old,Premium,Compact
4948,Hyderabad,4520.905625742966,5,4,11.48223389950734,352.44206704238326,3,0,7795.828894005344,1.0,0.0,Old,Luxury,Spacious
4949,Delhi,2251.698785640717,2,4,48.64356624109528,237.08612601133208,0,3,10529.211434639987,0.4,1.332327405038039,Old,Premium,Large
4950,Delhi,1910.1623289366107,1,2,4.224505212241447,81.72817098809207,0,3,4278.5981981746145,0.3333333333333333,1.5705471490844984,Recent,Budget,Standard
4951,Bangalore,2580.6265126148264,2,1,3.4251481551065446,442.4826467075632,3,1,17146.326465475882,1.0,0.3875028002354155,Recent,Luxury,Large
4952,Bangalore,2255.297295864327,3,3,29.775210764305136,225.62976748431615,0,2,10004.435685621886,0.75,0.8868010455506327,Old,Premium,Large
4953,Bangalore,4386.096514126157,4,4,36.13703838858108,55.52219633576119,2,2,1265.8680938037426,0.8,0.4559863180298623,Old,Budget,Spacious
4954,Chennai,4681.674388390515,4,1,48.044306461248695,274.0956739989253,3,8,5854.65052158732,2.0,1.708790346427803,Old,Premium,Spacious
4955,Chennai,1865.539474023228,2,2,20.24728903994308,330.7264920587376,3,6,17728.195873845107,0.6666666666666666,3.216227843767027,Old,Luxury,Standard
4956,Chennai,4387.711133569796,2,3,1.2645704494816556,152.2795827957241,3,1,3470.5927113262583,0.5,0.2279092605593683,Brand New,Mid-Range,Spacious
4957,Mumbai,4016.854082898802,2,1,30.14481697232035,404.1633956834443,2,8,10061.689753783035,1.0,1.9916083170804952,Old,Luxury,Spacious
4958,Delhi,4688.634525551428,3,1,14.484801029938591,341.4924060979346,0,7,7283.408511303657,1.5,1.4929719861619484,Old,Luxury,Spacious
4959,Hyderabad,1605.876404836495,3,4,21.64735605977011,332.16376124692806,1,5,20684.26687424602,0.6,3.113564646034564,Old,Luxury,Standard
4960,Mumbai,3096.3161755444057,1,4,24.423474112496763,221.9959773765412,1,5,7169.680510340939,0.2,1.6148221681918133,Old,Premium,Spacious
4961,Delhi,1735.4506313320007,2,3,3.2256305369016918,481.7193446774181,2,1,27757.594251337865,0.5,0.5762192147364489,Recent,Luxury,Standard
4962,Delhi,4208.425207179684,1,1,24.29908922820514,151.61080061563888,2,2,3602.554237081056,0.5,0.4752371496558731,Old,Mid-Range,Spacious
4963,Bangalore,523.9588575697892,5,2,21.315983340215737,297.29864048741723,0,5,56740.83684095717,1.6666666666666667,9.542733990968022,Old,Premium,Compact
4964,Bangalore,3041.686232988782,3,2,35.62721326432966,168.34647558685643,1,2,5534.64304638148,1.0,0.6575300168402926,Old,Mid-Range,Spacious
4965,Mumbai,2026.415440723631,4,3,32.28329556061723,377.50628142634594,3,6,18629.26396235605,1.0,2.9608933486301336,Old,Luxury,Large
4966,Bangalore,1952.076681850191,5,1,9.260785907528051,42.93991225765829,2,4,2199.7041743749305,2.5,2.0490998315746354,Medium,Budget,Standard
4967,Delhi,3402.0784573921264,4,4,10.306945910519849,42.02905658002364,1,3,1235.3935133007235,0.8,0.8818138786545385,Old,Budget,Spacious
4968,Bangalore,4331.680021912973,5,1,12.550308938718665,409.21326536901984,3,7,9446.98738823976,2.5,1.6160011738144577,Old,Luxury,Spacious
4969,Chennai,3241.379261269968,1,4,8.947522014858865,228.4487173105621,3,1,7047.886066286986,0.2,0.30851064296875935,Medium,Premium,Spacious
4970,Bangalore,4339.278403910252,1,2,32.86065998342336,183.76642620817077,0,2,4234.953582203286,0.3333333333333333,0.4609061262807524,Old,Mid-Range,Spacious
4971,Delhi,1690.687003464635,3,3,49.72150896001353,311.61289384416244,2,9,18431.14031193182,0.75,5.323279815576023,Old,Luxury,Standard
4972,Mumbai,2837.758346442415,4,3,32.60541702579683,356.9116850571073,3,3,12577.240253898055,1.0,1.0571724698690361,Old,Luxury,Large
4973,Hyderabad,2527.4144258018423,5,3,30.33407730956456,116.57664648531517,2,9,4612.486393019233,1.25,3.560951424555028,Old,Mid-Range,Large
4974,Bangalore,552.402047763933,2,4,20.496396667553626,109.00699587427114,1,5,19733.271503159758,0.4,9.051378466534453,Old,Mid-Range,Compact
4975,Delhi,3005.6546441333307,2,2,15.629012942988036,479.9123589247431,1,4,15966.982762356718,0.6666666666666666,1.3308248862880867,Old,Luxury,Spacious
4976,Hyderabad,3476.859458657787,3,2,45.55368784532396,303.03886706459326,2,4,8715.879104920132,1.0,1.1504635282394093,Old,Luxury,Spacious
4977,Hyderabad,3163.6148198858155,4,3,48.45009370710765,207.2559091012487,3,6,6551.237141717816,1.0,1.8965646393755855,Old,Premium,Spacious
4978,Chennai,3813.259544525397,2,3,24.83880877938639,404.6920134413631,3,7,10612.758159154664,0.5,1.835699856845498,Old,Luxury,Spacious
4979,Hyderabad,3071.027878038847,3,4,14.510024775327873,272.07630021340026,1,5,8859.453935896789,0.6,1.6281193784515533,Old,Premium,Spacious
4980,Delhi,800.3761468284061,3,4,38.506110383488384,135.99814897979903,3,2,16991.779367577263,0.6,2.4988250935828837,Old,Mid-Range,Compact
4981,Delhi,1024.0048583812013,4,1,6.622839543343923,119.23294670795543,3,3,11643.787207850255,2.0,2.929673600125835,Medium,Mid-Range,Standard
4982,Bangalore,3184.1355989477856,2,4,38.27941188218408,210.49244776151443,1,0,6610.6621788052225,0.4,0.0,Old,Premium,Spacious
4983,Bangalore,1737.406363881381,2,1,40.94741871556693,432.75001292474224,0,4,24907.81787848267,1.0,2.302282346349857,Old,Luxury,Standard
4984,Bangalore,858.4030806564463,2,3,6.245197231358368,49.49499970124428,1,9,5765.939197631256,0.5,10.484584926136836,Medium,Budget,Compact
4985,Hyderabad,2433.212345518461,1,2,48.84307343982819,124.8924803622863,2,7,5132.822895310217,0.3333333333333333,2.876855368949915,Old,Mid-Range,Large
4986,Hyderabad,2994.451691376449,2,4,49.27561451942392,448.7128730492439,0,2,14984.809217041857,0.4,0.6679019086397975,Old,Luxury,Large
4987,Chennai,1979.3569475732293,5,2,46.83597396636756,78.43259310524024,2,9,3962.529002229827,1.6666666666666667,4.546931270296831,Old,Budget,Standard
4988,Bangalore,3741.951660016001,1,4,24.801740470313216,322.2203447668008,0,3,8611.023712835,0.2,0.8017206721444315,Old,Luxury,Spacious
4989,Mumbai,3396.967736455601,1,4,12.303707113841424,122.48545669809204,0,3,3605.72917380409,0.2,0.8831405632160059,Old,Mid-Range,Spacious
4990,Chennai,1997.682624912524,1,1,29.10046404409565,310.8160868057064,1,5,15558.832165310374,0.5,2.502900079144926,Old,Luxury,Standard
4991,Mumbai,3896.926380088523,1,4,20.996691923571788,203.8900000852314,1,8,5232.0721563284915,0.2,2.0528999574834854,Old,Premium,Spacious
4992,Hyderabad,3419.1276913986594,3,3,10.297432235859857,68.8049102868761,2,9,2012.3527547674048,0.75,2.6322503317559276,Old,Budget,Spacious
4993,Chennai,3368.5042042305595,5,2,21.18382048089238,299.58803242597105,1,2,8893.800163577458,1.6666666666666667,0.5937353432684357,Old,Premium,Spacious
4994,Chennai,2990.424653541806,4,4,33.19449178387953,347.86051860060127,0,3,11632.47895875261,0.8,1.0032020022463544,Old,Luxury,Large
4995,Delhi,551.2535063984876,2,2,3.545665539299553,346.53085710358533,1,5,62862.34066202686,0.6666666666666666,9.070237090493212,Recent,Luxury,Compact
4996,Hyderabad,3634.282325646001,1,2,16.670900072300824,325.7765163549006,2,5,8963.984830127174,0.3333333333333333,1.375787446318233,Old,Luxury,Spacious
4997,Hyderabad,2192.188059991204,4,2,0.8897445006412597,260.10789484906195,0,6,11865.218116830069,1.3333333333333333,2.7369914604972685,Brand New,Premium,Large
4998,Chennai,4741.74369571395,3,4,37.47477527308378,269.3468560924763,2,0,5680.333509715809,0.6,0.0,Old,Premium,Spacious
4999,Hyderabad,4180.9314698474245,4,1,32.03456338083504,325.10725270782063,3,8,7775.952680699759,2.0,1.9134492056842887,Old,Luxury,Spacious
5000,Chennai,3144.625112890905,1,2,3.133606735098293,351.3244936383877,1,1,11172.221839677715,0.3333333333333333,0.3180029301110185,Recent,Luxury,Spacious
