property_id,location,area_sqft,bedrooms,bathrooms,age_years,price_lakhs,parking_spaces,amenities_count
1,Hyderabad,875.8621160600844,1,4,2.4266725364834487,483.07402860894456,1,9
2,Chennai,1450.0667415111684,5,2,37.21404696470821,30.858347421008325,1,5
3,Bangalore,3886.1075191392247,3,4,37.30467310971134,303.18111030852253,3,8
4,Chennai,730.8223204154701,5,4,33.53628700393616,392.65638166354677,2,2
5,Chennai,2716.409213214302,4,1,32.18168940598103,398.19023026146704,0,7
6,Delhi,2489.48165605874,4,4,12.18585660837631,36.456865084737814,2,4
7,Bangalore,2004.805305449369,4,3,1.1172466883145604,455.0792636674108,1,6
8,Bangalore,2275.5754189351574,5,1,40.43576984427199,460.8568025250186,3,2
9,Bangalore,2884.732641186048,5,3,24.556926784791344,289.4673791140989,0,7
10,Chennai,1226.1531127477242,5,1,15.341906535130917,251.39993546583014,0,1
11,Hyderabad,3073.9814522761676,1,2,5.096595339028504,41.53638227004791,1,7
12,Bangalore,4124.445481849938,5,2,3.1360795450694203,289.73798840473694,0,1
13,Chennai,3920.724184055716,4,2,17.443336089758866,216.50195924971075,2,6
14,Delhi,1192.5495711219814,2,4,40.236853238347024,390.94707555615497,1,1
15,Hyderabad,1171.6226138366326,5,2,45.93618746669152,213.86411210532216,1,6
16,Delhi,1706.78465485211,2,1,44.83756823065323,348.1187999958607,0,0
17,Hyderabad,2124.8362685346674,4,2,46.000041737482746,68.67591019401479,1,5
18,Chennai,2338.0501163381714,5,1,45.386267156467134,83.81708996766413,3,9
19,Mumbai,3558.637475750054,1,3,26.361237580019793,87.06089151159601,2,6
20,Hyderabad,755.0619447462593,1,4,10.970781927845191,41.85223990387689,1,3
21,Delhi,656.0271690172988,2,3,39.90232914184102,279.8378524495058,3,0
22,Chennai,2263.597533247591,1,3,10.68564874262895,401.10450850094526,0,5
23,Hyderabad,3637.236614620912,1,2,13.360363837828453,312.99737777295974,1,3
24,Mumbai,1370.4590433041717,1,2,11.662716091127423,295.978345065371,3,2
25,Mumbai,3386.7701656531326,4,2,25.749120184790293,346.6994856333135,0,3
26,Bangalore,1669.2266207313476,1,3,16.091375408453995,183.0297550745671,3,5
27,Bangalore,4487.387489660823,3,4,7.707802481267073,193.73795439114988,0,4
28,Delhi,4530.604749199774,5,4,22.65867059469412,170.84964714604283,2,1
29,Hyderabad,1837.792419265969,1,3,43.69536193925835,361.81228776971625,1,1
30,Hyderabad,1534.9718928345824,1,4,28.52764274749861,97.58736112197167,2,2
31,Bangalore,2350.867874298041,1,3,43.91678029437935,26.252134550203703,2,5
32,Hyderabad,1582.3921333106694,3,3,9.79360925395687,306.17429442679634,1,0
33,Hyderabad,3525.7272948126665,1,4,8.348693683627701,472.3430550724186,2,6
34,Mumbai,4217.291080467285,1,1,28.778856284921012,312.5158001582263,2,7
35,Bangalore,3528.9145891004764,5,1,23.166445077313654,395.8023934116296,3,6
36,Chennai,4209.577012622072,3,2,33.008632082347845,342.9395405436945,0,2
37,Bangalore,2286.464729933634,3,4,39.731339551339076,258.7695936910478,2,5
38,Chennai,1203.4263681898738,1,2,37.565364782608825,364.82835285624606,1,3
39,Mumbai,3820.7792632891646,3,3,47.113058682928056,415.5699794505065,3,4
40,Delhi,2122.1352731369925,2,1,19.91282045785058,127.87118920241504,0,2
41,Hyderabad,3520.7187135310965,3,4,10.319337112409038,181.34263063190986,2,4
42,Mumbai,1717.8977389179456,3,4,27.54563199739429,127.38835160157626,2,5
43,Hyderabad,865.533356630027,3,4,5.53715600955928,237.04301868341167,1,7
44,Delhi,4966.618079694935,4,1,14.442556166581571,444.83098444000046,2,5
45,Delhi,1202.9067856876968,4,2,10.394402763157224,185.69940840095953,1,8
46,Mumbai,4947.894472835665,4,1,19.828185839854047,199.74410678266563,2,9
47,Delhi,4897.759696549013,3,2,5.560828750110769,432.97627264252725,2,9
48,Chennai,4072.1814675861783,2,3,1.5920872274048925,267.3796787574441,1,9
49,Delhi,3467.403329368989,3,3,32.83970023150159,277.01551983076854,0,9
50,Hyderabad,3100.131726129881,1,2,30.512448914490243,433.18457759946216,3,3
51,Hyderabad,4397.4569542002555,2,3,35.417946801933056,255.45283377222714,1,1
52,Hyderabad,1802.4778472876958,4,3,33.0193220135672,347.14761662210975,0,8
53,Hyderabad,2604.5654561819465,5,4,5.714734057119175,61.10943961954915,0,2
54,Chennai,3287.2548621492588,2,4,14.553944068782315,105.74322230090495,1,6
55,Bangalore,2350.35714141271,4,1,6.476330495017618,214.10057634379788,3,3
56,Mumbai,2423.689043406206,2,1,42.14862010242816,257.52275255353993,1,0
57,Hyderabad,1986.28100375938,2,1,37.345182767776166,483.55217659339013,2,7
58,Delhi,3039.0431750804123,3,4,10.076350145912121,485.9127838629392,2,3
59,Hyderabad,4327.585376068022,1,1,17.06546202449467,428.5746019898056,0,5
60,Delhi,1406.877701028408,5,1,48.33074961321071,171.48744093707577,2,6
61,Delhi,4704.948674390486,4,4,29.707967893982573,482.73357959957104,3,7
62,Hyderabad,3600.8944418670335,2,2,40.05777986505786,350.88361504458203,1,9
63,Chennai,4204.729457060135,5,4,13.229551738436458,208.6112613523522,3,1
64,Delhi,3002.8581168350524,2,2,10.502646008965261,356.80396015268786,0,8
65,Delhi,4007.8251564082857,1,4,39.19584644232742,27.93091029753276,2,9
66,Hyderabad,572.9017880276025,5,1,34.29362276157201,90.15424749162251,2,2
67,Delhi,4182.711911507909,4,3,34.04889646058818,418.2491415470565,1,0
68,Delhi,680.6248658841494,2,3,27.631729091459693,329.87534569912214,3,1
69,Hyderabad,4504.610193632881,1,2,28.17891713882744,194.81345662010432,3,7
70,Hyderabad,4963.832362573895,5,2,36.78487526531269,260.319987306905,1,9
71,Mumbai,1823.3035797955001,2,2,13.500124056059764,454.46823182996815,2,5
72,Chennai,1446.4335032860713,2,3,17.638423292847786,323.15749254996155,0,0
73,Chennai,3944.1351373611833,4,2,43.581838526002755,211.1116562884785,0,8
74,Delhi,1638.6185341411394,1,4,15.443260050607888,77.7567955508168,1,6
75,Chennai,4395.030724274915,3,4,27.315478568964952,160.99846478026927,1,9
76,Delhi,962.7916647086452,2,3,35.1319732003342,489.60331174236,1,2
77,Mumbai,1066.7983837071122,5,4,49.99624134165882,229.9342701688532,3,6
78,Hyderabad,4906.18199795277,4,2,21.764566574766597,246.48294264553323,2,5
79,Hyderabad,3532.275042215021,4,3,21.40464383124719,259.32705555056737,2,2
80,Hyderabad,4310.992509930287,2,2,42.12941897168337,444.36993101514133,1,7
81,Chennai,1959.482198081831,2,4,40.27515556299316,309.88557650494874,0,0
82,Mumbai,3544.17687284272,2,2,36.55379408672743,352.96497749692264,3,4
83,Chennai,3174.0882228886876,3,3,23.161481870451446,206.91850042356992,1,7
84,Chennai,3214.1755405532613,2,2,16.19695600803579,33.96205692270769,3,2
85,Mumbai,3571.396067919747,1,4,30.436524129242432,466.8669988365653,1,9
86,Mumbai,3089.1162790809435,5,1,43.811164656582044,475.5812868398751,3,5
87,Mumbai,2430.780661861997,2,3,44.188872910429325,475.59346560706456,0,9
88,Mumbai,1741.6521247124608,3,2,5.4249172535219214,472.9698015904239,0,1
89,Hyderabad,3958.615989109409,5,3,21.41751419065753,411.3161317133893,0,8
90,Bangalore,1518.225935014338,4,2,23.236097809937473,348.6061040558369,0,1
91,Bangalore,3615.594377694864,2,1,48.88076837618766,425.3647607682971,2,4
92,Mumbai,1549.9977019219698,5,4,33.89990076212923,308.2621947204974,2,2
93,Bangalore,3313.9857647950425,4,2,20.362320863103527,84.49741466817133,3,9
94,Bangalore,3861.85220208063,3,2,1.30289429927965,207.7847192198821,1,8
95,Mumbai,1484.2125000794263,1,1,28.269258004959795,486.22155774701,2,8
96,Bangalore,769.7448538758872,2,3,4.8037987819178065,188.54615052591504,1,6
97,Chennai,1089.3818434737832,1,4,41.72249786738816,436.55739859105734,3,9
98,Delhi,3226.986352719615,3,2,37.625933028518105,64.7415059719374,1,4
99,Delhi,4322.50882801581,5,2,23.02545799540894,180.40824434022542,0,8
100,Mumbai,702.4856955594097,5,4,21.460538977084987,188.4575958691422,0,6
101,Hyderabad,3803.6806656874082,3,1,44.866948278438436,44.769220692310476,2,1
102,Mumbai,2035.9339067752346,3,3,14.42291752090642,77.16527848964239,3,9
103,Hyderabad,2653.3776646378515,2,4,12.45099810533854,112.71930133845007,2,0
104,Delhi,4679.867974305045,4,3,46.9598716412881,422.1514835888542,2,9
105,Mumbai,1993.8717713113047,1,1,40.46229183767413,50.43295517110707,2,9
106,Chennai,2594.0162027276874,1,1,41.03127965335973,163.37643264530587,3,3
107,Bangalore,561.570866423065,5,4,9.759690713796276,24.884001242848406,0,9
108,Hyderabad,867.1942400217727,5,2,7.1647995715467205,353.9013177934519,0,7
109,Bangalore,1663.662160106528,2,1,1.301477490856745,317.7454832208223,2,5
110,Bangalore,625.3350836948348,3,1,11.852075445934002,329.59148578550804,1,1
111,Mumbai,3341.188967217129,1,4,38.70952458571624,199.703736663017,0,4
112,Bangalore,2418.792605607301,2,4,12.001920938207489,119.96855420843315,0,8
113,Chennai,2966.653412276099,5,4,36.45516417974381,365.753702377296,3,5
114,Bangalore,1285.912336533483,5,1,12.595413268371075,409.33657891553366,0,5
115,Mumbai,1831.6941324647726,1,3,19.764624897533583,86.52871908713685,0,6
116,Chennai,3487.210136837263,5,1,49.15811449557042,253.67812540996223,2,4
117,Delhi,4843.862256336799,5,4,12.24058656420678,139.383527349854,2,2
118,Bangalore,726.8754812099414,4,2,18.818531364913383,100.69129337894418,3,2
119,Mumbai,4506.729443848697,3,2,15.054359023260682,372.47615047759956,3,4
120,Delhi,3095.965405900438,5,4,5.481249316500114,278.2865290269618,1,3
121,Delhi,3037.638050400307,4,2,24.49470710654125,123.76895954176052,0,4
122,Hyderabad,2751.2534084349213,2,1,18.934533166650112,168.80000538154164,2,8
123,Chennai,812.2733865688252,5,3,34.74435429036401,483.99376223731633,2,4
124,Bangalore,904.445832812723,2,1,40.87972734757731,427.3661910601072,0,3
125,Mumbai,3204.1040254658874,5,4,27.212485724781928,442.3744365791016,3,3
126,Hyderabad,2034.3135714600123,1,1,1.6098211043668431,240.80580659873985,2,0
127,Chennai,4627.706299599563,4,2,30.94611781173608,319.42748668202,3,9
128,Hyderabad,2329.657418117625,4,1,2.76953650104696,200.84851529811758,2,3
129,Chennai,1144.7665641618848,1,3,30.817816179951247,57.301748330667465,2,3
130,Chennai,3716.234750759162,3,2,34.25149746345942,212.5132691152556,1,8
131,Bangalore,1820.0903964845443,4,3,9.888381380875922,305.11076153942946,2,3
132,Chennai,2864.616383101519,2,3,40.967307436088554,157.8292499687031,0,6
133,Hyderabad,3640.247534773265,4,3,45.55425657870243,427.0162758691596,0,0
134,Chennai,4551.1885004093165,3,1,40.65434820569098,92.52807640380735,0,6
135,Bangalore,4064.8603766075425,2,1,15.255459510604108,196.22196292972154,3,1
136,Bangalore,3543.6248054272583,2,1,29.332150622281723,79.9538745556174,2,7
137,Hyderabad,3558.349320778146,1,1,45.74075745956139,214.31942431290815,3,0
138,Delhi,4756.66089814439,5,2,16.033236311142495,39.037426387649816,1,9
139,Delhi,1831.208438734412,1,1,41.001391113271254,150.8237096295898,2,2
140,Chennai,505.00442388284335,5,2,0.47375656308482617,212.35292245456816,0,7
141,Mumbai,1723.7955172918942,1,3,0.1823351392338135,249.51937437281197,1,9
142,Chennai,1480.511208320348,5,2,37.98558301694837,280.9742520680681,1,7
143,Hyderabad,3478.255633012992,4,4,38.07237910635606,151.99574229916107,2,4
144,Hyderabad,3351.702198944881,2,1,39.448859392614686,271.05984061513874,0,4
145,Hyderabad,3170.576222171257,5,4,46.501341894408114,264.3222183497887,3,7
146,Hyderabad,573.0954944425416,4,2,5.895315591014211,171.76546442058003,2,9
147,Hyderabad,3779.5012450279137,3,1,11.599249249184417,418.4961587151096,0,4
148,Bangalore,1955.8868561847119,1,4,45.186246018690376,281.90774076491124,1,8
149,Delhi,3492.75195052984,3,1,8.861809888617673,179.4894649983416,2,0
150,Hyderabad,3004.60292825969,4,2,34.1114633788292,474.7224857987727,1,4
151,Mumbai,2042.2891644255824,3,4,26.52315000204077,425.6539582741573,0,2
152,Mumbai,1105.593201968485,3,2,4.159683842575363,491.6421495448644,3,2
153,Mumbai,924.8850394721643,4,4,14.263183097076643,352.27225982980195,3,1
154,Mumbai,4241.832499005006,2,3,26.018610822048394,201.5469946429025,1,2
155,Bangalore,4632.788939367011,5,3,42.617505834191704,154.81312000592592,1,6
156,Mumbai,3424.046210439348,1,3,35.376924480733685,338.3925649637509,1,7
157,Hyderabad,965.4535168721752,5,3,31.09415807274665,490.79195959774574,2,7
158,Chennai,2309.1224759970833,1,3,24.80164449707074,320.8232384498474,0,7
159,Mumbai,3780.2264004732074,5,2,14.934199190706716,443.17517167512233,1,0
160,Bangalore,4009.1939780453063,3,3,5.962245565963059,177.96964690292893,1,6
161,Bangalore,1031.9838003098987,2,2,20.453801728304775,215.3378155876427,1,1
162,Mumbai,500.1382348042209,3,3,1.4259246955646288,455.0121150028896,3,9
163,Chennai,3704.6167064627225,2,1,10.55279446334253,383.29601693975303,1,3
164,Mumbai,2104.6827919379257,4,3,21.624168793632993,491.0769537765948,0,4
165,Bangalore,1645.1659922821711,1,1,20.930259283595753,391.88682067147613,3,0
166,Delhi,558.0386140528644,1,2,2.21477154984962,235.28753946475123,0,3
167,Hyderabad,2931.3473304267486,4,3,29.453007676264566,274.9126495147343,3,3
168,Bangalore,4330.178309416918,5,4,27.48421279266181,452.2474363823056,3,8
169,Mumbai,4809.342408226646,4,2,3.905215201045642,284.790433327063,2,8
170,Hyderabad,3045.8522777598014,4,3,47.15815262302196,142.59073959893368,3,9
171,Mumbai,2815.0759748295236,2,2,4.969138947543006,229.09751012957574,3,0
172,Mumbai,882.753734701585,4,4,42.741707561866804,267.8316746475766,0,7
173,Delhi,2969.9276069416987,1,3,0.015486595750296983,66.42552010454219,0,3
174,Hyderabad,2209.9058553442756,3,4,44.114054752269155,377.0060836413873,1,3
175,Hyderabad,3232.1087639760963,2,3,0.9859866102156278,72.48988801038705,2,4
176,Delhi,2249.2685654444604,2,1,37.8906015946058,214.3605024170267,3,1
177,Bangalore,1581.3460555266504,5,2,18.084540565012645,406.2187719393942,2,0
178,Mumbai,927.3437385276943,3,4,36.910840006815995,244.4337735743825,1,4
179,Chennai,1917.1330006500307,2,2,20.087260271248926,424.1674494648838,2,6
180,Mumbai,934.9017542948852,4,4,3.5453961165920864,184.1030345869352,3,9
181,Mumbai,1296.0362787079277,2,2,38.3753347697682,479.665421119249,0,8
182,Bangalore,4943.012713607956,2,2,3.5626342660682484,120.54484726651307,2,1
183,Mumbai,2498.4660060797837,2,2,46.1060217980609,38.36678959486463,3,7
184,Delhi,2893.4229492725744,5,1,2.5487017895830686,438.7647406354009,1,6
185,Delhi,4431.283379317469,2,3,23.966263888575774,381.0573036561959,3,1
186,Hyderabad,4980.060052208095,2,1,36.15172154253978,131.35224179233893,2,4
187,Chennai,3122.215022051067,5,2,19.662323239601886,492.6759714256035,3,6
188,Mumbai,4156.132194698772,3,4,10.861673729621735,261.0944620488933,3,2
189,Mumbai,1971.2346095150388,1,2,37.954548069801355,476.5114112691985,2,1
190,Bangalore,1875.84780851281,5,3,39.21473523943632,262.4138102657597,2,5
191,Delhi,2312.166744475521,5,1,46.134749197718364,246.4998016502197,1,9
192,Chennai,3526.2826820314212,2,3,18.808255521553885,235.58649782934322,3,5
193,Hyderabad,3569.8626016479443,2,4,25.312586724866343,180.7401325438161,0,3
194,Delhi,1918.5774559225285,1,3,18.1564221423036,276.1767186447448,2,0
195,Hyderabad,1099.4446586148292,2,1,12.85409109256841,237.22623773531257,3,4
196,Bangalore,3345.7831540947886,4,4,37.551648076880426,37.638500779305986,0,0
197,Bangalore,1077.4663798494403,2,3,16.982592250847773,145.0089120432812,0,7
198,Mumbai,3103.2162870319853,2,1,21.407472099617603,122.29894405066803,3,1
199,Chennai,3620.3995762533905,4,1,20.183682881201392,436.36908911411194,3,8
200,Hyderabad,3652.7517337750323,1,2,35.633061282337295,307.45758906888386,3,8
201,Delhi,3890.6244979681856,4,3,45.88978130553399,386.5678882158692,0,2
202,Bangalore,4427.867397045491,5,4,33.33780306536887,479.27649811965466,3,5
203,Mumbai,2749.815463841548,4,2,23.57912980471163,329.1388508126768,2,8
204,Mumbai,3786.1213528830704,3,3,38.96025573694417,491.6527958742773,0,6
205,Hyderabad,3286.2773091462655,5,3,32.04856620610688,169.6467447930222,2,3
206,Bangalore,1339.8797290895716,2,4,3.0305178558906745,109.40824751018906,2,2
207,Chennai,615.6034019123367,5,2,4.783179320942082,213.5887462365975,3,1
208,Bangalore,1780.436235546202,1,2,1.8958472036816665,245.98371916918785,2,9
209,Hyderabad,2493.651678519287,1,4,22.840816310315994,449.7735405692408,3,9
210,Hyderabad,3276.9767499289533,4,2,41.29267171694824,288.77141073760464,0,0
211,Bangalore,4324.816987264425,5,1,15.654158467567603,160.24687972064817,2,9
212,Hyderabad,1383.1057251777454,2,4,19.208009154624083,376.46445577641003,3,0
213,Bangalore,1064.9740545431468,1,3,45.473855418394535,262.79932982675405,1,3
214,Delhi,4835.659763634474,2,4,41.845172265832744,97.82333373208168,3,3
215,Bangalore,986.200517193832,3,1,33.252405619128,296.8734980438011,1,8
216,Bangalore,2653.209815482351,1,4,13.340189104612566,457.46937766749625,3,9
217,Hyderabad,3135.0367795698585,4,3,5.852074134422175,424.45885638839366,1,0
218,Hyderabad,2936.184894083472,3,3,0.8029411340056858,301.6687868649589,2,3
219,Mumbai,887.1447066482444,5,4,5.350533630221044,200.9999234647943,1,2
220,Mumbai,756.6211130162872,2,4,14.629822181197138,61.74980051082136,2,8
221,Delhi,974.6754235746605,1,1,27.589503178974784,245.4314831991794,2,4
222,Mumbai,3135.1445774267563,3,1,3.200004137619344,380.998130014198,3,8
223,Bangalore,2949.551994354445,3,3,6.811388915922451,192.9313854718451,2,9
224,Hyderabad,1551.8335641653491,1,2,9.054035115397053,133.01447626479893,0,5
225,Mumbai,3369.983638305162,5,2,31.599104649165312,467.06226525005764,1,8
226,Mumbai,4190.303759250422,5,2,30.78948994900622,414.3467362198364,3,0
227,Delhi,687.1053193096719,4,2,27.538286318607646,326.3722973216694,2,3
228,Delhi,2741.584745966191,5,3,12.52507123479698,85.6560050818493,1,3
229,Bangalore,3601.896854462106,4,2,18.5559845609366,89.55624339496305,1,9
230,Hyderabad,1635.403671813592,3,2,4.834485816887152,69.54540389877391,0,9
231,Delhi,1884.969073819171,1,4,11.323030187902743,315.8224001085167,1,5
232,Mumbai,3261.370563452227,5,2,44.885261323629024,75.47014230720129,3,9
233,Hyderabad,4540.708820496816,4,4,48.98458732179142,424.46105545406385,3,0
234,Hyderabad,4144.659891363047,3,3,32.38297928201474,496.62320087327464,2,9
235,Mumbai,3124.0859859481257,5,4,45.84116460117101,195.8471286601593,2,4
236,Delhi,3785.9977299076213,2,1,32.13709502007126,237.7615265442068,3,2
237,Mumbai,2141.701115935094,3,4,1.659824305273494,361.6002449531258,1,0
238,Hyderabad,3384.3448764444097,5,2,49.83812924932045,469.8334430363676,1,5
239,Chennai,2597.8171600740066,3,4,4.9476150843267455,449.16501130706484,0,2
240,Chennai,1354.712614059024,1,4,34.132090072253035,47.64407779992732,2,3
241,Bangalore,3657.8222324476574,1,3,12.641810153739502,101.15446522724721,1,8
242,Mumbai,3004.090868069699,1,3,19.599055645348006,382.2066553077403,1,1
243,Mumbai,2113.797118791161,2,2,32.29670924004691,350.6686918555747,2,0
244,Bangalore,4601.026355353838,1,1,21.824367465385354,83.94492513925917,3,9
245,Bangalore,594.2035302202997,2,1,12.527302946556413,260.9909993607525,1,5
246,Bangalore,1920.979180622732,1,4,16.722309343916237,394.7910229209419,0,0
247,Hyderabad,755.9662899994096,3,1,17.077405846158815,125.01472748609295,1,0
248,Mumbai,3949.3729229973223,5,3,47.96619522541069,438.21806515263984,1,6
249,Hyderabad,3659.4835435120667,5,2,39.93065079617255,45.426451913776624,0,1
250,Bangalore,1991.0849843134267,1,2,22.927438573970004,395.4536408326755,3,3
251,Mumbai,3540.483059931829,5,3,9.991046017068205,315.5930718991377,0,3
252,Hyderabad,2281.7175178817743,1,2,40.5508055131328,171.29568639408757,0,1
253,Hyderabad,3903.1420614009544,1,4,7.859123580418675,366.04762320411743,2,5
254,Bangalore,2543.8264823151776,4,2,10.523110857100171,395.53558167255665,1,9
255,Mumbai,2355.258775242495,4,1,18.30066959200756,468.2715062259052,3,1
256,Bangalore,4706.284619697354,4,2,44.0174097925995,196.53184263404654,1,7
257,Mumbai,1628.955949508151,2,2,6.589333431705513,349.2880332703784,3,3
258,Chennai,1042.0130299845446,4,3,6.111709642726304,309.2558129286516,0,0
259,Delhi,3130.4440096675617,1,3,24.6987494152633,272.09891333940243,2,6
260,Delhi,4861.948155278805,3,1,13.820527054683735,447.3999075944182,0,5
261,Delhi,2200.2764617723396,4,3,28.436397082407993,21.520310786432155,1,5
262,Bangalore,779.1654363295169,4,1,22.581834234161175,155.41357092972686,2,2
263,Chennai,2026.8737028930536,3,4,21.74795531756084,278.37307498151847,2,9
264,Mumbai,2776.692444438013,1,1,5.598648524349664,105.58076558554512,1,6
265,Hyderabad,1228.6535298449617,2,2,7.052484512492008,455.775936191724,3,5
266,Mumbai,3461.459981254214,4,1,41.0539288723425,330.8456564542474,2,9
267,Hyderabad,4989.872250545903,3,4,44.29413687858722,249.38383742335515,3,9
268,Mumbai,2532.827641916497,1,2,11.734176644262512,411.0568443519942,3,8
269,Chennai,2096.278505285957,5,1,5.673025076238453,236.4253719032498,3,2
270,Hyderabad,2303.1687507550996,2,3,2.6708335967255303,288.1534457264046,2,2
271,Bangalore,1018.1578027784051,3,3,30.414880687094843,21.32047786588208,0,3
272,Mumbai,4474.731206418007,3,3,35.76766062501028,195.53625449363528,2,2
273,Mumbai,2366.715449846084,3,1,18.640499460160274,86.61942672846548,0,3
274,Hyderabad,2242.7348514117857,4,1,33.98379337453198,351.0505667178997,2,5
275,Bangalore,3468.6062281871345,5,4,35.6479407779763,249.93294030835222,0,0
276,Bangalore,2489.1503941900555,2,2,46.76711406984527,164.84362748011077,0,1
277,Chennai,3417.0506096353074,1,2,3.2436818917553625,244.55952289843634,2,9
278,Bangalore,776.5083055885439,1,2,9.614586161553989,120.62234621664616,3,5
279,Bangalore,4161.755046750024,5,2,3.426299379849407,464.04158359334747,3,5
280,Bangalore,4732.267787957312,3,1,43.399696666805525,45.906863624438245,0,0
281,Delhi,3419.444237717237,3,1,39.629358001678426,435.40017694213776,1,5
282,Chennai,4795.5466798646485,3,4,28.73210353109195,265.4522185920084,1,8
283,Mumbai,1181.445414664835,3,2,4.183170502559158,317.0943181466323,2,7
284,Hyderabad,2648.3728526615914,3,1,13.665617932685981,165.25069803617782,2,9
285,Mumbai,3208.1303027545127,5,1,14.885992402925845,484.01485606127426,2,4
286,Chennai,3117.81491339534,4,1,28.037159800770855,155.2884600893551,1,3
287,Hyderabad,2306.5780059006947,2,1,12.902194701835773,302.66143862734606,3,5
288,Chennai,2021.3798421481763,3,2,3.647993195647742,496.8400184514219,2,4
289,Bangalore,1070.7081014768846,4,2,36.53811509266497,442.92531026405396,2,5
290,Hyderabad,2262.841027530252,1,1,14.954010582770566,277.4383161373309,3,9
291,Bangalore,1231.973667974683,5,3,22.61870885116503,495.3797710242618,0,2
292,Mumbai,3804.6455442149827,4,4,6.383331749115268,356.65753363165504,2,6
293,Mumbai,1439.7392097256547,3,2,40.127415169728984,120.17619974806848,1,7
294,Hyderabad,763.5438737804024,3,2,28.27659384620288,214.68618100918707,1,4
295,Hyderabad,2985.6476201775545,3,3,45.079281310493144,180.5568003255445,2,4
296,Chennai,3178.533797237307,4,2,24.77357815326667,185.12657997017078,1,3
297,Chennai,4423.608775762275,3,3,47.071283590893984,385.0190908927358,3,9
298,Bangalore,3096.4172558795685,4,3,44.5934102190663,300.4462050909409,0,4
299,Hyderabad,2054.663841755506,3,1,28.822992822961695,38.2845015629737,0,9
300,Mumbai,4113.553466868442,1,2,46.694671907493166,441.1752721524685,2,7
301,Chennai,2931.255019343395,1,4,16.154437364727613,162.46214743047898,2,4
302,Chennai,856.7612808403628,2,3,18.282108135210567,498.59594091830894,0,8
303,Mumbai,3046.3275214096097,3,4,2.273897565301847,478.0115505606972,0,0
304,Chennai,4586.083454397481,3,1,29.460045338192653,471.45474400734327,2,6
305,Bangalore,2283.4068147419925,4,2,36.09619849644667,409.3412499507074,1,4
306,Hyderabad,1833.4661085491002,4,1,38.67595951210516,125.89439920810044,2,3
307,Mumbai,1145.6125565810903,3,1,7.490814302305165,275.66371713381534,3,2
308,Hyderabad,1181.504848709108,2,4,22.207953615625016,127.6652608759878,2,9
309,Chennai,2447.471679538185,3,4,8.843160604695782,144.64421868269562,2,6
310,Chennai,3180.559208726883,4,3,33.10636744271244,313.25684932941317,2,1
311,Mumbai,862.7693232632079,3,2,7.897318621088406,39.60010176947043,2,4
312,Bangalore,4728.058650613246,4,1,45.208184197803746,485.3401120739397,2,1
313,Delhi,3898.1012785033818,3,3,11.531732283070667,460.96312283742293,2,6
314,Mumbai,3139.807632276482,5,3,14.570113314412241,202.76843463570552,1,5
315,Delhi,4227.9740192254585,4,1,42.545316107549986,267.40277504331823,2,9
316,Delhi,860.8404056545098,2,1,22.92338050728619,243.73732124852432,0,6
317,Bangalore,2645.77494979906,5,3,1.1997972900036513,443.4558937363855,2,8
318,Delhi,3335.4190708774854,3,1,24.72931256013229,350.5289006317333,1,1
319,Delhi,4228.938077532302,4,1,4.227166769006152,153.4933987636911,3,8
320,Bangalore,4025.6130202217046,5,4,49.26723593436553,234.4838021433425,0,6
321,Delhi,1746.8116237102984,2,2,29.405578522780118,225.9036683296466,2,1
322,Delhi,4733.960763016419,4,3,12.826630880548922,480.48088077628097,2,9
323,Delhi,1059.5562864389167,5,1,28.18588397738089,104.14923704702703,0,1
324,Mumbai,4438.101283795184,5,3,3.843355169087742,62.996641901325944,2,3
325,Mumbai,4869.231123220783,5,2,39.99456521344085,442.6970394376113,1,1
326,Mumbai,1297.190854501815,1,3,46.266402693208185,450.409274962818,2,0
327,Bangalore,3749.2972889170337,3,3,43.72221941030798,438.43476219783906,3,5
328,Chennai,681.2848345009932,4,3,17.08788011492814,265.2689195002671,1,9
329,Delhi,2324.4027131261973,4,4,16.288405982168424,336.677325569341,2,4
330,Delhi,2823.274846389533,4,2,1.7543805608149998,290.4142628292723,3,2
331,Bangalore,3112.9035165933533,5,2,32.57001793504584,53.33495650611244,0,0
332,Delhi,4711.717617118517,3,3,26.745239209489746,306.00075051234677,1,8
333,Mumbai,3525.128092823876,2,3,22.96731856636707,26.534790682928424,2,7
334,Chennai,2665.7507804865663,4,2,45.38154766673535,175.99395658740136,2,5
335,Hyderabad,4143.537663196502,3,1,8.393945054142316,467.5004364191202,0,5
336,Delhi,4777.39769429484,3,4,0.48331333450911673,165.94172942518765,0,3
337,Mumbai,599.2976690703088,1,2,3.6658226060382715,471.116788469239,1,1
338,Hyderabad,4921.345725152174,4,3,11.168571891368446,140.06429943163724,1,3
339,Chennai,887.5946257865614,5,1,1.6642774631728474,170.9898754215356,1,1
340,Hyderabad,4164.740506709426,3,1,25.142185532156773,321.6355982905057,2,6
341,Mumbai,1761.5063864813562,3,1,15.704522761678902,385.58094693886153,2,8
342,Hyderabad,1094.808459892423,2,4,9.024150403406633,260.66612864234435,1,1
343,Bangalore,2479.350378712257,1,4,37.50420374743311,443.41552985319464,2,8
344,Hyderabad,3397.804607514261,3,2,10.222566311626501,39.31540237309724,0,8
345,Delhi,2214.283302605638,3,2,34.38025504968966,462.6535225444979,3,7
346,Delhi,745.5443372721453,5,2,17.463245292381945,114.22774394979585,2,0
347,Bangalore,3197.5751284642247,5,2,25.59138803312773,444.4345976406349,1,4
348,Mumbai,4560.814742498036,2,3,46.693351992565994,212.41432615346264,2,9
349,Delhi,2224.4691467626326,2,4,1.8675817407906414,419.72338681809805,0,3
350,Chennai,1473.4974993387218,2,1,25.013225373873095,342.39946390577364,1,6
351,Delhi,2491.5980566976696,5,3,42.72114801638091,104.45198358956581,3,7
352,Delhi,717.6321997195139,5,2,29.398712418517427,460.66283354309525,1,9
353,Mumbai,4192.194130161237,1,2,13.843525848257832,137.84834743446063,1,7
354,Hyderabad,4218.53364927584,4,3,19.884056757251717,137.18725697359957,1,1
355,Delhi,3146.002085433328,4,1,34.01328143642873,410.8058703859426,2,2
356,Bangalore,2088.9630002227527,1,4,44.540594715690155,70.81916267481009,3,9
357,Hyderabad,4099.025140006025,4,4,2.05331868733058,126.57723505782096,0,9
358,Chennai,2996.0916115476525,5,1,3.576941094518821,261.76523524210995,2,6
359,Mumbai,4216.695388475073,4,4,16.252576180479377,418.62897376957966,3,3
360,Chennai,3341.564566623593,5,2,11.63898422187395,90.79230787388839,3,5
361,Hyderabad,4029.824629457588,1,2,13.246544311120301,282.88075256592623,2,7
362,Hyderabad,3193.53346947992,2,2,11.063499931294047,361.395484065411,1,7
363,Hyderabad,2363.634806970498,1,2,9.791252442757886,433.08570786365664,3,6
364,Chennai,4810.756369667619,4,1,6.531198343464589,469.0714688970654,0,1
365,Hyderabad,2935.0122119548014,5,4,46.6977065897619,396.62715894508756,2,1
366,Chennai,3222.9028334324225,4,4,7.209473195307653,333.3576311465609,3,2
367,Hyderabad,1492.1943773663716,4,3,10.220188738276809,228.1376409501276,0,3
368,Bangalore,3315.4285524227444,2,1,12.313286199039286,73.81287401044142,0,0
369,Hyderabad,3072.2344226732475,4,4,46.65074365652103,360.6738524122502,0,4
370,Chennai,1331.7727907616122,2,4,37.78570668005424,496.51390614823373,0,6
371,Delhi,768.1419380891467,5,3,39.48497151577573,373.6450854714079,2,9
372,Hyderabad,3219.61693871647,5,2,5.237912976924902,28.021324994108614,0,4
373,Delhi,3936.6152120764423,2,4,41.81549375078358,258.20478946008257,2,6
374,Bangalore,2855.306169149037,1,2,20.409654090870898,315.03038359179385,0,4
375,Mumbai,1520.4768139384057,5,3,13.141151310619437,351.04361652936467,0,9
376,Bangalore,3499.3488951186573,1,4,28.787504176015528,365.4684010883401,2,7
377,Hyderabad,860.4757697432101,5,2,41.10914529083669,287.89205178393155,1,6
378,Delhi,2488.2516716087957,5,1,38.93260755374547,127.21295971243534,3,0
379,Delhi,1235.1504127928908,3,2,44.49987412905661,472.2563175087424,3,0
380,Chennai,1330.0657297694752,4,2,46.406609300772196,354.39990447855774,2,4
381,Delhi,1410.3227712119165,4,2,11.906103571387478,133.68321769731654,0,1
382,Chennai,2240.1817566979007,1,2,21.192894708463584,174.714479489731,2,8
383,Mumbai,730.1759252917893,4,1,0.7314269602535006,462.5252819025775,0,1
384,Hyderabad,2290.070484180942,1,3,43.966082963253,445.9928896195212,2,8
385,Chennai,2802.6835120161536,5,2,7.728607573738378,214.470290411883,3,9
386,Mumbai,2674.8242823484634,3,2,43.07374061713472,38.38746655589647,2,1
387,Delhi,2222.5284518136823,3,4,16.469366099329818,43.278737069090326,3,3
388,Delhi,4276.159736318386,5,4,18.40667949905691,156.28077964082675,3,2
389,Mumbai,1153.9701158922685,2,1,1.9566127241929687,321.97866528271976,3,5
390,Delhi,2775.635347016183,2,1,16.34393948826598,300.4134249605897,2,3
391,Mumbai,779.1863763044944,4,1,44.418184140063204,324.2373377330925,1,8
392,Chennai,820.2005549505939,1,4,1.277370056080207,364.2958265274112,2,8
393,Chennai,3082.396323546933,3,2,20.316373652336267,29.135481724514438,2,9
394,Mumbai,3047.082911995194,4,4,1.5699814906370568,70.44108568277258,1,8
395,Chennai,4451.150807800057,5,3,18.54617125545325,192.55205687706206,1,2
396,Chennai,3010.4315404703293,3,1,8.63203203901456,94.33279881035924,3,2
397,Chennai,4819.059591821826,1,1,12.610919663418601,56.153620421385995,0,3
398,Bangalore,719.126817799684,1,1,43.87991865807095,327.66291007871934,0,8
399,Hyderabad,941.0345815133348,2,3,21.80246103109455,411.36150919572754,3,5
400,Delhi,698.2963770667163,4,2,13.689899570095609,381.2607955684556,2,8
401,Bangalore,1333.74582650093,5,2,29.46691889752739,412.17909373240605,0,7
402,Chennai,2935.7154992375513,3,2,7.1053479916291185,339.61114114778104,2,6
403,Mumbai,3405.074816423426,1,1,12.969580371042793,372.96575447081705,1,4
404,Chennai,705.1332107690096,3,2,27.312398380144426,150.45381161998463,1,8
405,Hyderabad,4756.8690043051965,5,4,11.87615209240344,496.6438574163989,3,3
406,Chennai,4289.744194926714,3,1,33.956386870043666,107.9195141570658,2,3
407,Mumbai,1834.756169706919,4,3,24.574565112976128,122.9570597069036,3,7
408,Hyderabad,847.3438860191059,2,3,38.59945351273454,158.6824792716065,0,3
409,Chennai,1264.4918294857578,3,2,47.412226786123426,488.15956645115784,0,6
410,Hyderabad,1071.249861897377,2,1,5.790244467370387,494.3785228898749,0,3
411,Delhi,1054.777006845261,5,4,16.733250499227243,401.5489998591188,2,0
412,Delhi,2833.5275989958027,2,4,15.977453143920329,321.9476473086242,3,9
413,Chennai,1606.3134912203013,3,1,7.559145966862713,269.6300360886145,3,8
414,Hyderabad,2111.6287243811503,3,2,40.51515686667354,485.89800592968595,0,3
415,Mumbai,4952.774000229451,1,3,37.9939352019395,353.8989453719588,3,2
416,Chennai,3579.4141201640514,3,3,24.221273541719953,473.4704615964945,1,2
417,Delhi,4770.413001711506,2,4,26.88853888973048,171.94438374925946,1,8
418,Delhi,1141.5044976490203,1,4,2.9772069001248127,180.2119002893915,1,7
419,Chennai,2219.6276367465616,3,4,27.77536761635228,430.2678051768491,1,9
420,Hyderabad,2996.2931147705945,3,3,39.56707620098182,91.93036188094129,3,6
421,Delhi,845.411278499321,5,4,28.69137867919286,474.04537342211637,1,6
422,Hyderabad,518.8434963258104,1,3,13.265318506020945,263.5876902384356,1,3
423,Delhi,3516.9545020861287,5,3,33.37741361671686,464.6786617201749,1,2
424,Delhi,3388.1878256064592,5,2,18.07442149826238,181.6605385883903,1,3
425,Bangalore,2348.549644998253,5,2,27.24366421428676,363.66027398691057,1,5
426,Delhi,2703.3983421441467,4,2,24.378268163946238,251.78005854689104,2,3
427,Mumbai,2369.4935026644034,5,4,19.058750048259004,320.8657425178271,2,3
428,Chennai,608.0227018019998,2,3,35.943899019706755,262.09879670679305,1,1
429,Chennai,2009.1722279785808,3,4,44.19380559929409,484.2154963382535,1,6
430,Hyderabad,1296.8701492878042,4,3,0.26062592384624717,352.2105909506803,3,5
431,Delhi,942.9088509561593,5,2,46.680825961518366,140.6331049406314,1,1
432,Mumbai,4805.241952502074,3,2,25.575756804161248,456.64492251444057,0,4
433,Hyderabad,3197.1187626897454,1,4,35.03659401816326,161.1342743144501,2,5
434,Bangalore,3778.953279064712,1,3,42.78122830879386,198.37044766441102,1,4
435,Hyderabad,1919.1368446975287,3,4,23.355184615713497,69.01937504970242,2,3
436,Hyderabad,2269.162082723068,2,1,41.74870366824452,451.9839295021716,1,8
437,Delhi,1566.1579725352556,3,4,8.880990972760111,157.33377114937423,0,2
438,Bangalore,936.3455193444113,3,2,7.958376723990723,144.2804566070635,1,1
439,Hyderabad,1305.642368487127,4,3,32.873568442807674,461.72604703757787,2,8
440,Mumbai,4088.8132038341864,1,3,43.50715027758686,406.652893954416,2,7
441,Mumbai,3548.956123326991,1,4,44.62130887680197,87.71788232929971,2,8
442,Chennai,2961.179941934646,5,2,32.187022918862326,389.2757618737667,3,9
443,Bangalore,2637.9044279004565,3,1,26.274461510465873,458.25588706581954,2,2
444,Bangalore,4650.95427645256,3,4,16.56965438482581,57.68538474115708,1,0
445,Chennai,827.3072650040078,2,3,49.00002077996657,416.10319755419505,0,0
446,Hyderabad,1762.7036595706218,1,2,15.984784333312524,282.7616248990669,0,2
447,Bangalore,2074.720341068213,2,3,37.20930536157966,341.2147757018243,1,3
448,Mumbai,4020.916154957545,4,3,26.599089995250036,256.5700826743697,3,1
449,Mumbai,4966.315790728871,5,3,30.425617126267333,354.9454807545338,1,7
450,Delhi,1583.017316407189,2,3,19.67402752943131,36.36697360004155,2,2
451,Bangalore,4434.383003616863,1,1,48.24115627361239,386.0992271471762,3,3
452,Hyderabad,4237.802421943061,4,2,28.58411630496355,36.00497497230003,1,5
453,Chennai,1510.9582893879497,3,4,46.8893815229395,238.54392691872485,3,9
454,Chennai,2296.996610896502,4,2,0.37957080869570614,92.46319670254154,0,5
455,Hyderabad,2343.527911816336,2,2,28.633529159556048,415.31565312862745,1,1
456,Delhi,4901.993008369513,1,2,35.85934448626357,170.55723640432092,1,5
457,Chennai,1314.0135562050425,2,4,37.254008558110904,237.9649014100796,0,3
458,Bangalore,4096.210869971519,3,2,45.248844089084066,225.80035582318956,3,4
459,Delhi,2003.8672137789947,3,4,0.22008045018931388,390.8009435286591,0,6
460,Bangalore,3788.916555992722,1,4,0.016507962973821844,250.94929270206822,3,6
461,Mumbai,2390.049519330483,5,1,23.613173039760767,398.7000008049661,1,5
462,Delhi,3102.61893402443,4,3,1.4646852502685326,55.28397286528411,3,9
463,Chennai,4246.75297996759,4,4,48.72662768311873,111.96510459343764,3,5
464,Delhi,4118.745042427478,3,3,11.103258727069598,284.7364398302531,2,5
465,Delhi,4398.904325928651,2,2,23.633236468242234,474.6023958812936,2,3
466,Delhi,768.2779640509656,2,3,3.0568815006111807,55.88376642645456,2,2
467,Delhi,3614.227488678852,5,3,26.102420808562925,40.68042375529487,0,0
468,Bangalore,1129.9431952479329,2,3,18.997806257370424,95.14432396537073,0,2
469,Mumbai,2371.1835560828495,4,2,2.2330014438611876,327.7535018528751,2,2
470,Hyderabad,2968.647867746098,2,2,16.75621333481124,211.51660000171864,1,8
471,Delhi,2312.327681360738,5,4,19.57180101114278,416.2651421204894,1,2
472,Chennai,2838.252541113534,4,4,49.496074563747,54.52791271105559,1,7
473,Delhi,4984.368389593787,2,1,10.394293595968772,114.27876167105651,0,7
474,Chennai,1108.4779117078463,4,2,27.238980768504984,164.01267462314993,3,2
475,Bangalore,3539.552204013915,3,1,49.36577745993143,320.83044161061696,0,9
476,Chennai,2282.0043487352686,3,2,39.60096039700676,348.8828913447427,2,9
477,Hyderabad,1098.5440950829795,3,3,49.668375044104444,79.61758110261144,3,5
478,Mumbai,1214.3154351843928,2,1,48.41491573300846,473.02626031603495,1,7
479,Chennai,4771.728978105276,5,1,24.476977104707714,183.7011848913004,0,7
480,Chennai,4458.206735202929,4,1,34.81879249352829,362.3210062401359,0,9
481,Mumbai,4581.688821867598,1,2,5.522156347057555,271.61970509489544,2,9
482,Hyderabad,4961.89749122324,3,4,22.057441252340094,126.92389450261118,1,8
483,Delhi,1437.419255038331,3,1,40.45092711333487,426.1895950953973,0,8
484,Chennai,2099.477018138278,1,4,25.26676604885717,412.75425353212637,0,7
485,Mumbai,3511.4856346619003,1,2,35.134951640861594,210.11448988001123,3,6
486,Bangalore,2677.1114293729124,2,1,37.287566499213845,302.5316411330506,0,9
487,Mumbai,2382.7529002025008,4,2,12.673457062144694,143.75633404925108,3,2
488,Bangalore,2110.1506220101687,3,4,43.784968647128274,351.1287817982247,0,6
489,Hyderabad,3172.012843745535,5,4,22.99112154545895,168.33287005780707,1,3
490,Delhi,3090.170428880369,2,1,10.509255181077187,425.15779250347276,2,1
491,Mumbai,1226.5602532890803,2,4,43.27079408942219,124.34485005309168,1,7
492,Chennai,2622.8292688329757,5,3,20.890940305312682,27.105642952862787,2,1
493,Hyderabad,2990.6229929443243,5,3,37.515621918985985,148.88386014460085,0,0
494,Mumbai,3066.291224291257,5,1,27.401653611079645,111.7051935005536,1,4
495,Chennai,1445.4823681055832,1,2,19.09358761172502,263.9774910679637,3,9
496,Mumbai,3840.2212651352907,3,2,40.49382075192847,117.77757999515663,2,8
497,Bangalore,613.3959266948134,1,2,29.223496582230652,386.33113794535745,2,4
498,Mumbai,2096.7433499442322,3,3,19.528105121351587,135.85790624192188,0,1
499,Mumbai,4010.956918410351,1,4,5.479893516756351,359.34472635807475,2,9
500,Mumbai,3037.5181447493105,4,3,44.772265688335395,297.66604304658756,2,3
501,Hyderabad,1675.230946298871,3,4,1.7734792670833277,493.3999311065045,2,7
502,Mumbai,3627.289037043715,2,3,43.15936741840281,499.9524689644312,0,6
503,Chennai,3053.2592487023303,3,2,17.998076244157772,437.37251999231836,1,4
504,Bangalore,4083.0962425537423,3,2,31.966938175070293,384.7920172634005,0,3
505,Bangalore,3807.6133378542054,3,2,46.109986191784266,205.4990787202754,3,4
506,Mumbai,3245.4856491630558,4,1,7.585330775194921,381.5728290230257,2,6
507,Hyderabad,2696.7995388986633,1,1,28.34752378194051,479.20425779815554,2,4
508,Hyderabad,1099.3195655038553,2,4,38.221643118509604,31.221236189813197,1,7
509,Chennai,1675.998580484227,1,1,37.87919163595287,278.1990560949146,2,6
510,Mumbai,2385.9476281268835,1,3,26.281595729975198,124.6391861064486,1,6
511,Bangalore,3196.8467915287492,5,3,31.236972995322905,287.78063161704824,2,8
512,Hyderabad,2811.685348468872,4,4,37.87634970664222,243.89460308426774,2,7
513,Mumbai,1796.8303668178826,5,4,42.05138188787059,296.3689191450965,0,7
514,Hyderabad,529.0896100536975,4,2,38.09065484379319,284.46186628098764,0,5
515,Hyderabad,2733.0764985536625,1,1,17.700247159062133,480.85137880090974,3,6
516,Bangalore,1785.316948530094,1,2,49.836320052886656,285.0493322886733,1,7
517,Delhi,3805.7373531974076,4,1,21.72513468596522,426.19140229993627,3,4
518,Chennai,607.7581937171757,1,1,1.223235137946671,173.51373766440634,0,9
519,Chennai,3131.7251508760587,1,4,18.1308475792731,230.2883306197035,1,1
520,Bangalore,4736.6340687772945,2,2,6.389147728692163,245.79846850150875,0,6
521,Hyderabad,1284.8417020017478,5,2,6.07213078641875,153.78946080098225,1,9
522,Mumbai,2622.422708377679,5,1,14.076752005344717,202.2993255094185,2,2
523,Hyderabad,911.3989631771217,5,1,2.668774708863042,307.2862781440521,3,9
524,Bangalore,3315.5686051760867,3,4,34.42560942047815,298.4901263861755,3,7
525,Chennai,2977.392562683015,2,3,3.699444210095254,325.4889653952706,1,5
526,Hyderabad,2333.144858957746,5,2,10.16447777179781,188.8725994016677,3,3
527,Chennai,2846.1965966318353,5,2,4.644985724705969,171.5991176734674,0,1
528,Mumbai,4534.585963110546,2,4,3.1583865451515534,313.57658372199825,3,6
529,Chennai,1383.3243603998017,1,4,13.387583276977082,83.77363924521198,1,0
530,Chennai,601.5403026740626,5,2,28.594948383018497,141.45514089542718,3,6
531,Delhi,4377.491981145955,1,2,48.23427782234209,40.2213137374377,3,9
532,Delhi,3097.0268707455793,5,1,43.777832717480315,54.85320924611847,0,9
533,Delhi,4507.963049578291,4,3,43.79669627226624,136.82397404509226,2,6
534,Chennai,3186.2535053592765,3,2,8.803351801882881,29.374054542521133,0,9
535,Bangalore,4145.724904818661,5,4,13.245359674891006,137.79708420198153,3,2
536,Chennai,2433.530135098166,4,1,3.819665839765285,334.3886350697725,3,3
537,Bangalore,3874.3696907972094,2,1,38.923416995759254,49.33139766508786,2,3
538,Bangalore,4608.686601004352,4,4,3.4908150742780975,229.63360534142768,2,3
539,Delhi,3074.5533367499283,2,4,27.83478354104266,458.29221772138374,0,8
540,Hyderabad,1313.533177530708,5,1,12.393778616197537,399.8167178841925,2,5
541,Mumbai,1709.5892676358917,2,4,12.172281701437237,166.61000110153145,0,9
542,Delhi,1393.900596038326,4,1,49.53625276238026,463.90663001199056,1,8
543,Delhi,1610.856624180798,3,4,37.83899034892687,178.23031843890791,3,3
544,Hyderabad,1878.8695220796637,1,1,41.84696791455251,54.807438242029995,2,6
545,Mumbai,2998.102040389348,1,2,28.599134267200633,497.1468592486945,1,9
546,Chennai,3145.9623325872476,3,2,43.55071436968746,437.61081305080245,1,8
547,Chennai,2419.2488625883752,1,4,32.274526958317644,243.64773598452433,0,9
548,Delhi,3269.3935091937597,5,3,47.308685239817265,339.86073161235385,0,2
549,Mumbai,867.0871652511466,5,2,14.066929302281839,342.1894773712017,2,2
550,Delhi,895.0470667617199,4,1,29.76597728914475,113.35147075062096,0,5
551,Bangalore,1273.2325716094629,4,3,34.50656739684461,116.0233439137435,1,7
552,Delhi,2831.3487411815513,2,1,19.646865251390334,245.3987376088764,1,0
553,Delhi,1462.9760541424112,4,1,43.985399120202665,457.55510726609504,3,3
554,Chennai,1774.779815716598,5,2,48.990158155207716,24.797011932113975,1,7
555,Chennai,2301.4077627784736,4,4,24.68847456863308,395.60270525569246,2,5
556,Chennai,4153.397558046709,1,4,19.532032740216955,47.61285618303398,3,1
557,Bangalore,562.3796116078705,2,1,23.596896427822934,249.54661514389656,0,7
558,Chennai,3422.204691064801,2,2,42.63683728659658,326.1789598752687,3,0
559,Mumbai,3509.944389683084,5,1,32.27342127590838,349.6444481995831,1,0
560,Hyderabad,4093.9510116048646,4,3,2.2386186259047536,48.07004653563746,2,6
561,Mumbai,4697.388225771409,1,1,27.108495522285743,220.92973634430476,0,9
562,Mumbai,590.6203202718042,4,2,0.8650061370484907,300.24188504111584,0,2
563,Chennai,1192.0266748094728,3,1,38.92676855017027,51.701857906883326,1,7
564,Hyderabad,4487.770823251969,4,2,16.415613677123186,84.84538716574869,2,8
565,Hyderabad,2563.333529841569,5,4,23.600374105866468,338.5515149619385,1,7
566,Hyderabad,3040.6578752005857,4,2,39.9339052953816,270.3863343635128,1,0
567,Bangalore,3483.622416754163,2,3,2.322440864288078,97.67775740877946,2,0
568,Chennai,3555.799720230368,1,2,7.927076779580522,276.91488171907207,1,5
569,Hyderabad,4692.831814924287,5,3,19.898018822255743,458.09233925331955,2,0
570,Bangalore,4986.272378352513,3,3,11.49625817727803,27.482040692174685,2,7
571,Delhi,3740.708574189231,1,1,16.895071288753154,328.4642112732102,1,5
572,Delhi,1792.4954414231786,1,3,49.90873689462325,55.352208610564126,1,4
573,Bangalore,4458.885810324546,2,2,41.27072187869054,23.095732623056406,3,5
574,Bangalore,721.4941154334272,2,4,44.19509074800543,92.31415455710422,0,3
575,Chennai,1539.8638379352328,2,2,46.85273167828877,222.99518328988125,0,0
576,Chennai,4538.2357285867165,5,4,17.046794015709782,405.1251195113374,2,6
577,Delhi,1652.8618149770973,4,3,14.853847889823635,155.25703837018816,3,9
578,Hyderabad,1492.9297682978681,1,1,11.703124628603746,320.32314194660415,2,8
579,Delhi,1121.5638191311127,4,3,41.50584556540613,217.3551862185472,3,3
580,Hyderabad,4366.002909411124,4,3,33.97759311425925,132.4792601436838,2,3
581,Hyderabad,2750.26216635989,2,4,11.808599124143864,266.8386148557721,0,8
582,Chennai,3537.0194137436965,4,2,18.849691460522745,402.7829553788591,3,3
583,Mumbai,1575.7987283376335,1,1,25.335588196639915,419.5963376269492,1,9
584,Mumbai,3911.181894550474,1,1,26.407002863687683,426.32937530107364,1,3
585,Bangalore,3920.0249523294433,3,1,44.43638642758573,182.5077500263901,0,7
586,Chennai,1906.6911120873506,5,1,19.028306647360814,400.85891106356144,3,3
587,Hyderabad,2348.071848546273,4,2,45.42620152502562,121.84565845227579,1,8
588,Mumbai,1443.6062484359038,5,1,22.06837801598948,374.44404859658397,1,7
589,Hyderabad,4894.52460495307,5,4,37.31863373961769,475.224524610856,1,4
590,Mumbai,3405.2115967628524,5,4,46.512715999252805,26.59704065165945,0,8
591,Mumbai,4705.44746321982,5,1,45.37878519816332,231.37468696582306,2,7
592,Mumbai,1865.2349463310993,1,1,2.847643364784058,330.9300744387222,1,9
593,Chennai,4018.5091084860037,4,2,10.285214748828492,356.85236983402547,1,3
594,Delhi,3946.363897481339,3,2,23.845271276613754,104.52212396921706,2,3
595,Hyderabad,3612.450433399437,5,1,21.577714497655364,486.6479721145246,1,0
596,Chennai,4845.375388700602,3,2,32.04458324186035,315.327376626067,3,3
597,Chennai,2270.99901247842,1,3,47.23545254127061,98.88348858956853,1,7
598,Chennai,1088.2279561539078,1,1,5.620235563897441,29.85080562200734,2,4
599,Chennai,3522.6898665982735,2,2,22.592933256712023,395.9668154190924,0,5
600,Chennai,3781.894102147428,5,4,9.620551894356966,58.25827493382036,0,3
601,Bangalore,3087.772580564666,2,1,44.705379919897375,87.70444211371354,3,4
602,Hyderabad,1430.6805191002832,3,1,48.229009290082644,295.9184128907315,1,9
603,Chennai,2770.051737512099,4,4,23.935084094517507,309.68264165581746,1,7
604,Hyderabad,1904.8538145610823,2,4,5.200514886407037,349.70581692435127,2,8
605,Bangalore,2423.599376750101,1,2,39.26473333613366,208.88672607853795,2,2
606,Bangalore,3403.4835913009874,5,4,34.85706752461995,391.471361104075,3,9
607,Hyderabad,3853.4663421087553,3,3,17.73354133051552,487.6921278156266,3,3
608,Mumbai,1545.011109056044,1,1,44.37037369844818,150.12557267834384,1,0
609,Delhi,2323.9641229112904,4,3,48.791594489135356,357.45373593821404,1,4
610,Mumbai,1711.2270694623314,5,2,27.89269245650977,465.6649531496753,3,3
611,Mumbai,1393.842262378411,4,4,28.28639556721462,349.4176460561805,0,5
612,Mumbai,4025.2424899812727,4,1,14.875675255688892,346.93255934924457,0,5
613,Chennai,4591.637124966466,5,4,29.22530179916571,127.41083316089916,0,9
614,Bangalore,2166.044835580595,5,4,21.982116026242327,276.86249615345264,0,5
615,Mumbai,3880.7551596819508,4,2,15.109551346402593,290.0109649301985,3,2
616,Bangalore,4536.47880213985,3,2,3.359259826195066,356.06218997885736,2,6
617,Hyderabad,4307.558947386042,5,2,12.635392985456246,498.47429595016763,0,2
618,Delhi,1322.6602484265165,1,2,9.89273248388322,36.1490348210058,3,5
619,Hyderabad,4803.313466810126,2,1,27.102099227697448,51.31167740839368,0,9
620,Hyderabad,2195.043981932581,3,3,30.08350108817969,57.416033326841,1,0
621,Chennai,2026.5829752822635,5,3,30.428586215300825,376.62998455469926,0,7
622,Delhi,780.9409727500115,5,1,19.409050052283956,85.44982165316361,3,6
623,Hyderabad,2687.7814434719735,3,4,21.0614866842748,318.7768997553657,1,8
624,Hyderabad,990.5612703841791,2,1,41.711921482032,175.84106138886006,1,2
625,Delhi,1618.429194173417,4,3,23.81164067585812,239.51357898114128,0,7
626,Delhi,1926.2417979527663,1,3,49.38866660685612,123.51831671235868,0,1
627,Hyderabad,4139.718455712578,5,1,21.980861500443243,435.7311494261802,1,8
628,Delhi,4439.698926781534,2,2,32.47904723089195,301.35215559825264,2,0
629,Hyderabad,1861.0984285766135,1,4,2.51814994966979,473.39036651948123,3,9
630,Hyderabad,4364.1415456005825,3,1,32.66699622094054,295.8061998580782,3,6
631,Chennai,4357.53921816406,5,3,42.5713197207503,79.4758546865344,3,9
632,Mumbai,3940.9292767319307,4,2,47.12289192666481,102.01780824246822,3,0
633,Hyderabad,1160.128013068317,3,4,49.866030581988525,494.7555086565667,3,5
634,Bangalore,3606.4528110532806,5,3,14.108932282461655,368.27129471881653,1,0
635,Mumbai,4752.608290612559,2,4,28.768503241285842,43.653800013963036,3,3
636,Mumbai,3571.4321544522068,1,2,22.535899276607367,357.8148824166391,2,6
637,Mumbai,1992.2758209852527,1,3,28.19087402875855,217.8430624686136,2,1
638,Chennai,2752.606928438741,5,2,7.872647859492332,167.46002567513145,0,2
639,Hyderabad,3405.762695079741,3,1,42.807478629797075,93.94918099065646,0,3
640,Chennai,2797.566839278266,4,1,45.47844716722938,423.1538981871515,0,5
641,Hyderabad,1039.7882377893643,2,4,22.483083155646128,50.64386191476834,0,8
642,Chennai,1904.2882009340929,5,2,14.021493078678843,159.12102194222734,1,3
643,Chennai,4110.7821374913465,2,2,7.041671382650616,167.0637890363381,2,5
644,Bangalore,4376.3812074298285,1,4,34.18824123889022,97.23453630248017,1,6
645,Chennai,1117.850147220066,4,4,15.61159198103676,263.92874397769776,2,3
646,Delhi,4785.740385794261,2,4,45.47692849566943,25.61726086922846,1,5
647,Bangalore,1979.701780318742,5,1,33.5506237422435,164.4682473969964,2,2
648,Chennai,3480.41182428824,4,4,32.28426625871204,468.1421331358707,0,4
649,Mumbai,3883.213156805065,3,1,27.970105794912044,169.05419328416275,2,9
650,Delhi,4153.758055870476,5,4,2.2888169714362805,193.02050581124078,0,3
651,Delhi,4755.873660016686,2,2,46.59612178427935,247.11922315235435,2,6
652,Delhi,1908.1379661297017,4,2,31.396874664973,289.6128199287079,1,5
653,Bangalore,4363.279045481995,5,4,49.70309916915552,408.18014951395713,3,6
654,Chennai,1092.5910654629315,4,4,26.867820238644352,111.35418711488846,2,5
655,Chennai,3672.6840785911672,4,1,35.50554459531065,438.43826105242744,1,1
656,Mumbai,3838.8997828129363,4,3,2.8104778933111083,383.6236914290669,3,6
657,Mumbai,3549.754585405942,2,1,31.586808841170544,366.87216063754653,1,7
658,Delhi,1635.4163126081885,5,2,38.23248057951786,61.66619538302491,3,6
659,Mumbai,4428.694161568415,1,4,38.92571474262787,30.387531187800647,0,3
660,Bangalore,1259.8630851667776,1,2,38.50558261151427,305.1260964358803,2,3
661,Chennai,741.3565618437387,2,3,11.314131364683384,434.3043020111174,1,4
662,Delhi,3728.592457753605,2,1,48.769923880261295,300.53190278750526,2,8
663,Mumbai,2639.6407185473017,4,2,49.75910603124694,122.3527354138548,0,4
664,Bangalore,4320.941089814042,5,1,3.7797937580800633,63.44955101562235,0,1
665,Bangalore,2225.2871347621654,5,4,46.82232114058786,355.8062973525128,2,4
666,Mumbai,1257.2536482847077,3,2,14.472459715218466,366.4497331125486,1,2
667,Chennai,4263.989866114414,3,3,34.46420408754824,102.81521632981216,1,9
668,Mumbai,2970.0933423803226,1,1,16.905546036806605,33.53135143833741,1,7
669,Delhi,1351.3810657565969,3,1,48.38771616865608,215.97608634713455,2,9
670,Mumbai,3741.727993639006,3,3,5.075192915176774,299.70497702385063,1,9
671,Bangalore,2800.0113732027526,1,2,24.887340847818802,358.8811565922518,1,1
672,Mumbai,3219.408420081439,1,2,21.40238959710373,408.7736043933933,3,3
673,Chennai,2574.0425219296185,3,1,16.301172613899244,313.0579651072315,1,4
674,Hyderabad,4229.190427181029,5,3,32.27669954400743,73.22269212727281,0,3
675,Mumbai,4233.032220573725,3,1,6.552787171083374,347.6392026283591,1,4
676,Chennai,3692.249698209738,4,1,35.83312090668485,492.4047885895434,2,9
677,Chennai,974.3061982840802,4,4,49.02960619023936,454.68060060675384,2,3
678,Bangalore,4274.84237856831,4,2,40.22793572343151,438.4010764493661,1,2
679,Chennai,3519.5584123980943,2,2,43.00083764547727,165.04167361200362,2,0
680,Chennai,3636.608747019348,4,4,17.981837158950125,380.37832469792033,2,3
681,Chennai,2133.422781817422,5,2,16.244330324060936,428.52965406326985,1,8
682,Chennai,4456.7580027065305,2,2,25.85241773450666,345.5965782230063,3,0
683,Delhi,3764.1722010568587,2,2,2.2863307381136346,140.26964315263064,3,6
684,Delhi,1006.657099381375,4,3,47.26790672282663,477.84030649998,3,2
685,Bangalore,2335.001154827732,3,4,7.18925865080961,236.39331750016441,3,7
686,Mumbai,4488.711628820638,1,1,45.15065195840462,82.3066681596221,0,5
687,Chennai,712.3851576382054,3,3,4.179111100017785,72.69338962754816,1,0
688,Mumbai,4826.374788389223,3,1,41.13124638392801,330.80911390354197,2,9
689,Mumbai,3556.2315574380327,2,4,7.598126293910756,230.1006302800348,2,4
690,Bangalore,3341.191899395195,2,4,1.906580704573635,65.35226008590254,1,7
691,Chennai,1717.5166541959613,2,4,35.974472512970436,375.37499463492543,2,2
692,Chennai,1619.5630493262968,5,2,14.013265008721415,403.67608028413747,0,3
693,Hyderabad,4739.26198769868,5,3,35.724807639217474,368.19950277749666,3,6
694,Mumbai,1842.2260440535524,1,4,27.75426252364099,117.0852212883262,1,5
695,Mumbai,3989.7738352354972,2,1,5.440369511503279,351.0922188781133,2,6
696,Delhi,2269.048091931856,4,2,46.606503665058185,25.146945389304847,0,8
697,Hyderabad,1126.643318531168,2,2,22.61570873817388,166.45382704563642,2,8
698,Delhi,548.2188396291152,5,3,36.7223638899344,211.434335075621,0,1
699,Delhi,2949.1580165686287,2,3,25.051028600781255,420.91853546504075,2,2
700,Delhi,4891.004683470197,5,3,30.218073748060238,207.38929907331405,3,3
701,Bangalore,2161.11287214142,2,2,15.138679617834622,25.40933417091118,1,5
702,Bangalore,2107.3655029687015,4,4,10.018015200172513,189.1262776774445,3,4
703,Delhi,2048.412280322489,1,1,27.12851017040339,259.48356721245784,3,5
704,Hyderabad,2842.447267871863,4,4,22.010948648550098,475.52229760293125,2,7
705,Mumbai,2482.9919754093207,5,1,19.505660671696656,471.6964658189815,3,1
706,Hyderabad,4459.615820271565,3,4,33.62835975473115,106.81953834627755,1,5
707,Chennai,2774.8435627557064,4,3,34.5253316005568,108.87034003493675,0,8
708,Bangalore,2784.9102718485597,2,1,2.2960028045631518,98.42309910298424,0,4
709,Mumbai,1122.6721762425047,1,2,16.937224712183607,398.68252755876955,2,0
710,Mumbai,4922.3279340967365,2,1,20.58822751131887,22.890579376835056,1,7
711,Chennai,1624.8780089097336,2,2,4.844608058208405,81.04505513210113,1,3
712,Chennai,830.138303568212,4,4,11.795043334914418,278.2206231891675,0,7
713,Delhi,3484.15812038844,1,3,2.582089861137832,138.82979210564744,0,3
714,Bangalore,3179.1486657059268,3,1,49.81210493085103,64.3310999548458,3,7
715,Bangalore,2368.155442967356,2,2,36.82786014849223,192.74144592024047,2,8
716,Hyderabad,2399.865052463051,1,4,4.372507825137683,151.61965042891748,0,4
717,Delhi,4032.78764470894,3,3,1.0124689895046057,265.33006712685653,0,4
718,Delhi,1380.7068804484206,2,3,35.964390007614014,490.032125038494,1,1
719,Delhi,4191.139935252004,1,3,21.959608284133346,79.66622567116084,1,8
720,Delhi,3419.3620125275816,4,4,39.3398354532288,198.90881832036527,1,3
721,Bangalore,2385.3639820078597,2,4,46.17380189091919,467.35280857878786,0,2
722,Bangalore,2561.128774627409,2,4,29.965019450818627,440.8990608770348,2,1
723,Delhi,1654.912432337431,1,3,9.355421145862653,209.2500966964547,3,2
724,Hyderabad,3884.5144971363866,2,1,39.109701802322625,355.4975669694735,2,3
725,Mumbai,2807.9363403737048,3,2,47.79058715871872,62.171366519045876,0,8
726,Mumbai,1943.8454423742962,2,4,29.011564352997798,362.01970666093524,3,5
727,Hyderabad,3182.225520924276,5,1,34.09987236403668,486.9717101526759,2,9
728,Delhi,4980.805034230953,3,2,16.873734751833652,277.994313360412,0,4
729,Bangalore,2458.680258454492,1,3,19.076384733015562,259.27530897651883,2,8
730,Mumbai,4643.111303503788,3,1,36.732724892653195,109.91293745691695,0,7
731,Chennai,2052.5757796605476,5,3,46.38855492034096,324.2183354755001,1,5
732,Chennai,746.2971811624365,5,2,31.44941936121761,303.40989477387916,2,2
733,Hyderabad,1419.08947865793,2,4,39.49239542426737,332.92786854836027,1,6
734,Delhi,2384.128144974579,2,3,8.581750870768651,32.51997760866647,1,9
735,Mumbai,1488.3571786755606,4,1,10.597954512898678,283.3872744075553,3,5
736,Delhi,501.02167198214994,3,4,26.601734341669502,305.56872487873903,3,7
737,Mumbai,4617.506919863873,4,1,8.827709612142026,119.61446499814505,2,5
738,Hyderabad,4297.45735053918,5,2,31.74975351104618,119.99977159449729,0,9
739,Hyderabad,3840.315041691262,2,2,14.582659269734949,152.5847208852559,3,3
740,Chennai,1255.165680407129,2,4,39.576630933344596,361.62636402907407,3,9
741,Delhi,1041.6360929449372,2,1,40.405517330717174,311.0077104955384,1,6
742,Chennai,804.2213726257241,1,1,23.189372787767653,425.9660701365462,1,6
743,Delhi,3758.1313494781457,5,1,9.040531751881764,161.9161144846871,0,7
744,Chennai,4679.635823095484,2,1,32.33874805409663,457.7926687463928,3,1
745,Bangalore,2437.4111941086667,5,2,49.63935091317932,376.97895775201204,3,5
746,Bangalore,1036.1330239822169,2,1,31.129544897126166,209.60560160657454,0,2
747,Bangalore,2805.7676932944796,3,2,1.7887345357003925,65.72579150021883,3,7
748,Bangalore,2069.7435835638353,5,1,0.864698788354129,143.3521579939916,2,3
749,Mumbai,2186.7121595749895,4,1,16.01809852461531,479.2487442631281,2,3
750,Bangalore,3295.9878087006828,1,3,9.789190343020243,168.9744204243581,0,1
751,Hyderabad,3734.2315096799107,4,3,40.652560357165406,178.35246087155093,1,5
752,Hyderabad,997.7161949292238,5,1,42.240283351800024,111.00268692690418,0,5
753,Mumbai,660.1560386291437,2,2,12.930938565523808,407.28828854660736,2,0
754,Bangalore,4974.486362085717,5,1,16.282238847494636,152.30923051629313,3,7
755,Bangalore,1547.2775701199832,1,3,11.812348385755733,178.5239592170507,3,2
756,Bangalore,742.2373620880659,5,1,45.4191273685632,218.88709204718077,1,0
757,Chennai,1354.43898093164,2,3,25.13246673111411,228.18957429181265,1,9
758,Delhi,675.310308568089,4,1,32.80685220410099,217.44357939921042,2,0
759,Chennai,2263.1490257772725,3,4,20.774104334980166,261.79697377986975,1,0
760,Delhi,4110.808030030959,4,1,31.550709675226557,410.9661822158736,0,4
761,Bangalore,2035.6000239097427,2,2,19.292768836086804,413.25681955617057,2,4
762,Bangalore,2498.8253309526494,2,3,16.983921886461275,403.1903042064065,3,0
763,Chennai,3540.1404810534746,1,4,31.72400365867401,68.53992277591401,3,4
764,Chennai,2790.023315314461,5,3,29.55310390244946,403.8458255719108,3,6
765,Delhi,4376.505587095959,5,3,14.67639770839748,77.72085127355686,1,4
766,Hyderabad,4397.160537705904,4,2,7.467422515973671,79.86740962508384,2,8
767,Delhi,544.5981297101914,3,1,18.428834691906882,474.9741303847812,1,3
768,Chennai,4001.208379174396,3,2,20.75988195709546,413.31096545865984,0,8
769,Chennai,2573.3012010875323,1,1,31.434216671230242,285.15702409664414,2,7
770,Mumbai,4949.782435866484,2,4,45.726438181843186,439.98569814937383,1,0
771,Chennai,2674.544341439458,1,2,1.809239876646257,494.8950284248942,3,3
772,Mumbai,4941.0317542473385,5,2,12.183050627092246,313.1081919832532,3,6
773,Hyderabad,3895.5621254258144,2,3,9.685797113978017,314.1912497511287,0,0
774,Delhi,1618.7219807598785,1,2,25.11472043468918,382.12497399676545,0,7
775,Delhi,2922.7774067913097,4,1,21.48504035215799,131.42669713535975,0,1
776,Mumbai,4964.610377653622,5,2,36.45188119100942,100.21993352902369,3,7
777,Delhi,4358.887734883657,3,2,12.120795627243192,384.59876000723483,1,3
778,Chennai,938.1510220604949,1,4,29.724918287487927,185.55430159716911,3,7
779,Bangalore,3678.673985644982,5,1,44.192863179997964,84.83377102684832,3,0
780,Mumbai,2055.1081364186584,5,3,45.53388699591523,171.14130844051988,3,4
781,Delhi,531.4201784615665,3,1,47.939230236251554,192.14569657979618,1,8
782,Mumbai,2315.6643606214984,3,4,38.66305760399943,483.3092765627315,3,6
783,Mumbai,1556.3948977623709,3,1,45.29939531294575,355.0206613222031,0,2
784,Bangalore,4184.911717342122,1,1,11.726543599263712,274.8110323518723,0,3
785,Chennai,2017.9877398059448,3,2,9.879047217523851,485.05910656765036,0,9
786,Mumbai,4223.8566227921765,4,2,0.32440418902632273,453.5070754276067,0,6
787,Delhi,502.6907247565789,5,1,35.34221787145492,265.7604111747967,3,5
788,Hyderabad,1885.186175117536,3,1,46.87335939068722,454.72622498095075,3,3
789,Mumbai,1585.2434643849288,5,3,9.34676725208382,214.06623587007516,3,2
790,Mumbai,1551.0531248087493,2,4,31.84717877134394,130.60191937117983,0,1
791,Bangalore,806.8397889445821,2,2,37.32298796108888,131.68552487460087,1,9
792,Chennai,1342.0592168472576,3,2,46.38071175740283,337.9114517322208,2,8
793,Hyderabad,2999.9730644852893,5,2,32.343011200861085,260.513753939493,2,2
794,Delhi,1811.12482776985,2,2,48.51468663743761,336.29640656261444,2,6
795,Hyderabad,2378.276520481166,3,1,17.23365705062739,349.31646284584156,1,0
796,Delhi,2195.900961562348,5,1,17.49642668857038,30.714978990904456,3,7
797,Chennai,4441.572162499526,3,3,27.15062550071728,45.93900432699313,2,0
798,Delhi,4573.84549554732,5,2,19.175094055795356,275.6853087638,2,1
799,Bangalore,2718.3063724513704,2,2,0.07128641437663119,111.6970293248369,3,0
800,Bangalore,1985.7017764202199,3,1,36.58860125434937,323.61620902613106,2,3
801,Bangalore,980.6031680106364,2,3,37.58585207392417,285.0491548019111,3,1
802,Bangalore,4790.3129572194275,3,1,37.348730234338525,301.1649720180278,2,0
803,Hyderabad,771.0212520513385,1,2,17.25103333052333,165.17858231888513,3,0
804,Chennai,1839.4262490572619,2,2,26.114473665558595,327.1248830133904,0,1
805,Delhi,1841.2979052650187,2,4,17.998675908833473,418.15646551281105,1,5
806,Delhi,1941.805787630967,4,4,0.8018200015322885,499.07420172427385,2,1
807,Bangalore,1239.2907947258418,2,4,28.122447063570938,422.45330536266283,3,1
808,Bangalore,4024.2264391566373,5,3,6.188033304200552,287.59940464637475,0,7
809,Mumbai,1051.2403788469514,3,1,4.00206620457203,112.84620400637914,3,4
810,Chennai,3357.0799661892324,1,2,37.77495343483936,347.09402053751404,2,7
811,Hyderabad,1057.3071201761786,5,2,0.47531012090528124,470.0738170678295,2,7
812,Delhi,817.4103691683044,5,3,47.950422180436306,121.69593907150515,2,1
813,Mumbai,4592.432766586444,5,2,25.762768205628845,142.877897852757,2,6
814,Mumbai,1355.5794484341754,5,2,49.15082153530742,91.52410083759256,2,8
815,Delhi,4195.625695518669,1,1,2.8998786236354213,373.6263889406728,0,7
816,Hyderabad,2950.8389199821113,4,4,29.176477443295664,215.14952164335645,3,8
817,Mumbai,850.3543382394632,2,4,17.46635179879556,50.09390666546436,3,7
818,Mumbai,4799.516861471304,5,3,42.17412464071429,439.97599591533447,2,3
819,Chennai,1611.3252514635165,2,4,18.061136761714312,287.682514257232,3,9
820,Hyderabad,4368.404054086729,2,4,13.024378952867455,178.92526016017078,0,6
821,Mumbai,1259.6450260305387,5,3,42.877656354995665,185.11182850932653,2,8
822,Hyderabad,4342.742969638338,4,3,18.73265458266305,159.32058569163524,1,8
823,Delhi,559.5296580738229,2,4,0.8416659930280734,238.63048274846807,0,3
824,Bangalore,2803.0120545626633,3,1,19.514455041966688,181.7800104743096,2,6
825,Mumbai,3962.4916073970057,2,3,32.726113450547096,283.0142259538925,3,5
826,Chennai,4706.579828717525,5,2,12.717976940319092,391.28828109022123,0,2
827,Delhi,4591.409612929192,1,3,21.599379621257864,343.7414160532993,2,9
828,Hyderabad,4188.311912964402,2,2,2.835756914111276,161.33930852197622,3,5
829,Delhi,4496.861073475869,4,3,29.40463957569786,273.79568553909405,3,7
830,Mumbai,1396.4885862668443,3,3,37.81474619301969,423.2605567578804,2,1
831,Hyderabad,1778.8293307027795,3,4,20.665628070055515,52.738992676508225,0,2
832,Bangalore,1800.3583621447633,1,4,21.011631640073002,57.58268815371429,2,7
833,Delhi,2196.7426895076446,1,4,4.414124929245822,286.96163266388163,2,3
834,Mumbai,2269.9430167333494,2,1,10.097043225599128,326.7752616271055,2,3
835,Chennai,2950.49896094604,5,4,7.733765156395633,121.47824757243397,2,1
836,Hyderabad,1219.4589351489863,4,4,24.084388433076896,377.7056608119287,2,9
837,Delhi,3610.6099870369517,3,3,26.462777047537507,330.2064209795492,3,0
838,Delhi,1254.0494268702791,1,3,47.447006564213,463.17884875341747,2,6
839,Bangalore,1896.388169470464,4,1,3.6615752138616955,101.09801689209762,0,3
840,Bangalore,2765.0530877276933,5,2,29.99339865775236,380.6596473718451,1,5
841,Chennai,4083.982526855648,3,3,26.324926366412065,60.14868347996817,2,7
842,Chennai,3827.611549574273,3,3,25.81165489679146,291.3403565685908,0,6
843,Mumbai,3404.9046038473502,5,2,43.657964369141325,284.90966695958997,1,6
844,Mumbai,1200.9796726107656,3,1,10.276923534774324,206.4248214304355,0,5
845,Chennai,2961.7040552700996,5,3,2.038663717068573,425.39415088091226,3,3
846,Chennai,893.5092580994844,3,4,33.61357538170962,22.097909497285873,3,3
847,Hyderabad,2198.1342955849286,2,1,17.257873206799008,269.68611291128997,1,8
848,Bangalore,2360.8243863048165,5,2,0.8794958106262296,124.23370392088997,1,4
849,Mumbai,679.1514775058922,4,2,12.56870036452069,376.87933717588777,1,8
850,Bangalore,1732.9464476148733,2,4,15.466338710840594,40.67236462692664,3,8
851,Bangalore,4800.422602699202,4,4,30.841918839212102,419.14625032715725,3,3
852,Chennai,4791.346735233603,3,4,8.629289702463605,422.2842688193367,0,1
853,Hyderabad,2085.471744136427,4,1,20.6527173976699,419.7756859536814,3,1
854,Delhi,693.9504902674582,2,2,24.123772220891627,93.23289283168153,1,8
855,Hyderabad,1305.927226976817,5,4,22.961869568204545,322.59512890930154,2,8
856,Hyderabad,2264.9800704509307,1,4,48.69703833333909,26.89633240802701,2,2
857,Bangalore,4765.008640861534,4,2,2.2752118895148055,427.0220438188159,1,4
858,Hyderabad,1135.395785917332,1,3,47.54840932261997,367.02809288413783,3,4
859,Mumbai,3935.821296506955,4,1,29.096860699701665,274.9537908316413,1,1
860,Bangalore,989.0714271861143,4,3,39.78638574849192,370.6838878863762,3,1
861,Mumbai,4915.659098260746,5,4,21.519630900803772,65.27556639285066,2,9
862,Delhi,2217.2742459911074,3,1,22.691894062849023,273.75479944489103,0,0
863,Bangalore,3988.555425045752,2,3,43.96632495079118,159.81271607189382,3,1
864,Delhi,2041.6598726500931,2,2,44.79672481459511,486.85734234702704,0,6
865,Bangalore,3324.509947214639,2,4,11.934444071564881,431.4166162994728,2,0
866,Chennai,1364.0723813301652,3,1,9.962093929230909,371.97233400030893,0,0
867,Hyderabad,1157.0945868363315,1,1,24.811758693497556,468.1988649198713,0,8
868,Chennai,4721.288628056591,2,1,45.013851356384585,186.4847861914274,1,1
869,Delhi,4629.412750569951,1,1,16.117754670308816,452.422351514327,0,3
870,Hyderabad,4493.610230957971,3,4,32.600730766956566,176.11435141122095,2,2
871,Bangalore,3314.4505257496708,3,4,35.407584387030056,371.74242545175343,3,3
872,Hyderabad,4137.206950473252,5,2,38.93373324470779,373.4801176526956,0,6
873,Mumbai,810.666216101187,2,2,28.196222896048162,28.807940697964867,3,9
874,Hyderabad,2006.5506885080563,5,2,20.12275891394848,193.30865517353368,1,1
875,Mumbai,1911.664061407203,2,3,48.350799439948645,29.327682756078985,2,1
876,Hyderabad,3360.4039487867594,3,2,30.566537665142633,498.60416845291934,2,8
877,Mumbai,2101.8099806178825,3,4,36.428260581663544,78.65444567803424,3,5
878,Delhi,1168.2805173965635,4,3,17.249142284793916,280.5492299110925,2,6
879,Chennai,3184.1018393609465,4,4,33.497459050154006,399.4669946060659,1,4
880,Bangalore,4164.727643010867,3,3,12.889883108206297,116.60652908522837,3,4
881,Hyderabad,2219.5557250698794,3,2,12.254845876431808,252.82528068582687,2,3
882,Chennai,1095.2092179431677,1,2,35.73611009047132,311.5658052421524,1,7
883,Bangalore,1385.0968879077036,1,2,26.069736813146754,96.89828210986178,1,6
884,Bangalore,1568.674873262228,5,3,34.163830521119486,393.7066207575385,0,9
885,Mumbai,1849.539168475413,4,4,13.471924537404584,163.68149945089533,2,1
886,Delhi,3392.577817278391,4,1,29.93616705283652,121.29107664264336,3,1
887,Delhi,3204.2546804197355,3,4,22.196682485155627,287.97859828996013,0,5
888,Chennai,3632.3593770516763,3,2,29.848014342276397,216.95054126861018,3,0
889,Delhi,2131.2589303918094,5,3,14.543986612210968,461.7372534254805,0,6
890,Hyderabad,4207.989433459903,4,3,35.77254818245619,442.4300951351139,1,7
891,Delhi,1418.394475200921,1,2,40.29646830797328,252.00831842666395,0,9
892,Chennai,2610.6833638316925,2,3,12.995823692886182,192.44661186828682,0,7
893,Delhi,4104.224246936436,5,2,15.031027992782104,176.24863118300732,0,2
894,Hyderabad,1310.7139147967866,2,4,33.05771348595465,148.43053907912355,2,6
895,Mumbai,994.3840118335233,1,3,34.77925871517721,281.3829697819891,0,0
896,Chennai,4476.577854595954,1,1,35.2049842198725,406.3897302725809,1,2
897,Mumbai,2043.1834824163816,2,3,34.134925238791844,169.16317193770772,3,5
898,Mumbai,3577.415562090644,5,2,19.64038584762694,111.24516305027912,2,8
899,Mumbai,614.0687191877232,2,1,19.74268372018392,248.23222696797765,1,4
900,Bangalore,3605.2109978425233,5,2,12.740881182219072,53.13652006287994,2,4
901,Bangalore,1922.4559019613673,5,3,7.841684994818149,356.6139229422593,3,8
902,Mumbai,750.8338411434878,3,1,34.628868969845286,268.81196782492816,3,8
903,Chennai,3244.1574269665266,4,1,4.659439298615641,258.25990782697,3,5
904,Hyderabad,1583.6171723292796,4,3,46.88961433933908,164.2137821840108,2,4
905,Hyderabad,2240.63258923346,1,1,41.33431518357257,454.2432500152336,2,9
906,Delhi,862.6136552893112,3,4,42.8752869978628,63.433420087785294,3,1
907,Chennai,1162.234629927254,4,1,45.33344073075951,437.51552426577507,3,7
908,Bangalore,1840.897559731297,5,1,20.430248536162004,200.81849715964287,1,7
909,Mumbai,903.9177525207072,5,4,42.33503616752005,442.6992876680107,3,6
910,Delhi,4598.718191088418,2,2,7.903065014582467,369.8054999995441,0,7
911,Hyderabad,527.2116943279029,2,2,1.0820897304117838,70.00194879777838,2,2
912,Bangalore,2677.3709848894014,5,4,39.244569733192506,419.13741752448976,1,2
913,Bangalore,1054.6135615964815,5,1,3.739832399846965,347.4448801757625,2,1
914,Mumbai,1884.5559026507683,2,3,49.42623336629608,35.50491819936725,3,0
915,Hyderabad,4667.268019182195,4,4,33.7398214800778,84.17728741264158,0,2
916,Chennai,1227.6254897329409,1,3,37.672485512105276,325.10146680113365,3,2
917,Bangalore,4846.245438732497,2,2,12.290192813893297,338.0482413825368,2,6
918,Mumbai,1426.0746964523978,4,4,33.693269695984405,378.3926877620456,1,9
919,Chennai,3837.047488100733,4,3,2.1609968627478606,365.7177923719913,2,8
920,Hyderabad,2960.047692037903,4,1,41.891285996180045,336.56957824157837,1,0
921,Bangalore,4480.154274185416,3,4,8.481204651578622,387.7946728382828,0,7
922,Chennai,2992.9696497640894,3,3,34.867903341688525,296.04113882833894,3,0
923,Chennai,2905.516486203389,4,4,11.224025061636416,145.17986505173837,3,2
924,Chennai,1379.5610016577994,5,4,3.422658471302137,457.94077459074475,0,3
925,Bangalore,1248.0321292324643,3,2,24.074683927469714,28.742734847349407,2,7
926,Bangalore,4624.201180019814,2,2,8.464310513639472,195.9496255383153,0,0
927,Delhi,1975.2718948251534,3,1,36.47219941632749,369.8577406866384,3,1
928,Hyderabad,2174.3701473330316,5,2,11.878292169174243,225.03489975184368,1,4
929,Mumbai,3919.206462927748,1,2,17.123627811791444,31.92051559040687,3,5
930,Chennai,2024.705670902633,3,2,28.371962563223647,51.67083349578233,2,4
931,Delhi,4784.281009875513,4,3,14.248413878865579,331.34593718637853,1,2
932,Mumbai,3820.6749604946012,4,4,18.89940581049808,483.13500771454386,2,9
933,Delhi,3188.43159158039,4,2,40.781088552019334,284.8945452005595,3,6
934,Bangalore,4464.028222451387,1,3,8.960492478051286,263.2437526514092,3,0
935,Chennai,723.2265875726723,5,4,4.110079474096684,172.79610226700828,1,1
936,Mumbai,1656.7821148514392,2,2,16.417889256650962,143.2115234557103,2,8
937,Mumbai,2592.6635039940948,5,2,21.218838350693908,30.072791243016663,1,3
938,Mumbai,1521.4034276218445,1,4,27.132964106828382,151.01833646742617,1,7
939,Mumbai,3847.5733428596836,4,3,18.621184808750353,235.57301161532115,2,8
940,Mumbai,4636.436139741763,5,3,39.49558501114026,115.01589586349608,1,6
941,Delhi,2406.9655396891553,2,1,1.9659743834236632,61.927034471086024,0,0
942,Chennai,2039.5967005035272,4,4,21.5883769099279,364.50937628220925,1,4
943,Bangalore,4826.978294619048,2,1,19.11279573282023,449.4177291526722,3,5
944,Bangalore,2501.8359477239337,3,3,32.37892454034295,469.6505934498011,2,7
945,Bangalore,2700.7178020217743,2,2,48.3138125948698,316.6393896785549,3,9
946,Bangalore,2082.424425538574,4,1,25.518770331443108,45.33179964765527,0,7
947,Delhi,4592.968128554623,3,3,49.343842347086024,375.61406238165125,0,8
948,Hyderabad,3060.2996747683283,4,3,15.112469745659872,72.84574652570547,1,8
949,Chennai,3929.7856423174007,4,2,1.5434066271230507,341.4790964901555,3,3
950,Mumbai,4153.130232578988,3,4,8.283158373820637,394.09560115898034,1,5
951,Hyderabad,2038.3206886276619,2,3,19.756244238728364,368.4150611967069,1,2
952,Bangalore,2451.62449094171,1,1,15.81669545942761,476.9042267653427,3,0
953,Hyderabad,4318.122984828191,1,2,4.852706549168884,374.31021654434704,0,5
954,Chennai,2134.649082541146,1,4,21.633005384535842,352.7406934312681,0,0
955,Mumbai,4072.7081005333307,1,4,16.905788582978136,145.63672264788914,0,8
956,Mumbai,4734.465451584967,5,4,6.130961022871922,463.8889694892328,2,5
957,Chennai,3304.4466788060313,1,3,14.805856530595445,106.18105798120011,2,0
958,Chennai,3837.3227935335,3,4,44.321802767769526,454.35037350710064,1,2
959,Bangalore,4122.937904185107,1,3,15.102443274467008,170.078020806037,2,0
960,Mumbai,4302.678420034891,4,2,35.69777116210258,82.47852506128099,2,1
961,Hyderabad,2277.7400203555817,1,2,30.60235398288778,416.8078530901619,3,5
962,Delhi,730.6855662919918,2,4,21.359058120418588,21.19781772839799,1,6
963,Delhi,2308.443220565328,3,2,11.951281840183459,419.4023924867987,1,0
964,Chennai,3531.903034028404,3,1,18.450734967297272,145.90968418206842,3,9
965,Bangalore,2526.576736013568,5,1,29.605360673552138,444.6662109226982,0,4
966,Delhi,3870.3341788717935,4,3,17.537660737467746,351.91000747595797,3,5
967,Mumbai,2106.4209326089876,3,4,10.744821678711592,339.76799976828323,0,3
968,Chennai,3356.348634968133,2,3,5.823137444581605,195.35339031912483,1,5
969,Hyderabad,1338.8891218428857,1,2,43.988346895478266,48.51342746757007,1,4
970,Chennai,3872.162464902306,3,4,22.015648787595282,418.4350871386771,2,6
971,Hyderabad,2955.631859658616,2,3,31.260416087146503,102.03382168473343,2,3
972,Chennai,1418.2897484597027,1,4,24.520518056840263,198.68414810948107,3,0
973,Chennai,1813.6002807401326,5,4,43.62832591789817,308.17024904435925,2,1
974,Chennai,3868.739188618246,3,3,27.34674262241054,251.48179450909842,1,5
975,Hyderabad,2671.705560476843,3,4,24.039070897455666,115.35710488223266,1,9
976,Hyderabad,1472.141481768825,2,2,46.23004952108563,87.49585130349628,0,1
977,Chennai,4852.720356666339,4,1,35.98447980226773,79.15821068013949,2,4
978,Delhi,3718.0625891759955,5,1,5.577495367342866,434.24378311961647,0,3
979,Bangalore,4807.106746429083,4,4,8.885223059840703,35.14858354944014,1,6
980,Bangalore,2421.9727041215447,3,1,39.356143146972094,488.96684460794927,2,3
981,Bangalore,2637.9515331127423,4,4,41.792566058997714,115.29377138499876,0,6
982,Hyderabad,4540.798472832586,1,3,27.259541454514824,72.9547025019575,1,7
983,Hyderabad,2862.722031104231,5,2,27.722761393331965,296.94639429286167,0,6
984,Delhi,3682.7551035755023,4,1,31.596648142572224,58.39325981153438,2,1
985,Bangalore,1634.7779487298849,1,3,21.955788714131973,309.1775663185256,0,0
986,Bangalore,2510.2691091618826,2,2,34.009956174195196,428.30078951053434,0,4
987,Chennai,1055.524396146598,4,1,5.424062878320784,42.991050304363924,1,6
988,Hyderabad,1426.9101614463275,5,1,48.06396211836932,403.93693017370117,2,0
989,Bangalore,504.2453687043399,1,2,37.507741189746085,209.34917167141697,3,7
990,Delhi,676.692732418971,4,3,31.558710200450346,96.55550423898079,3,2
991,Delhi,4897.7772042961815,2,3,15.816102850474035,104.52631052838035,0,6
992,Bangalore,1590.5916281154305,4,1,8.047774372836457,461.00698097322856,1,2
993,Hyderabad,3484.898192768009,1,2,20.467148191447233,73.09076093151894,2,3
994,Delhi,4275.948644598252,4,3,33.07883702870292,436.0557378155154,1,7
995,Chennai,2977.972066564539,5,2,31.685487171155547,281.23741807213503,2,1
996,Delhi,1189.1502503778029,3,2,19.132057753278573,38.74696583189076,1,5
997,Mumbai,3776.523968012749,1,1,30.664319691656488,242.9485499443224,3,9
998,Mumbai,3201.1313454481237,1,2,40.68741477837738,412.3757669486243,3,8
999,Hyderabad,3790.6276520631877,1,2,1.3142386168803533,368.5773380667682,3,9
1000,Bangalore,3963.859802856892,1,4,22.531052396513786,254.61556048866458,1,8
1001,Hyderabad,4889.346654581353,4,2,37.927761423339554,432.8239422541842,1,4
1002,Hyderabad,3081.0347601201947,5,3,27.30722352316886,77.77508565451026,0,2
1003,Hyderabad,2037.3850071077081,2,1,32.5738043964535,456.77170562833703,3,5
1004,Hyderabad,3418.0905060510668,5,1,25.8338196302671,426.29178007200744,0,8
1005,Chennai,807.9831915918176,1,2,49.59372723411555,359.9728763154733,1,5
1006,Chennai,4538.287932447138,4,2,2.731076824451911,412.58611622179967,2,3
1007,Delhi,1037.2145510218857,4,3,24.552241088618864,281.0314432844797,3,4
1008,Mumbai,1975.2927704861822,1,4,4.570827455725884,344.07796596688013,3,6
1009,Hyderabad,4170.854212817544,4,1,7.989278105678521,289.08707393973384,3,9
1010,Delhi,3187.905702488203,1,4,19.15191752091309,190.60569464381567,3,2
1011,Mumbai,2271.3598412484894,5,3,7.777004575024366,293.05318273336525,3,8
1012,Bangalore,2630.4604671875964,3,1,48.18435829783255,143.58335961532435,1,0
1013,Chennai,4345.463269409811,4,3,47.33948883625796,231.33400200357693,3,7
1014,Mumbai,2030.0197372695147,1,2,16.80548231103019,154.77219548491672,3,4
1015,Bangalore,4413.423581654771,1,3,31.98738560188398,78.98613894146672,0,9
1016,Mumbai,896.6049393951117,4,2,26.687666029689304,174.49369106715497,2,8
1017,Chennai,3995.5929674388385,2,4,40.77934902578843,428.9538647286899,3,1
1018,Chennai,4313.964348746314,1,1,31.37228049084711,202.91876990830676,0,0
1019,Delhi,1318.1794377680244,4,1,0.0126227245281052,379.04175150505716,1,9
1020,Hyderabad,2436.5593956749017,1,4,38.15871928048694,104.0949700343174,0,6
1021,Mumbai,1244.7489859864504,2,2,37.34240606480591,223.721196400468,3,9
1022,Mumbai,3679.7185804739797,3,1,25.486135278324053,75.13091328088476,0,8
1023,Bangalore,2909.064956277455,2,3,45.14594866165269,86.53811041639506,0,4
1024,Chennai,3358.955060187445,5,2,45.42231028452008,316.3694623472332,1,3
1025,Mumbai,1384.1913513029501,4,1,26.19558383521986,311.5912723755253,0,3
1026,Chennai,1452.8563792358877,2,3,30.399411559826884,122.41851553033386,1,7
1027,Mumbai,686.7379647945786,3,3,49.826103596233615,247.72313325862336,1,0
1028,Delhi,1949.3039083807837,1,1,14.941011740570875,434.386960149415,0,0
1029,Hyderabad,3018.850976001537,4,4,16.230862115573867,103.61672416471178,3,7
1030,Mumbai,4360.70711298798,2,4,9.138695133174817,29.22105587528712,2,1
1031,Chennai,3501.1735135640633,3,1,44.7933469578934,332.9576675185147,0,9
1032,Delhi,2459.2834552988816,2,3,37.224419497463316,45.6791398825688,0,5
1033,Mumbai,4789.04051477362,5,4,5.282142443512095,490.37131451477404,0,1
1034,Bangalore,3736.603402591243,4,4,49.08836755989828,312.6177362234629,2,4
1035,Hyderabad,4685.743412881475,1,4,36.548085408055805,245.79024936510672,2,2
1036,Mumbai,2874.1458797247456,3,2,42.526105480248724,226.39641921166725,1,6
1037,Delhi,1665.0692365691282,2,4,2.4075394586600463,295.0739160881271,2,8
1038,Bangalore,737.7200886412489,4,1,25.248045947108384,63.49972962570316,2,1
1039,Delhi,3767.381831677327,2,1,34.92991433635196,466.40914823335794,0,6
1040,Delhi,1045.8634910249034,4,2,27.147329228592064,320.3081929049013,1,7
1041,Bangalore,1862.4880772238523,5,2,33.33237328496387,108.30967885323622,3,9
1042,Delhi,2896.119085477538,2,1,40.89370317952363,290.03890580703813,1,7
1043,Bangalore,3039.8746450088647,5,2,18.71685314800981,83.96312279984558,2,6
1044,Mumbai,3202.624386442112,3,4,42.43343378093549,28.425304427989815,2,3
1045,Bangalore,1248.148986573653,5,3,8.145805238264536,322.64815290271906,0,3
1046,Bangalore,2208.8183216974194,4,3,13.544302751318737,331.27200409766135,3,9
1047,Hyderabad,3277.3740220263503,3,3,2.167280996366289,300.17435974563944,3,8
1048,Bangalore,4864.1848908520315,2,1,18.221340566762557,108.07193809281108,3,9
1049,Bangalore,3774.3401196485993,2,2,18.995477241206014,309.6463320774882,2,8
1050,Mumbai,4651.71690692281,4,3,40.263529860362546,47.1252516437695,2,4
1051,Hyderabad,3929.9542624137966,1,4,32.6565335144828,312.4344106745227,1,6
1052,Chennai,3162.726360015802,1,4,21.836127907783332,285.92816917165703,2,6
1053,Mumbai,1364.1051611135504,2,4,32.60569893118741,334.52231880276776,3,8
1054,Mumbai,3500.085433516309,4,2,2.639167525784558,449.82829076114905,3,6
1055,Chennai,3305.208046819582,1,3,9.013576800918804,428.1718905149776,3,7
1056,Bangalore,3211.111267057699,5,4,31.34739276208775,490.7140119500186,0,6
1057,Delhi,2704.0364059470835,2,2,32.068340961265115,488.59569580955605,1,3
1058,Hyderabad,2878.9547179517403,5,4,38.706732935371356,390.71345281940125,1,1
1059,Delhi,2004.9913720314682,4,3,20.14998795268011,479.08141864530944,2,2
1060,Chennai,2836.9071168903643,5,3,36.12770483080781,436.29626522677376,0,6
1061,Mumbai,1389.0015755531522,1,3,34.199016628009474,369.239575949587,1,8
1062,Mumbai,4123.284788121695,1,3,48.169668918492455,56.1844422290025,0,1
1063,Hyderabad,1335.9962961441852,3,3,10.756511321233958,43.54394636954613,0,6
1064,Mumbai,882.3483045025989,2,4,27.583978187631974,422.04779240276974,2,3
1065,Mumbai,2463.107118607208,4,3,30.088222105523464,255.0348117784152,0,6
1066,Hyderabad,3462.383477777278,2,4,49.932394246711034,411.01120849996204,1,4
1067,Hyderabad,2469.725712200936,5,3,10.059207108332584,170.20076991450532,2,6
1068,Chennai,1745.3935937808888,4,4,26.16090099836461,210.87193199504614,1,5
1069,Mumbai,3011.7703275069834,4,3,17.309265385681943,356.08962608572733,0,1
1070,Mumbai,2061.5105093549,1,4,26.29464842894999,459.35683372740476,0,6
1071,Chennai,4697.904605569849,5,3,11.606430105155297,62.12550774986525,3,4
1072,Bangalore,4651.903128216074,1,2,2.3806189213744053,433.509509424611,2,8
1073,Bangalore,2760.6731898744297,1,4,28.628272694884444,400.64610794209534,2,0
1074,Bangalore,1975.4779730821633,3,2,16.79271579304161,171.45884995033023,3,0
1075,Chennai,3817.095862804876,1,4,9.097070087421683,190.5039747831486,1,1
1076,Mumbai,665.2082456737999,2,4,16.196778303901688,42.30150906651662,1,7
1077,Chennai,2636.4605271964306,4,4,2.464010072387246,27.555493336024632,0,8
1078,Chennai,2013.4552742165008,1,1,47.522111704505164,248.96294065170997,2,6
1079,Bangalore,4642.411482961496,2,3,29.057395748663023,65.85902983870906,0,0
1080,Delhi,554.0136227270715,5,2,40.73843406735124,113.12087091930225,3,6
1081,Mumbai,2987.6669407325708,4,2,21.15590987738652,426.4482557727985,0,7
1082,Bangalore,3832.986114799817,5,4,45.165733378309284,294.0936278002172,1,6
1083,Delhi,2682.5809438581855,2,2,24.165911077612666,324.14356988773443,1,4
1084,Delhi,884.3136357322475,5,2,28.69726611003347,109.99007879932162,3,6
1085,Hyderabad,4876.07625512556,5,2,24.589699003132843,417.75766613812135,1,9
1086,Mumbai,2831.0469411924405,5,2,36.66391479338258,436.6302907710788,3,1
1087,Delhi,3263.838099435551,1,1,28.332803880103118,271.1972449822608,2,8
1088,Bangalore,1564.744022183783,1,4,13.579946179019887,458.0277305017567,3,1
1089,Hyderabad,2675.7413829806173,1,2,7.276976566132315,425.5177399781992,3,1
1090,Mumbai,2431.1727138124484,4,1,30.306219444148887,371.0356048037303,3,4
1091,Chennai,837.0312890089268,2,1,24.45899807735181,372.35643953294175,1,7
1092,Bangalore,977.7215909636025,1,4,4.798784834805647,70.58886749641438,2,5
1093,Delhi,4268.626338284485,5,3,19.78087328966342,150.00129809391956,0,8
1094,Delhi,1579.189784929656,5,3,25.73882110002268,52.0866655124845,2,5
1095,Bangalore,1377.3122217438374,5,3,41.3446616912795,24.166980428628158,1,4
1096,Delhi,2772.1015306256268,5,2,3.8050527916681176,95.98857506427686,2,0
1097,Hyderabad,3959.3620911313083,3,4,17.424767412300145,442.6338476705312,2,7
1098,Mumbai,778.7593336054456,4,3,41.13280613551927,135.13954833730475,3,2
1099,Hyderabad,3095.6356383721513,2,2,32.42119658857894,485.6739020440264,3,1
1100,Delhi,1036.44699278258,2,4,14.497916090189339,306.69967978937893,1,6
1101,Chennai,664.0747287152831,1,2,42.26675610113212,133.88407406465137,3,1
1102,Mumbai,737.3477847299782,3,3,24.664679028134618,258.62278567242214,1,0
1103,Mumbai,4253.738486937986,2,3,24.917594565523025,125.16551489605538,0,1
1104,Bangalore,1030.876176326277,4,1,48.829366960019215,492.30730792753945,2,5
1105,Bangalore,703.1811398553137,5,1,47.35582516181892,426.68719227438265,0,1
1106,Chennai,2470.5494921431055,1,4,17.926634168492196,32.59461861551797,0,0
1107,Mumbai,4297.970623739111,4,2,7.028956433154115,474.93249510438613,2,0
1108,Chennai,1680.8376942018588,2,2,16.2833366139047,366.1112515053859,3,3
1109,Bangalore,2397.7067788666236,3,3,1.524163015569402,59.5430009702136,0,7
1110,Bangalore,679.6513965368805,1,3,1.0383943355195602,341.9061182366939,2,5
1111,Mumbai,2520.8533136069414,2,4,19.77610681257096,330.524815023529,0,3
1112,Hyderabad,3099.2588628671015,1,1,47.05099113486171,125.01859798764005,0,5
1113,Delhi,3069.0817418846514,2,3,43.567867061610386,384.05441600363633,2,5
1114,Bangalore,1995.9201147846431,5,2,25.57214169588115,61.79105759022421,3,8
1115,Bangalore,1919.8993129841099,3,3,28.261319058541535,254.93368699099895,1,3
1116,Hyderabad,979.8062852146904,5,1,0.29667483730282385,24.763139438282202,2,5
1117,Hyderabad,2150.592442908208,2,2,10.775057791688274,484.9939946694783,1,9
1118,Chennai,947.726009928341,4,1,1.2387063467191872,380.7505432529165,2,0
1119,Chennai,3949.681751204232,5,4,37.72697663476938,96.24899655663489,2,6
1120,Delhi,4848.234339866836,4,4,7.282289801324887,184.00353917661585,1,6
1121,Delhi,4865.335055000181,2,1,43.452355123840846,97.06994134792461,1,0
1122,Mumbai,4392.819947189272,3,2,32.16621568378941,387.976382782071,3,7
1123,Chennai,3203.564672028286,4,1,11.470933825785668,48.27023620530328,2,4
1124,Bangalore,3653.89563759746,2,3,7.886015854162487,423.3951946705828,2,8
1125,Chennai,1783.4261120618633,4,3,31.381235046152657,472.2542426411503,2,7
1126,Bangalore,3338.4668907767928,5,1,45.041849014116174,344.78141254702393,3,2
1127,Hyderabad,2550.4229724794486,2,3,35.91801094571908,122.22341600068842,1,0
1128,Chennai,2669.0780289961963,5,1,17.42733258016888,192.84324599050439,2,2
1129,Hyderabad,3909.9945216882106,1,3,29.369179763432356,249.075139908287,1,1
1130,Delhi,1768.6326001876323,2,1,15.538084768621069,310.2198906570818,3,1
1131,Delhi,1931.1782526253394,4,3,49.957478338932944,340.95828310960997,0,3
1132,Mumbai,4660.888060078865,1,2,37.441959423092555,286.0230633530637,1,1
1133,Chennai,753.0093268293751,5,2,30.719081987837683,188.63068199449077,3,7
1134,Hyderabad,2685.354342860032,5,3,21.16295713829146,447.64029467115347,0,4
1135,Bangalore,4607.603601835378,4,1,30.907614512977865,59.06818784861996,2,0
1136,Delhi,3246.6335351817065,1,3,17.08080312336674,243.80290603687763,2,5
1137,Delhi,2958.8318339545945,3,4,1.4432419729015378,392.2711224643907,1,6
1138,Bangalore,1623.8488065320985,4,4,19.754426117831642,49.21887933987243,0,0
1139,Hyderabad,2044.7397007900172,5,1,46.52404097899335,358.56090406942457,3,2
1140,Hyderabad,4334.217871121118,2,3,31.31505473869329,413.461578921596,2,8
1141,Chennai,3016.481592958062,1,3,4.19778515354508,337.1990232929851,2,6
1142,Chennai,2816.3398719055094,3,2,44.24968066975129,26.209708292170877,0,3
1143,Mumbai,948.1087109301302,2,1,13.443742467075742,106.46577302345901,3,5
1144,Delhi,572.1267040480541,1,4,12.188474654136371,184.21427786813635,2,5
1145,Chennai,4836.583349091721,4,4,14.85454843901604,132.17121710626202,2,2
1146,Hyderabad,2196.4377527907873,4,1,28.860111806297873,482.0730273091651,1,1
1147,Bangalore,3214.4587794477693,1,4,27.23440467169883,332.765078774621,3,4
1148,Hyderabad,858.7178293427825,3,1,24.570687731144087,162.54605952875374,2,7
1149,Delhi,3574.0142857537094,1,4,35.87684317563135,466.2547993594139,0,2
1150,Hyderabad,4696.5501891768245,2,4,15.82688656674795,375.4852157485697,2,4
1151,Mumbai,3090.4936384883886,2,1,39.10322607862155,156.61146167698013,3,2
1152,Delhi,1067.5189506893475,4,1,8.766083918929956,201.86315331293858,1,6
1153,Bangalore,3117.746873630645,1,4,39.13103945385046,115.72585198589923,2,5
1154,Mumbai,3948.5624589709355,4,4,33.190505262514144,486.11551916759447,0,5
1155,Delhi,2328.874414583084,3,2,34.160415477379324,268.3023180272352,2,0
1156,Bangalore,4459.269865736605,2,3,24.077669856363,450.1072099990326,0,1
1157,Mumbai,3419.07329010814,5,1,33.35007663404323,186.3198900880869,3,5
1158,Mumbai,4546.620132301411,5,1,3.98985232797287,433.2039694867883,1,7
1159,Delhi,3305.7739006130173,1,3,42.577555852468365,45.8656872450387,3,4
1160,Chennai,1090.795874021709,1,2,2.7773616743823,491.40335241165826,2,1
1161,Mumbai,1893.612699973351,5,4,7.4370754935748735,457.77649617598524,2,4
1162,Mumbai,1408.077267136056,1,4,28.839485424861817,194.33741349279438,1,8
1163,Bangalore,4589.7192397258805,2,2,36.97057277283457,391.86663935099716,0,5
1164,Hyderabad,3921.800302793672,3,2,3.812578217312673,381.0838047074365,3,4
1165,Delhi,3543.7926600950273,3,3,46.03824070611599,452.6023026094072,0,9
1166,Delhi,1854.3484383422976,4,3,48.68038244003493,167.48239094182932,2,5
1167,Chennai,1328.2014742259607,2,4,30.297508650385552,243.44960255079175,0,8
1168,Chennai,3904.0298959501033,1,2,24.062172768841826,435.1998140509055,3,6
1169,Delhi,2633.7107564558587,1,2,37.069748613987485,393.7181379849037,0,9
1170,Chennai,1516.052984677831,4,4,16.417867616360272,208.864024995334,2,2
1171,Bangalore,3274.798901743738,4,4,24.663221705255324,425.9481117978186,3,9
1172,Delhi,681.5023346230339,1,4,45.80755134072007,42.537938831552715,0,9
1173,Chennai,1967.7661435771408,1,4,47.78277126207668,395.38222542223525,0,4
1174,Delhi,2608.506475660106,2,4,46.35345580255925,119.2476125281763,3,3
1175,Hyderabad,1165.8125034923264,4,3,13.122403348192007,157.33803575541785,2,4
1176,Mumbai,4930.945149158778,2,4,11.62345201083817,256.74312492588496,3,7
1177,Delhi,1440.938140653264,1,2,14.883225296465714,235.87256051358747,2,5
1178,Mumbai,1086.589085194695,5,1,22.065555619423012,269.87365129754284,0,3
1179,Chennai,1415.9069324910338,5,3,15.70837063959818,281.49228592257145,3,4
1180,Mumbai,3960.775099218759,1,2,18.7106397869529,179.13329169511852,2,6
1181,Delhi,2414.7754667232925,4,1,31.031847606037978,104.10920624817439,3,7
1182,Hyderabad,3044.371728886421,5,3,38.1262838546988,388.87099005790685,0,4
1183,Chennai,594.5412064386234,4,4,36.77790991339585,211.9885515618282,3,1
1184,Delhi,654.9408885799155,5,3,40.7211783539576,262.80361398034836,0,5
1185,Chennai,2506.2149742215724,4,4,1.6092201607701084,329.45442480853666,0,8
1186,Bangalore,4174.948594407306,5,4,2.386689483937804,456.62620270719486,0,2
1187,Mumbai,4483.574954184043,4,4,39.46914803443147,359.6253589473056,2,6
1188,Bangalore,890.179554180381,2,1,26.653941116231593,41.820428283384565,2,7
1189,Delhi,2922.6339594546025,4,3,28.907033688106015,422.5089744310485,1,5
1190,Hyderabad,4609.533588256717,2,4,2.6293430107188542,494.8904072612092,2,2
1191,Chennai,2245.8773947904883,2,2,12.765690058563544,246.79281217826343,1,0
1192,Mumbai,4233.046241427659,1,3,31.917715244273886,485.4033614982083,3,2
1193,Chennai,1101.630444797463,2,2,42.959094505533805,282.71779632471174,0,5
1194,Delhi,4709.275203505094,3,1,45.84916985907013,240.6156780185359,2,3
1195,Chennai,3881.404928890862,2,1,25.020974791754085,179.07428706917844,0,0
1196,Mumbai,4736.004767541058,4,3,27.27371163690988,335.6263404000026,1,5
1197,Delhi,3544.777550986279,2,1,41.65248155344955,130.3138018520214,2,0
1198,Chennai,2135.3176939974214,4,1,26.881230037367732,70.36842488691407,2,7
1199,Hyderabad,4721.815276361251,4,3,25.842926276865867,33.07380924042276,2,2
1200,Delhi,1740.0504933913032,3,2,45.25420188804768,160.34245410332662,2,2
1201,Delhi,1994.7763492777965,2,4,39.496636052794,209.96999944017836,0,0
1202,Hyderabad,3653.6378810078313,2,3,45.45362631806473,284.99681421499895,2,2
1203,Bangalore,3943.923347864238,5,3,10.91235273905769,160.5199160897631,1,6
1204,Mumbai,4682.315677321192,5,4,26.218774332767836,492.3485947449974,2,9
1205,Bangalore,1421.6108407529427,1,2,42.123606429667895,160.03768075576045,1,7
1206,Chennai,4090.9911584865076,4,4,5.557391373355447,231.66818645427617,1,7
1207,Hyderabad,3823.4572402863355,3,4,39.73310771469809,69.57255945531216,0,2
1208,Bangalore,787.0755031411904,5,2,9.148669170743473,145.1007264017963,2,4
1209,Delhi,2242.5041354459313,2,2,40.40593774926606,43.199427098715724,1,0
1210,Chennai,1772.4445567704436,1,4,30.600046877843408,288.56414404991745,2,8
1211,Chennai,1870.2069095931367,3,4,9.661799574243357,380.5110479035672,0,7
1212,Bangalore,4923.260957996154,2,3,23.667708966640056,113.94071088131261,0,9
1213,Bangalore,3392.4983606596757,2,2,34.09525832303858,196.59725015171398,2,1
1214,Hyderabad,3729.542710070748,4,1,31.69264504417712,27.97578882903707,1,9
1215,Mumbai,4894.779367917541,4,2,21.36235981158522,422.9705867466618,3,0
1216,Bangalore,2197.408021059374,5,4,44.96832644604635,394.38249196720136,3,3
1217,Bangalore,4108.280758037627,5,4,25.963170724392214,50.36193481966034,0,8
1218,Delhi,2455.389334870229,2,4,25.29336492643442,195.13645247379742,1,7
1219,Chennai,4412.901523167409,2,4,3.1125294970727135,478.5375746477578,3,2
1220,Mumbai,1312.9589359008642,5,1,46.10601948988185,208.172986917909,1,9
1221,Delhi,4764.587796789258,5,2,8.85582843391865,272.5801648275277,2,5
1222,Hyderabad,1484.4726878489587,2,1,26.41723467182771,190.5165732849705,0,8
1223,Hyderabad,1967.992281414192,3,1,40.17838007001551,306.1430663015657,2,9
1224,Bangalore,3902.8650534805124,2,4,10.772663847782166,489.51530030567466,2,7
1225,Bangalore,2271.89813704433,3,1,26.368664498542056,498.8012016709746,2,9
1226,Hyderabad,3236.95119544901,3,4,12.034245461167043,391.86318944537175,1,4
1227,Bangalore,2500.5807548124285,2,4,37.98474988999559,214.06932704981085,3,8
1228,Mumbai,3840.6647169040184,1,4,28.217058393657535,257.3274563979144,2,8
1229,Bangalore,1527.4906356587487,5,1,42.79879301975718,191.23103749390663,0,2
1230,Chennai,763.0609425659466,4,4,44.72790014386914,493.0758223540862,1,7
1231,Bangalore,1849.682288628798,2,1,32.436674122269906,359.72494679619376,3,3
1232,Delhi,2634.388991907936,3,2,36.269562307947226,235.4870938080854,2,9
1233,Mumbai,1256.0902348670536,2,4,27.461004994343185,25.815329652609122,0,6
1234,Delhi,2096.587803453749,5,3,19.221436653369146,269.83203890746324,2,9
1235,Delhi,2299.9235823210583,3,3,32.40589615104173,492.2855368167766,3,7
1236,Chennai,758.2632965972309,4,3,45.41443117436644,271.0692363070649,3,6
1237,Mumbai,3124.8826168289206,4,3,20.834019021571898,107.56480903477456,2,4
1238,Mumbai,4479.545425870794,4,3,15.720501318689767,30.60499861029193,2,0
1239,Mumbai,1182.843108288736,1,1,19.421846927628707,190.25780389962034,1,7
1240,Mumbai,3190.136060306813,3,2,21.76988151057998,460.7494667343713,3,4
1241,Mumbai,3491.326422098808,3,1,3.6780514488858107,498.3459719244229,3,2
1242,Chennai,2387.0060618867974,1,4,24.92209202174972,473.77662790976126,2,1
1243,Bangalore,3654.939143139215,3,2,24.71571240250298,370.1215967620432,0,2
1244,Delhi,2348.291945709554,1,2,29.42219138202616,287.9085096515145,2,8
1245,Mumbai,2770.867795898457,2,2,18.141001523566576,303.529350263481,2,1
1246,Bangalore,533.0887004949215,5,2,30.655379797779485,278.7161643641412,3,9
1247,Bangalore,3612.7405136060997,4,3,43.91081551371015,359.3836663630344,1,0
1248,Delhi,3476.04205525126,1,4,47.77354952475822,221.05914881376916,2,1
1249,Chennai,672.8039479685506,1,2,29.18061080705248,341.2179223787674,0,1
1250,Hyderabad,2157.1254832780987,1,2,2.1295476985156547,78.3738151794565,0,4
1251,Hyderabad,4905.643283562503,2,3,48.461799863355445,147.5337471495122,2,0
1252,Bangalore,2393.3145315587753,1,1,35.29310304481281,421.28145862814216,0,9
1253,Delhi,2758.754323093288,5,1,16.798182427682605,453.7994867568277,0,7
1254,Hyderabad,4594.685711718734,5,1,7.357885048186169,278.72395402894387,2,1
1255,Bangalore,3727.678441395904,4,4,7.1709306118137475,35.18509626220755,0,5
1256,Chennai,3119.315590059006,2,1,8.387220306980137,464.9473139800487,0,4
1257,Hyderabad,4090.1210660348265,5,2,2.2786260806910152,356.9908438530975,2,1
1258,Bangalore,4389.64819905188,3,3,45.10770943264558,218.73340340257317,3,9
1259,Bangalore,2555.9963228177007,3,3,27.038411641366817,307.2218927357583,1,0
1260,Mumbai,2637.9876421932595,3,1,34.997970635691864,226.29192053185574,1,5
1261,Chennai,2237.229210433261,1,3,41.405425463415376,243.36282883138446,3,5
1262,Mumbai,4850.1776300830725,1,2,39.577050316660014,445.6687355165128,2,2
1263,Delhi,3637.2481443065767,3,1,44.130281186442076,97.32043852021354,3,7
1264,Mumbai,874.5037979363253,4,2,48.362731126247596,69.76118503147364,1,8
1265,Mumbai,4383.318304908583,4,4,21.953530737096976,21.309797366247558,1,2
1266,Hyderabad,2662.519733763206,1,2,47.51677333341953,170.72018029382082,1,8
1267,Bangalore,809.3925789011936,3,2,36.164497417140815,90.75860791252515,1,7
1268,Chennai,2973.7276482349,4,2,3.533409515403924,125.59303766629336,2,4
1269,Mumbai,2377.2392553906593,1,2,34.08915606061727,25.394711679380926,1,5
1270,Chennai,4449.872321881812,3,4,34.33583298024243,129.05379905009755,1,0
1271,Mumbai,1417.9757162422432,2,1,45.293028189626355,179.70155932753948,2,4
1272,Delhi,4219.090742714823,3,2,18.646606623504603,35.152398276743035,3,9
1273,Mumbai,3009.5991103345373,3,1,29.24557501359089,311.7939796626309,2,9
1274,Hyderabad,745.7463644606107,5,3,0.6093775505871257,293.0241674642038,1,6
1275,Bangalore,4873.303855964681,5,2,16.6037621090668,66.57717368476403,0,0
1276,Delhi,2806.7685984643995,2,2,3.1121863079390466,305.6046932088325,2,9
1277,Mumbai,1808.9458440421213,2,3,26.093648638244847,499.3538809322613,2,8
1278,Chennai,2612.3307889516614,3,1,40.87238252534766,473.3450973495395,3,6
1279,Delhi,4360.360025828701,4,4,10.322134606453448,21.282076816478384,1,3
1280,Delhi,1872.0640597327858,2,2,26.372052277888926,401.7815894385726,0,3
1281,Mumbai,1367.0437841901514,3,3,10.200431825538352,189.73053259351326,2,9
1282,Delhi,1080.8206111889665,1,3,6.034423392312021,50.55265776062116,2,6
1283,Chennai,1840.3672927559505,5,2,25.54983959671712,162.07194258377987,2,5
1284,Delhi,4010.2163916801956,4,1,3.9574310474863816,174.4335278302219,0,2
1285,Chennai,2622.3186433786777,3,1,29.367731556899468,271.15723486834725,2,8
1286,Mumbai,1523.66721662093,1,2,1.5668730338363135,337.32020828905024,2,5
1287,Bangalore,1247.8324982438712,5,3,5.335748593418776,379.5466938600358,0,1
1288,Delhi,1997.282644296706,1,2,27.49987427436789,138.033460430368,2,9
1289,Bangalore,4729.65967798569,3,4,29.570370644945694,174.44987371927854,0,1
1290,Chennai,2043.6202066551098,2,4,1.449346504687904,168.0232192926729,3,0
1291,Delhi,4946.558341795859,5,1,28.66883940007792,194.1136966980207,0,4
1292,Hyderabad,2683.5370509441027,1,4,41.92512626618185,499.83502829904256,3,9
1293,Bangalore,1306.237632305679,2,3,36.1158088646977,393.4127853571644,0,5
1294,Delhi,4510.130413070792,4,4,6.559255196039931,487.9954233289746,1,2
1295,Bangalore,2571.599179106721,3,2,29.623732378180744,352.69330858258746,2,3
1296,Delhi,3693.52104577036,3,3,33.612625003710676,215.00993679069646,3,4
1297,Mumbai,4926.702124441183,5,1,1.8615600876145888,207.07720814094796,2,3
1298,Bangalore,725.789076439883,1,1,42.767383434181134,254.51894958802166,2,8
1299,Hyderabad,935.1255190440521,4,4,45.31336986449151,220.09749601492993,0,2
1300,Hyderabad,3742.055336582403,5,1,42.52261366811293,417.596598124518,1,4
1301,Chennai,1768.212514829624,5,2,41.23157339945566,243.20096625281258,0,6
1302,Delhi,1329.3562862754457,1,3,37.248259923044664,161.89489290120608,2,6
1303,Bangalore,677.1284591887827,4,2,31.671601564098005,391.9329289743929,0,5
1304,Chennai,598.3102039379081,1,2,33.931350249412596,430.12179650306945,3,8
1305,Bangalore,3985.185214039059,3,2,40.31976466674915,221.80589894741667,1,6
1306,Delhi,1104.9504231629749,2,2,33.12492291806523,340.54811451465537,2,3
1307,Hyderabad,2604.742771870179,3,3,16.38634783410355,48.22617626638628,0,9
1308,Mumbai,3226.5356683076734,3,3,18.798055108067697,274.143128946304,3,8
1309,Hyderabad,2427.583102559808,5,2,44.85287341861461,41.59094611784386,1,5
1310,Chennai,621.979935513049,3,2,0.8561042898580951,34.011603437344675,0,0
1311,Mumbai,4025.75676164559,4,1,34.9410290622141,314.2039282509147,0,8
1312,Chennai,547.3095104374407,3,1,47.73887762126077,165.60098354959382,2,6
1313,Delhi,3928.504524698678,4,3,35.31140849789868,376.4178379786234,3,5
1314,Mumbai,4519.870222046552,1,1,49.6955994115891,450.11962910364423,1,5
1315,Chennai,2447.7796447572755,5,3,34.37724527641654,86.90776339056833,0,3
1316,Delhi,2909.941128940092,4,3,1.7181514608430537,367.77096251788345,1,3
1317,Hyderabad,2646.425266779442,3,4,41.35049408234618,266.9695991784048,3,2
1318,Delhi,2251.4387838054745,5,3,14.231495596965955,73.81724007809545,2,7
1319,Bangalore,4493.410409166621,5,1,22.302861283222047,332.76445111074787,2,7
1320,Delhi,4522.700798014957,4,4,15.604595795354104,312.54406549110695,2,1
1321,Delhi,2011.1736408869053,4,1,13.427705310483972,267.5080963523756,1,4
1322,Bangalore,3267.8138930661407,2,3,21.57028518348927,464.7061781886359,1,8
1323,Chennai,4671.084029656388,2,3,18.93757242203369,270.1182541299279,0,8
1324,Chennai,4829.263245236082,5,2,31.66692909212947,495.447255416102,3,6
1325,Delhi,2790.315681899214,2,3,40.65756004937553,264.4298306470933,3,3
1326,Bangalore,2537.7116237794708,3,4,14.854432659362038,75.60897838465644,3,3
1327,Bangalore,1754.124421678366,1,3,10.686057641100872,245.82620051601458,1,9
1328,Hyderabad,4814.923429356845,5,2,33.34476354351711,107.5178060264342,2,6
1329,Chennai,1142.664370127903,1,3,33.51600329153908,306.6240729043651,3,2
1330,Mumbai,3109.2330922147626,2,3,45.05656196430859,352.7034440929286,0,2
1331,Chennai,1771.476203833875,4,3,0.7972843226655424,244.84893377940497,1,4
1332,Chennai,1755.5373065650847,5,2,42.652033105825495,66.89742448791115,2,5
1333,Hyderabad,2322.358643192848,2,1,26.050108647417847,244.9478713201054,3,7
1334,Mumbai,4994.5682111704455,3,3,31.065104458604942,59.09802307251219,2,0
1335,Hyderabad,747.3483807791993,5,4,4.568572028070738,347.4204586431363,0,6
1336,Mumbai,3103.4381819158916,5,2,21.630746643602283,399.376747935242,3,7
1337,Delhi,871.5747111587473,4,4,11.36512036192619,481.9425570689787,3,4
1338,Mumbai,1195.3437349573355,5,3,12.711251504125453,91.4250114216591,2,9
1339,Hyderabad,2478.033237978044,4,2,25.20475573380137,275.561761055986,1,1
1340,Chennai,2797.070591058986,2,3,40.622797520155615,292.41793641700093,2,3
1341,Mumbai,1664.565837640358,3,4,37.18904650724281,462.78873621487026,0,5
1342,Mumbai,1924.0570889348728,3,2,29.54999795429769,321.0927874863268,2,8
1343,Bangalore,891.3515911516988,5,1,26.97090963767335,89.84462990975413,2,1
1344,Chennai,1864.4890272991274,5,1,21.365302161724497,229.44863550233083,3,3
1345,Delhi,4849.512977212448,2,1,48.63549867806932,334.28601368300025,1,9
1346,Hyderabad,4751.183217526168,4,3,28.009627711711666,356.1365273932627,1,4
1347,Delhi,2006.9523056164326,3,2,12.698319915611107,434.2755193234753,1,7
1348,Chennai,3068.842713254427,4,4,11.504539602001978,106.64341752531064,1,7
1349,Mumbai,4593.17925999925,2,4,30.56765153875709,476.74023044263924,2,1
1350,Mumbai,527.827201884035,3,3,26.14137636554644,48.38691776748428,3,5
1351,Chennai,4148.076066519163,3,3,0.38489014773563923,492.205824593073,3,5
1352,Mumbai,4767.662987550136,1,4,41.50326860978897,431.7282045758761,1,4
1353,Mumbai,910.9658045010068,2,2,35.20611771162173,336.93093572584223,2,7
1354,Mumbai,1226.5145871481445,2,3,33.09146448390518,372.7978401269224,1,9
1355,Hyderabad,4823.358362471099,1,2,3.4390328848829474,54.892162841022284,1,1
1356,Hyderabad,2918.9306463815583,4,4,18.10279250862457,39.91033418933714,3,1
1357,Bangalore,563.8848551227567,1,2,46.76911303663931,68.84758234465545,3,6
1358,Delhi,1659.3439944358813,2,1,43.12946206706819,61.93271103878614,1,8
1359,Chennai,2524.7465342098685,4,4,14.277146893476672,282.74299206532885,2,2
1360,Chennai,3618.0900996114547,3,1,7.852944204956936,123.41311381365878,1,6
1361,Chennai,3799.2217016155982,1,4,22.454397858428855,432.8987058592287,3,2
1362,Bangalore,4979.396808164553,4,1,17.791518933383045,233.95933907267465,3,5
1363,Hyderabad,1793.8003972269155,4,2,34.111318835299556,353.845028699972,2,2
1364,Bangalore,2921.9904584081387,4,4,48.32174050421598,333.37908462567674,1,0
1365,Chennai,2899.9559653682227,1,4,18.150072499128072,173.52945868626082,1,5
1366,Delhi,2325.403667512569,3,1,3.1112086326121,136.72043529234995,0,2
1367,Mumbai,1261.2285222908909,4,2,44.880700417119265,184.37901694238488,1,0
1368,Hyderabad,4898.554534327292,1,4,1.8974865119935402,402.396019447922,2,4
1369,Hyderabad,4339.927339999637,2,3,47.63829485766665,301.41288724141685,3,7
1370,Bangalore,2742.4986273240675,1,1,33.22897140045199,141.69855800920416,0,7
1371,Hyderabad,3214.604402078134,1,4,47.08446042209746,412.5662926690065,2,7
1372,Chennai,1522.6747410184803,1,2,9.982984332448913,46.284505332947234,2,2
1373,Chennai,2947.041816762861,4,2,2.0349897626903815,355.6080199953418,0,7
1374,Bangalore,3627.3655990466414,1,2,24.41049891382459,230.76838675966923,1,3
1375,Chennai,2818.2516277396494,2,2,22.53117072850626,371.01938531162637,0,7
1376,Delhi,4956.283267632236,4,1,16.57461366274414,465.1814145168448,2,2
1377,Bangalore,3251.0374531147677,2,4,47.882823719434874,380.0163670145139,1,2
1378,Delhi,2169.3817066647607,5,1,41.12918660807161,232.14337054946353,3,0
1379,Mumbai,3974.6841242712717,1,1,33.079101068779664,92.46832712666276,0,7
1380,Delhi,1267.0813021173892,4,2,8.142914581891386,407.0484683866082,2,7
1381,Mumbai,2230.321161678199,4,3,36.71617041092624,241.13865292225836,1,8
1382,Mumbai,2061.315276699136,1,2,36.350622734986196,56.1499152594223,2,5
1383,Delhi,2443.1319279849977,3,3,21.253408680800373,365.14659093289566,1,1
1384,Bangalore,4018.0092166792683,3,1,46.23929548570068,160.08894363996305,1,0
1385,Chennai,2678.7786447353337,2,2,8.348894111450523,43.46635016248891,0,7
1386,Chennai,4073.065026196832,1,2,13.366878120583214,453.3204871875573,3,9
1387,Mumbai,3094.2000641293967,1,1,3.1612169625316824,251.88852420507683,1,3
1388,Mumbai,2039.3124559589992,5,2,39.772547908879375,154.86130552305036,2,6
1389,Bangalore,4144.904346575626,3,4,31.087969304769864,363.86554778475755,1,9
1390,Hyderabad,1572.3035174889121,3,3,15.747015284062476,445.2331412876306,3,3
1391,Delhi,1509.7234090990796,1,3,8.19068317971577,20.147396016202634,2,0
1392,Mumbai,2770.263158246761,2,3,2.0073885014370187,350.1690488202338,1,7
1393,Chennai,1673.8216068294,1,2,8.337278431296829,388.16561312884227,1,9
1394,Bangalore,540.8916572804734,2,4,22.66423231688291,120.76516509415663,0,8
1395,Delhi,3417.338872844607,3,2,12.358848450530308,255.0194390768837,3,9
1396,Bangalore,2799.922196625791,5,3,12.949108871598336,62.85723148060919,1,8
1397,Delhi,2504.8301652192254,4,2,43.778818333385715,378.43994360736684,3,8
1398,Delhi,4851.358315782419,3,3,25.756883673055032,426.7788889104092,1,3
1399,Mumbai,3070.3963278331116,2,1,36.46259865642073,71.9295955158371,2,8
1400,Bangalore,4385.442100052231,1,3,1.7855474514071545,411.90092164776064,3,3
1401,Bangalore,1127.5260629232207,3,1,18.258167783901435,390.3536818325761,2,1
1402,Chennai,3061.4290840824247,5,1,23.95846736977209,186.51839377803068,3,9
1403,Chennai,4405.908320289063,2,1,9.320842760509235,351.33897436812,2,2
1404,Mumbai,3123.975907759541,1,3,6.009577072276934,20.02309946926964,1,1
1405,Mumbai,3731.0638015715067,4,4,43.515188924992124,467.2628741436793,2,0
1406,Hyderabad,2174.196055154933,2,3,46.97158135498983,284.18395294801894,2,5
1407,Chennai,916.0228266667998,1,2,3.9403349022703704,317.76265474975975,1,3
1408,Delhi,2560.5513280718214,4,2,17.450935627122156,339.03651849876735,3,6
1409,Bangalore,2275.1572587748587,1,4,47.91428140722368,289.45712826481605,2,6
1410,Mumbai,4401.770820705263,4,4,4.158086656623245,431.2466660189423,0,9
1411,Bangalore,1597.9788605861252,4,4,32.18206864393631,312.6568794327411,0,0
1412,Bangalore,4850.304023907986,4,1,48.611068548350275,455.7247957954268,2,8
1413,Hyderabad,4811.621539120232,1,4,48.91118342906873,299.5191786723243,2,7
1414,Chennai,1614.3423938214742,4,4,23.561166545187163,102.13876255067197,2,9
1415,Mumbai,2066.233799647942,2,4,8.13745538911903,458.5100268028654,3,0
1416,Bangalore,4530.000833932483,5,3,10.104215748871942,347.18119921269283,1,7
1417,Mumbai,4849.7999940324835,5,2,44.480069756219734,355.634717329067,0,4
1418,Delhi,2495.475962762198,4,2,45.5841502164868,493.0312402743688,0,0
1419,Hyderabad,1944.48670538404,5,4,30.393982193677736,56.094346020597996,3,3
1420,Delhi,2867.423059631939,5,2,38.30881997349557,225.72445140568223,2,6
1421,Mumbai,3594.961428645807,4,3,36.99656257352041,134.7657886335753,2,4
1422,Mumbai,1730.635319187409,4,2,33.09107989945535,322.6047030625554,1,2
1423,Chennai,3814.1292857858275,2,1,41.363847743596956,407.2696081990745,1,3
1424,Bangalore,732.4581070158847,3,3,34.270331152016055,483.82914026835806,0,1
1425,Bangalore,721.825217439874,1,2,26.700115287374963,238.20613133826564,1,7
1426,Delhi,2238.2946731549537,4,2,11.84781812940784,397.38475070845004,0,1
1427,Hyderabad,2090.6293642732426,4,3,37.19440720593095,460.18476417938217,3,5
1428,Bangalore,1920.3494691521853,5,2,23.671893391913724,347.9962076172247,2,6
1429,Chennai,2709.588932010095,2,2,14.739584200375466,136.51162517589017,2,6
1430,Delhi,1943.3011204020706,5,4,40.097313787088765,311.7699925317399,0,0
1431,Delhi,1365.1606331064136,4,1,34.83568001765141,485.5769829522496,2,7
1432,Chennai,1892.6129708987041,4,3,46.866978156235,494.02583785355137,3,8
1433,Hyderabad,4887.069227646058,5,4,8.272082000943886,328.33271538405353,1,6
1434,Chennai,2350.0103764768187,4,2,32.45946423182466,445.75412377855486,3,7
1435,Hyderabad,2501.2074958625108,3,3,12.211973404408798,116.16769464732934,2,3
1436,Chennai,3094.45245478013,1,3,45.17914926508209,138.11773037706405,3,7
1437,Chennai,4925.0334578640195,1,1,4.974970712830784,477.38605418473264,2,2
1438,Mumbai,1587.2057439609337,1,1,32.808090322243864,84.9129802375078,0,0
1439,Delhi,3565.7694973959524,3,3,39.554286076401496,111.7310902848699,1,7
1440,Chennai,3721.9311209377584,4,1,17.74589201823536,221.86332757762483,1,5
1441,Chennai,3232.9598755687966,5,1,47.70690396919046,303.0004581216082,2,8
1442,Bangalore,898.6025283648983,2,2,42.536534229301864,309.8322651047704,2,2
1443,Delhi,3545.925241224094,4,1,14.73091498424517,160.1484841594709,1,7
1444,Bangalore,788.4261996627897,3,1,0.3770546357999338,461.89467101616714,3,8
1445,Delhi,3182.641922974536,3,4,14.832858805903044,459.24795565177413,3,8
1446,Bangalore,3828.1152974978418,1,2,14.065523523537127,208.1926654651388,3,6
1447,Chennai,1449.3645077897768,4,2,44.49823037504545,228.46004932654262,1,9
1448,Chennai,4287.299033942483,1,3,48.356058912737375,357.1986160754777,0,2
1449,Mumbai,636.5921248985192,2,1,3.521999298513018,338.2380302714724,2,2
1450,Bangalore,4297.157886462377,1,4,23.564741426665837,203.50256718126192,2,1
1451,Hyderabad,2571.4807278924427,2,4,27.416599926489788,218.83724073008165,1,0
1452,Mumbai,1479.1457296924002,3,2,4.645583066485165,187.0586928423387,0,1
1453,Bangalore,1102.001652472856,1,1,18.87488545687613,132.98480333758778,1,4
1454,Bangalore,4789.882254120676,1,4,15.85412086964753,239.90641420358705,3,0
1455,Mumbai,826.9951441152052,5,3,26.802817716354365,349.4883833132194,3,9
1456,Chennai,1395.9203897116654,3,1,33.0595449865969,376.1440185508606,2,3
1457,Bangalore,2065.200563448707,5,1,35.17425552482833,393.859351162862,2,9
1458,Chennai,3291.0568203250423,2,1,6.837751180669377,199.8713664574983,2,9
1459,Mumbai,2951.604883742443,2,4,40.64738509723107,387.0252772567874,2,0
1460,Chennai,1065.395715855413,3,2,33.92710148953795,23.12783153210013,3,9
1461,Delhi,1803.7759268219659,2,2,44.45374583733598,248.98397010410346,3,7
1462,Hyderabad,1574.3829698871084,3,3,22.466802971771706,401.0741120636916,0,4
1463,Bangalore,1460.9428452065363,2,4,44.69448813610958,322.4214659078496,2,9
1464,Hyderabad,2350.1495141599416,4,1,43.28870611780377,247.55029959416368,1,3
1465,Chennai,3668.141536662456,1,3,21.92046661796348,329.42816317104763,0,2
1466,Bangalore,1478.5381949775617,4,3,19.057165764648932,455.3340815113587,0,8
1467,Chennai,2150.054958663416,3,2,46.64060074851284,291.86326429289954,3,5
1468,Delhi,2259.1284207852304,3,1,35.75823672692188,403.897371900851,2,0
1469,Mumbai,4894.054382459346,4,1,46.412267321903784,490.7565081080948,0,7
1470,Bangalore,4795.99860595581,1,4,39.848738944790654,358.672736996272,2,9
1471,Delhi,4100.619122384342,1,4,30.464871964570715,295.1963666667505,3,1
1472,Delhi,1587.4651436863332,5,4,5.792638850188226,37.99325462016333,0,8
1473,Bangalore,806.1679134125136,2,3,14.574033628954924,199.74939116220202,0,6
1474,Chennai,1926.0686197428115,5,1,48.442120354919574,291.4125120872568,1,2
1475,Delhi,1700.5754724522387,1,2,15.971104935710223,402.6591544188956,3,3
1476,Hyderabad,2776.6661006587724,4,3,4.662743489268539,230.2902990308366,1,2
1477,Delhi,3999.7755953050687,2,3,35.37766779596599,480.82797236709126,3,5
1478,Chennai,4362.453224954861,4,2,36.70021272718421,150.46100125936394,1,8
1479,Chennai,4301.888384347289,5,2,14.272886014357539,377.39225370095187,3,9
1480,Hyderabad,2118.540025503805,3,4,14.883598967315187,221.1350802003812,3,8
1481,Delhi,3592.554545573073,4,2,23.444649275439193,253.27447739163483,0,0
1482,Chennai,1907.7538888589902,5,2,1.089447488112777,405.2009762554113,1,9
1483,Bangalore,774.0749445583222,5,2,39.46615051805818,162.18332559281865,1,5
1484,Mumbai,3657.0436952132404,5,2,15.85443936370628,66.4697871656687,1,0
1485,Mumbai,544.2239865640453,3,4,42.68815510009888,269.72268061444504,0,3
1486,Mumbai,2341.3216435631984,3,3,40.13152108000169,273.8214136657994,2,6
1487,Delhi,1982.2067118593409,3,1,33.070101655939155,402.6405306681794,3,3
1488,Hyderabad,3620.198923334836,2,1,16.243743354964437,484.7932189914088,1,8
1489,Chennai,3948.104627421705,3,3,25.815828083058502,46.54432943760723,3,9
1490,Bangalore,1868.4258618707772,3,1,22.24146287989795,304.01094739669225,0,4
1491,Bangalore,4152.321565001841,3,1,16.944094312433712,347.013694551104,3,8
1492,Delhi,1822.6254222722018,4,3,42.40681446515891,493.1846483592904,0,0
1493,Mumbai,2508.4686199395255,3,1,24.175353728883266,472.44330285291755,2,3
1494,Delhi,3771.5833715636027,2,1,41.63615488985732,361.9763670617492,1,6
1495,Hyderabad,3618.1410315115486,5,3,5.260923707091214,270.4589173973436,0,1
1496,Hyderabad,4943.158125404901,4,1,7.051239430016787,97.53148270364541,3,8
1497,Chennai,1513.2246089716934,1,2,48.86601525564884,204.40474649812035,0,2
1498,Chennai,3480.4306109281206,3,3,29.38842313030448,300.85871602743407,0,3
1499,Hyderabad,3243.568587240998,5,4,25.48848367495245,368.0961903659618,2,3
1500,Hyderabad,4617.943045205135,5,1,26.157803157205585,324.9917875899739,1,7
1501,Hyderabad,1203.6296374019378,4,4,10.763438701642992,362.7789448773158,0,1
1502,Delhi,3883.0917361411985,1,1,35.935197475098654,225.9932021849109,0,4
1503,Hyderabad,3057.2087732094574,2,2,4.239031186487718,369.26109947408435,3,1
1504,Bangalore,1735.9964140455743,5,3,28.66618565515116,88.99580288946522,0,5
1505,Mumbai,2634.9571136622835,5,4,28.538439829295072,98.0414296462945,0,8
1506,Hyderabad,2001.99468681409,5,3,45.70942120667555,98.15942999814214,1,8
1507,Mumbai,3106.9103125480738,5,4,26.30914050524302,447.6151793771725,1,0
1508,Delhi,4500.5027486659965,4,1,6.853134798708976,56.496350388144556,3,3
1509,Mumbai,3061.872429854909,1,2,28.63766296240813,404.7240189120684,0,3
1510,Delhi,3342.7508824696283,5,4,4.566382218266618,132.1140310624338,0,0
1511,Bangalore,2834.3653120161925,2,4,10.189691764996084,244.8463714377203,0,9
1512,Delhi,730.2447790046416,2,2,1.5554292093708066,459.6591658235254,2,1
1513,Delhi,1547.8635059424241,3,2,25.664679122974913,301.24987025000326,2,5
1514,Chennai,2714.0077824443724,5,2,4.226630764678618,120.85648939153214,3,9
1515,Hyderabad,1896.0587768511714,5,2,23.46971892656645,156.36322895302743,2,2
1516,Hyderabad,1317.936189925374,5,2,46.647251766207205,461.81437946997715,3,8
1517,Bangalore,2768.5977886329724,5,3,35.988070650966606,225.0290840527896,0,2
1518,Bangalore,1952.6440705153263,5,1,3.8705837112646524,301.75303184325895,2,2
1519,Hyderabad,1661.4843942803664,2,1,11.210490610442159,240.7674543801866,1,8
1520,Chennai,2587.934378481714,1,4,33.68312099467171,201.6502822632558,2,2
1521,Hyderabad,1099.779161369779,1,2,44.735093051209184,127.17398092755292,0,5
1522,Chennai,4674.855798839333,3,3,1.645929338197688,349.371920232609,1,5
1523,Bangalore,4404.659440636576,2,3,40.6225565860297,364.7561726106178,3,0
1524,Mumbai,3684.292635832409,5,4,28.090694016915435,151.94484397155176,0,6
1525,Bangalore,977.9622241480529,1,2,27.30456626481963,398.7252046663186,1,8
1526,Bangalore,3991.447645113619,4,1,47.890659137667896,430.17689614480616,2,8
1527,Delhi,4135.807976490585,4,2,37.38223062983865,461.9240461950226,3,8
1528,Delhi,3954.9407797145195,4,3,42.5059434028056,97.38195868081758,2,1
1529,Delhi,1012.8464920365852,5,2,17.699778477233334,165.88336813436786,1,0
1530,Delhi,3397.585806804941,5,1,27.718202041420493,432.9696068017739,1,5
1531,Chennai,4254.461580872294,3,1,30.770283871388536,115.29929735738911,0,5
1532,Hyderabad,3098.090305488505,3,4,16.079197018123253,21.664860436877778,3,3
1533,Mumbai,3408.8331885264006,3,3,28.512406247369977,437.99710892078457,3,7
1534,Bangalore,2562.635657418378,4,2,11.832768973985692,176.6957320406573,1,4
1535,Chennai,2879.1829394782367,5,2,7.168783553411978,218.958812066696,0,6
1536,Mumbai,654.6958625827634,4,4,18.69851296386663,234.2403323459062,1,8
1537,Chennai,3375.3335988797808,3,4,36.96448143732185,427.1718083202697,1,0
1538,Chennai,866.5124580102164,5,4,45.80935740369438,182.18822940486098,3,8
1539,Bangalore,2457.5656745310052,2,3,22.885702574911626,448.29434521111125,2,3
1540,Hyderabad,1816.9479395033352,1,2,32.14118441377158,316.13078626306304,2,6
1541,Delhi,2954.425775952709,1,4,5.151856548755024,273.09762753616843,3,3
1542,Hyderabad,1100.3735098544319,3,3,45.223187927616436,176.29496342118196,0,3
1543,Bangalore,3612.3953088799317,4,2,28.43021067849672,136.9816142149692,3,3
1544,Bangalore,4077.5519161781167,2,1,39.01691238125785,319.54805253312736,0,5
1545,Bangalore,1235.0950238442042,5,4,39.72206004606969,234.50919682715653,3,4
1546,Mumbai,969.4088930834697,4,3,12.824026318405297,457.047684767363,0,1
1547,Hyderabad,1154.8196725431162,3,2,26.458722659092476,255.98658373474387,1,8
1548,Hyderabad,4447.074028543258,4,2,48.023987578048875,265.66156001657174,1,5
1549,Chennai,2876.8516779036026,3,4,4.481727241041389,220.02717494528036,0,9
1550,Chennai,2602.6744820337617,1,4,34.15249490147817,398.8462385558168,3,5
1551,Chennai,980.2031859605943,1,2,48.1132039017586,223.92281509244978,1,8
1552,Bangalore,3423.0020304063282,4,3,15.028855402701108,149.28415987988237,3,0
1553,Hyderabad,4405.998163527905,2,1,43.07239607021741,433.7748196608847,2,6
1554,Bangalore,4226.836411955538,5,2,46.682877270413584,306.47754625531536,1,2
1555,Mumbai,3317.2461904136057,3,3,37.35431046974125,303.9249054891208,3,3
1556,Chennai,838.7542249325313,5,4,11.566415615347914,313.19465943868477,3,0
1557,Bangalore,1005.7866222920584,1,2,16.700035941329695,365.04307913872003,2,2
1558,Bangalore,721.8904419942111,2,4,1.7904647208865365,170.27263487003208,3,6
1559,Mumbai,1658.6564742161117,2,1,41.57266171226776,36.24529799984137,0,5
1560,Delhi,1110.4766022217,5,4,42.480559325554,409.0847172209646,1,0
1561,Hyderabad,1670.2161811359524,1,1,31.635515498309637,81.87442586318596,0,8
1562,Delhi,2232.761250735328,5,4,17.626392563192567,366.47347386106117,2,3
1563,Chennai,4743.42252832011,4,4,3.840551381996027,59.5113431779178,0,6
1564,Bangalore,3246.6922690176143,2,1,37.65288049574547,200.1477641736762,3,3
1565,Mumbai,4257.3820355733305,2,4,36.326309680496145,50.25251351913836,2,6
1566,Mumbai,3696.581753205495,4,3,45.63012608694505,270.66256622130777,2,4
1567,Hyderabad,1006.2640873698429,1,4,36.52660105026811,333.50517093515606,0,0
1568,Delhi,3811.6418286827698,2,2,41.43474711220009,102.28790776553039,2,3
1569,Hyderabad,1737.94496701606,3,4,37.297730895199976,198.381256850433,0,2
1570,Bangalore,3375.9853114761786,3,3,31.53435941561582,466.5149557006657,0,5
1571,Hyderabad,2034.3288813934485,1,2,21.348319709550463,232.34677621157925,0,5
1572,Mumbai,4989.525184690966,4,3,45.10586543211389,405.2209131087472,2,0
1573,Mumbai,1685.9816577355002,5,2,32.548428595373494,465.04867762890035,2,1
1574,Chennai,1756.0871184842135,1,4,19.917766098295452,487.68599598909753,1,1
1575,Chennai,4688.025150030792,5,3,4.173464759097861,451.19456945185726,0,9
1576,Bangalore,610.8998208634521,1,4,14.535242795219105,172.35455799630518,0,3
1577,Delhi,3635.100445429386,3,2,27.18633674150824,482.03498535737265,0,8
1578,Hyderabad,3763.9687583114514,4,3,13.781768500809727,409.9497160381025,0,1
1579,Bangalore,4263.703598346798,3,1,11.061767395895107,421.84428014695413,0,7
1580,Chennai,4884.976897873139,4,3,26.36967570439236,27.28303240248069,0,0
1581,Hyderabad,4890.208636204936,5,4,8.49101729478673,478.03465439278096,0,7
1582,Chennai,793.7454090490876,1,1,40.020503166255175,393.48330744739553,1,2
1583,Hyderabad,4198.2769523880615,2,1,24.2184075671329,388.624398323792,1,4
1584,Delhi,3408.394701458216,2,2,28.693138698132508,59.1318708457214,3,0
1585,Bangalore,3413.03960467891,4,1,7.369163379867427,131.63289971519902,0,0
1586,Hyderabad,1077.5746697661266,4,1,16.228816781468367,481.8855992661916,0,5
1587,Mumbai,3425.84224900544,3,2,20.504484163057647,260.3249959066286,1,2
1588,Mumbai,4921.171612705615,2,3,40.41064152582515,210.9718487538829,1,7
1589,Hyderabad,4603.183562927511,3,4,38.50797615430763,423.17159223051857,0,3
1590,Hyderabad,2476.0879736218276,5,3,11.148873739384069,61.92339877469328,0,5
1591,Hyderabad,679.7658797874245,2,1,30.808954080350386,220.13216781010846,1,9
1592,Mumbai,2130.3207050009214,5,4,12.17281788859988,200.33637172260012,1,8
1593,Mumbai,4218.756402202498,1,3,49.41235778451227,187.92866577458852,3,7
1594,Hyderabad,3656.7459565932472,3,4,47.60619390654353,167.6922769534751,3,3
1595,Chennai,2567.046450172804,4,1,28.163236026031026,120.83597925923746,0,9
1596,Chennai,747.9569082147399,2,3,34.94512859470715,102.99718543545066,1,7
1597,Delhi,2421.026275204862,3,4,40.07151911043225,327.39493612144355,3,6
1598,Bangalore,2610.6122287304756,4,4,36.04992100224519,461.30952378016565,0,4
1599,Chennai,4678.499898023611,1,3,34.99143455412104,264.2487897199431,3,6
1600,Mumbai,3384.8874661197174,2,3,47.9277003974764,163.02778512638926,3,6
1601,Chennai,1902.43812494592,5,1,29.822805315364164,96.39689490666865,3,9
1602,Delhi,2863.932190028246,1,2,31.815133590952783,418.46881522524524,2,1
1603,Delhi,797.2488851997202,4,4,42.46343752190906,486.31618710714264,0,6
1604,Bangalore,4876.5570604238155,2,3,33.49454339292034,187.5945927045689,3,2
1605,Chennai,2120.2695586882674,2,3,36.64663110087613,159.65620426502187,0,7
1606,Mumbai,2650.403097109111,1,3,11.708434309832121,308.7166174279718,0,7
1607,Mumbai,2098.7778840661517,2,4,18.563346205753543,392.15791085764437,1,8
1608,Hyderabad,3571.3027855229006,4,1,7.365067285594651,238.59334570383888,0,3
1609,Mumbai,3480.0447124831685,1,2,25.288272116740274,322.4351119332556,3,9
1610,Bangalore,3718.95039738111,5,4,22.786370034012315,363.9435526511801,0,2
1611,Bangalore,1706.6445332536437,1,1,49.858140713972844,481.084298170966,1,8
1612,Mumbai,1920.508165238297,1,4,30.560432640777123,99.21791864964004,2,8
1613,Mumbai,1063.6305399329358,5,4,39.322241159721166,498.74359703617733,2,1
1614,Hyderabad,3449.794873307507,4,3,16.700733537882712,208.23519451578983,1,5
1615,Mumbai,679.0870730104365,3,1,41.57726656713982,367.1360685087458,3,2
1616,Hyderabad,3189.570509855566,3,3,30.75424832438417,294.75890142703867,3,4
1617,Hyderabad,4413.631481832352,5,3,34.84961657992192,253.60093616424325,3,1
1618,Mumbai,4508.744667303351,4,1,14.721538897472719,355.0761769911615,0,3
1619,Delhi,2520.6699216648276,2,3,27.431919584778857,209.96184810732564,2,2
1620,Delhi,2566.866596958832,5,3,31.701848670680434,80.53279104166707,3,1
1621,Hyderabad,846.3613235360781,3,2,29.454733790829053,254.6688238981951,2,5
1622,Mumbai,3518.4426144936606,4,1,45.759685571228324,270.5196179275129,1,2
1623,Delhi,4195.6673916778045,1,1,44.913633224627674,116.91303363197082,2,3
1624,Mumbai,1600.9477457212088,4,3,48.54920289384353,469.09729103775544,3,5
1625,Mumbai,2395.853967350141,4,3,33.37140030034947,129.1883103902198,2,4
1626,Mumbai,4274.777015443717,3,1,48.59570650628423,216.4292451603669,1,3
1627,Chennai,4447.042104480296,3,1,41.623900001595445,94.36624968546718,2,3
1628,Mumbai,1594.3099111890167,2,4,13.541607016997965,277.1823901697332,0,1
1629,Chennai,2977.567855436139,2,1,21.371783477564854,167.66605188804303,1,9
1630,Hyderabad,1366.2191778612219,5,4,11.91962210945049,254.85080958852032,0,3
1631,Delhi,958.4544386280045,1,3,0.20985804152826026,127.81611989993692,0,7
1632,Delhi,4600.042256263809,2,2,9.40243765734543,45.81206141538356,3,4
1633,Delhi,4192.283769044491,3,2,0.20302931434378335,394.0287925194825,3,9
1634,Delhi,3920.1570581142823,4,4,35.9919230675245,327.721416300636,1,9
1635,Delhi,719.4484346591319,5,3,21.276714886059978,183.5548907412862,3,7
1636,Delhi,4296.7795671961585,2,3,15.628736353892913,42.79722784751467,2,5
1637,Delhi,2471.198341574227,4,3,38.0860445547594,435.47603009461807,1,9
1638,Hyderabad,2040.7780548313683,4,1,41.62433873098225,101.50160236912609,3,4
1639,Mumbai,2959.143624614194,2,3,48.764976932493994,466.75626477508547,3,3
1640,Bangalore,911.0895922560012,1,1,32.10067923376206,249.72578172606006,2,9
1641,Chennai,3904.9094720857947,1,4,23.076447927002587,183.3856207560722,0,8
1642,Bangalore,3120.9578459973313,5,2,15.263215080371795,376.04454890766266,2,9
1643,Bangalore,1339.6554359292538,1,4,11.115910460711314,440.88291491608913,0,4
1644,Mumbai,1347.0448989607053,5,3,10.64629752413006,197.94251054994115,3,9
1645,Mumbai,1329.118932077034,3,3,20.459468735989937,215.52500104168988,0,5
1646,Mumbai,756.5107439837029,2,4,49.58931776439649,227.91594528665473,0,6
1647,Delhi,3145.0930221725816,4,1,0.04268487187016334,462.7150695097611,3,0
1648,Hyderabad,4281.566799148286,5,1,9.86029486155004,352.43071592687966,1,8
1649,Delhi,578.7419629432487,1,1,9.419649120178692,138.87013618191466,2,7
1650,Hyderabad,720.5209023707309,5,2,35.85597427661462,108.79985480095013,3,4
1651,Hyderabad,3077.466245091256,5,2,17.624236379903092,130.5764784439117,2,2
1652,Bangalore,4187.730584237235,1,3,22.863040229591032,146.51066680904836,2,4
1653,Bangalore,1970.3250075588512,1,4,7.4312065234952485,130.48807584032073,0,4
1654,Hyderabad,2073.2647946347497,2,4,20.249851943847386,336.08309465235016,3,8
1655,Hyderabad,3183.559238735492,4,3,5.159990595291802,75.64808511560304,1,6
1656,Delhi,1733.9580010586615,2,1,26.652164394429157,205.93207505982116,2,1
1657,Delhi,619.7376473495785,2,2,4.896918269142797,320.0257150257759,2,4
1658,Bangalore,3808.5283314571825,1,4,39.52541905865781,159.6127874926068,1,8
1659,Mumbai,3315.424608236539,1,3,28.330085877024473,51.33170465679585,2,1
1660,Hyderabad,3113.401995750466,4,1,36.19839368867584,59.27548296606478,3,7
1661,Delhi,3837.578580463204,5,1,20.925819332634195,80.46405262624944,1,2
1662,Bangalore,3538.5387690291686,2,2,19.074564662111364,421.2046519367145,3,3
1663,Delhi,1426.4689468024453,4,2,4.91044445244318,335.77448269038547,1,1
1664,Hyderabad,2086.16471124508,2,3,26.19278035214113,50.970757326869496,2,8
1665,Hyderabad,1067.4956375538125,5,3,25.7251082428546,207.71306199268153,1,5
1666,Chennai,1084.3565603804645,2,1,23.405102222480267,153.7208829665915,3,8
1667,Mumbai,3542.8808586044265,3,1,37.025918234122464,297.4592535818241,1,7
1668,Chennai,4363.700481421241,4,4,41.62522000161773,270.9468558427104,2,8
1669,Bangalore,4832.296627375125,1,1,37.53948374742541,250.93953121746318,0,4
1670,Delhi,3327.5620289725,2,3,7.193287140342192,170.9659377788543,2,5
1671,Bangalore,1328.4559551243065,4,2,31.102975464105402,86.14389058111556,2,6
1672,Hyderabad,975.4265545201881,4,3,4.016155284476669,376.3406637788662,0,4
1673,Chennai,4157.82937191541,2,4,34.731114372023825,442.33124904447413,1,0
1674,Chennai,3104.404143619997,1,4,19.091954828056334,473.1924364317523,2,8
1675,Chennai,3282.282594561739,1,2,6.62494781331433,48.13710589451862,0,1
1676,Bangalore,4016.5793993961915,2,3,43.102542848806394,375.1561815626638,3,6
1677,Hyderabad,3664.7475247960324,4,4,30.700416951946867,368.72166051534197,0,7
1678,Delhi,4255.062137852435,1,3,17.736248397376375,474.61261478988285,2,7
1679,Delhi,752.9625745694532,2,4,1.5363589825249768,141.3990053589274,3,0
1680,Bangalore,3863.842865359272,2,2,26.865512950180527,376.2459383816751,2,9
1681,Chennai,4328.83740794943,2,4,46.16129392431163,46.22061860791259,0,6
1682,Mumbai,1787.6076910624145,4,3,29.818991635118287,322.9979459655772,3,8
1683,Bangalore,3382.012732969638,1,3,48.582530230974655,188.4069555450463,2,2
1684,Bangalore,1913.7292872663745,4,4,6.822555913522926,389.0765309827881,0,7
1685,Hyderabad,4810.869799171043,3,1,28.41525522974184,434.38605748898885,3,7
1686,Delhi,650.4060759597669,1,2,39.90625240032147,195.1141002644078,2,8
1687,Bangalore,3109.0677972482977,4,2,26.27703655628581,272.2813244956643,0,7
1688,Bangalore,1249.2659617228178,1,4,4.553317799373629,76.35394993452795,2,4
1689,Chennai,3704.990923297214,3,4,29.144300077360885,220.11534330726877,2,4
1690,Chennai,1291.5062753839793,5,1,30.586895292123582,193.18418876440123,2,2
1691,Mumbai,1559.2246785426091,2,2,36.43546242376763,107.8992606965685,1,5
1692,Hyderabad,2724.6686497059113,4,1,38.06057575827369,449.3497398880524,2,9
1693,Mumbai,4616.757274985951,3,2,38.538634410530356,91.08216225927691,3,2
1694,Chennai,1452.7146746658686,3,4,33.1722196819483,325.1548916144898,0,1
1695,Delhi,1149.0800950314658,1,2,10.790559320932907,447.2684688703461,0,6
1696,Chennai,3915.395743343138,1,2,20.21178779197397,457.7449183343483,1,9
1697,Hyderabad,2752.7878955026895,2,2,38.80649863071993,400.7550559234728,1,2
1698,Chennai,4603.033005717972,1,1,47.67134917004066,104.54774425960478,1,3
1699,Hyderabad,1159.7655072192902,4,1,3.9473482418311,412.3670764226575,2,9
1700,Hyderabad,3406.675518603677,4,2,26.77683388985974,152.7511099594998,2,7
1701,Hyderabad,1547.9561576831677,4,3,15.626113566215322,462.7510531676043,3,0
1702,Hyderabad,1205.4219289323769,5,1,11.269694715841489,360.3616070834478,0,8
1703,Hyderabad,3575.4323682077174,4,4,25.29053417598575,396.9284292842655,0,5
1704,Delhi,3171.5807895892995,1,4,30.30446702782684,60.81557768092986,2,1
1705,Mumbai,3896.7235626304905,1,2,0.4886115709740624,299.7272544529013,0,2
1706,Bangalore,1892.5815940078205,4,4,39.010328610059545,414.1482209113662,2,4
1707,Mumbai,2515.872453719855,3,1,40.994106562972384,433.5633693307997,1,5
1708,Hyderabad,2324.622543486883,3,3,48.27554122839665,33.74321827214793,2,8
1709,Delhi,4928.402587849314,3,3,9.032186661234748,470.7964316264572,3,1
1710,Chennai,1815.1203053272454,2,3,29.7276281180474,40.80259198519027,2,4
1711,Delhi,1826.677572560451,5,4,21.331268673819725,314.9689662439279,2,6
1712,Hyderabad,2095.4669397287335,4,2,16.741392577767535,352.8260132553498,0,6
1713,Delhi,3040.673365806447,2,4,28.281672571875234,71.52573976059671,2,3
1714,Delhi,1635.4523491868536,3,2,39.11915466117751,43.04569549241249,3,2
1715,Hyderabad,4618.804731706733,4,3,1.1526391722605056,396.75783413634997,2,7
1716,Delhi,1695.5850418981856,2,1,48.47000562830934,204.6418999027683,2,1
1717,Bangalore,4531.1707920208755,1,4,40.49407928528554,71.41400735125936,1,4
1718,Bangalore,965.637786409631,3,1,37.557685182278924,386.08055186606816,2,9
1719,Delhi,3454.5321607984356,2,3,38.01936910902518,427.59827366893785,2,4
1720,Chennai,4581.434832972096,1,2,19.45303548093263,301.94537156422757,2,0
1721,Hyderabad,1259.372472792033,3,1,37.58102754224068,97.39366804862989,3,6
1722,Bangalore,4857.471320446648,5,4,19.33851043014788,27.306786315915588,0,3
1723,Chennai,2537.975121869803,3,1,44.93534147873965,356.3851910249331,1,9
1724,Delhi,4755.71798798461,5,1,8.861119165323483,284.06704391615204,1,1
1725,Chennai,3545.6901963352116,5,4,14.617371210757574,332.38262802563816,2,7
1726,Mumbai,1857.1409144309819,5,2,27.566877134953806,410.32864169580597,2,3
1727,Bangalore,1347.3613621269787,4,4,15.960551794363626,228.4293329566266,0,0
1728,Delhi,1866.8077080129472,4,3,21.21186226476367,79.7674250401378,2,7
1729,Hyderabad,918.5783416820375,5,2,24.621134469929736,471.19197698759666,3,6
1730,Delhi,1147.405848544984,1,1,42.817667440675436,281.7258210784915,0,2
1731,Hyderabad,970.9719815591652,5,4,26.15961268043464,315.3411771624993,2,2
1732,Delhi,2403.24594683701,2,3,18.122992430728026,468.03748618484053,0,6
1733,Chennai,4080.102693159139,5,4,12.38680820175579,467.1601550289262,1,1
1734,Chennai,1136.2259939735309,4,2,20.433798939609858,294.6054112295233,2,4
1735,Chennai,1086.4419492755114,4,3,25.786805220718495,162.85348386628453,0,6
1736,Mumbai,3395.4302728279886,2,1,37.305742860161814,498.6145443261148,0,5
1737,Hyderabad,1387.3234188562983,2,2,6.052438808616934,346.7922031776973,2,9
1738,Chennai,939.2451714904622,3,3,11.080459411957545,216.04960490818715,0,6
1739,Mumbai,1250.8186019250993,1,2,18.98270079343366,288.72166536972304,2,1
1740,Hyderabad,4656.791281445492,1,1,18.01992025597573,219.60034412865423,2,6
1741,Delhi,4196.620637492859,1,3,19.587404380260587,446.38647310239077,3,1
1742,Mumbai,2093.2905305979234,4,4,39.676063232016226,251.59969993555814,3,6
1743,Bangalore,3451.1934529732675,1,4,16.207720148108656,415.29362047099863,0,7
1744,Mumbai,2917.7405315061715,3,1,25.094909020133233,423.2846229550419,0,9
1745,Mumbai,3547.0591856715378,3,3,31.195351642894824,415.67952211291924,0,7
1746,Hyderabad,3572.020186082417,1,1,11.608927509180255,366.65053398832373,1,4
1747,Delhi,3329.303067769968,2,1,35.93476935737694,430.34130406763927,2,6
1748,Bangalore,1697.4561584178887,3,2,27.355565986914048,205.8701982190252,2,7
1749,Chennai,675.5288934326816,2,4,22.339058151568903,75.03833894814096,1,3
1750,Chennai,2550.0505189554897,4,1,40.48920133691569,424.37801809880693,1,1
1751,Mumbai,4509.382481108167,3,2,12.1747629592591,259.1208395299257,0,6
1752,Hyderabad,3062.7376633335916,2,1,44.15879853071616,81.14049561336849,2,0
1753,Hyderabad,4245.759687658586,1,1,28.052436768335188,75.3500106473638,3,1
1754,Chennai,4962.309543325527,4,1,30.45874396898291,96.4363491247485,3,9
1755,Bangalore,1236.2729186222432,5,4,43.75294820844714,380.4671646402108,1,6
1756,Delhi,3612.9993761389205,5,3,40.879134392466796,361.2112032638149,1,9
1757,Bangalore,3534.321081650111,1,4,30.078103441095017,117.83296648874396,2,0
1758,Delhi,4909.799513112253,4,2,37.659385192408706,426.5232406927017,2,6
1759,Chennai,4935.203302787601,4,3,21.66597451164484,155.02150185355754,3,4
1760,Delhi,3590.0537527585825,4,2,27.368887674987313,400.6330799911748,2,2
1761,Hyderabad,1596.2665639198742,4,1,3.1035068354255566,254.62683571277213,0,1
1762,Mumbai,4093.5012715876956,5,3,4.492895900002342,371.1433676185117,1,6
1763,Mumbai,981.6311039496715,2,2,41.4712702093166,203.0660782753116,3,8
1764,Chennai,4013.146868772329,4,1,2.983582784124833,186.62748660549246,3,8
1765,Hyderabad,4595.882558651134,2,2,8.469956281630363,423.8526075004795,0,9
1766,Bangalore,2222.7502764579585,4,2,39.791632947522075,36.94508216675344,2,9
1767,Hyderabad,3337.8588274238623,3,4,0.05729753141281435,487.8737346836035,2,7
1768,Mumbai,2435.642294435718,3,1,14.120216442293215,331.1261879673792,1,1
1769,Mumbai,2469.9427474465783,3,4,29.20193289133109,227.5920263357322,0,0
1770,Hyderabad,1896.6690009865401,4,3,29.772496573464828,321.4661749522041,3,7
1771,Hyderabad,3929.5832920264606,2,1,38.857645411473676,78.91565430031176,0,1
1772,Mumbai,4712.794538749274,5,4,25.296312724608523,266.7451785409029,3,3
1773,Bangalore,4733.378866555075,1,4,25.470093476548517,492.8458512031029,0,3
1774,Chennai,1286.515781937202,5,3,36.26552877703502,132.92933016641928,2,1
1775,Chennai,4436.346423454547,4,2,24.931223163314176,366.6934875374477,3,3
1776,Hyderabad,3818.44148642205,3,2,30.424554328180843,228.7862603992163,1,6
1777,Chennai,1637.7683031063016,3,2,44.88870341275255,333.1799112742177,0,5
1778,Mumbai,802.7807581468155,2,3,20.072550380618598,118.34586977205221,2,9
1779,Mumbai,1705.9877009797008,4,4,19.256253545961112,245.82319165644915,3,5
1780,Hyderabad,4604.937065516865,5,1,0.17744959323856557,490.44450265245206,2,3
1781,Hyderabad,3349.3040370309755,4,3,30.671313076061598,113.7378324876846,0,1
1782,Hyderabad,3744.7459740404233,4,2,1.488595370356599,325.49361336740344,1,4
1783,Bangalore,1657.1855799909313,3,2,25.207424486415814,296.28691940806175,1,2
1784,Chennai,3737.2467000866914,5,1,40.211689451611335,291.2247614193936,0,2
1785,Hyderabad,626.5467782506569,1,3,27.496053525983154,315.2591790327762,3,3
1786,Delhi,2188.946055978562,3,2,13.4818082608338,261.0742273703495,2,4
1787,Delhi,3320.3900684404907,5,3,39.30842107246856,28.12676012367584,2,1
1788,Mumbai,1157.434544935941,2,4,13.485850204126942,452.04646950229653,3,5
1789,Chennai,4203.516085011206,3,3,36.651589047294934,416.9498371923348,0,5
1790,Hyderabad,1557.6408446536338,2,4,30.51292275951156,103.60048684213824,2,7
1791,Delhi,3435.265007683008,3,1,8.499814837400061,218.37112514185714,2,1
1792,Chennai,2323.3871415889835,4,4,45.256693742209286,389.8635107329126,0,7
1793,Mumbai,3182.1961796494124,5,4,10.032184147859786,490.4299113858965,2,7
1794,Bangalore,983.5274868300866,2,1,49.47935370703349,476.5457822920575,3,3
1795,Chennai,576.107599647233,3,2,0.3655244327470386,451.6924158445636,3,6
1796,Chennai,4593.039923211356,2,1,13.174168857145151,96.01947070358703,0,6
1797,Bangalore,1713.3350394523225,3,3,9.993014863709943,458.9480508843223,0,0
1798,Chennai,4188.546512512066,3,1,0.6996705085231314,441.6535582165181,3,0
1799,Mumbai,4997.076352124901,1,3,36.61839500736578,200.935957359867,0,7
1800,Mumbai,1451.4406609951002,1,2,34.67129010497981,209.37084537740577,3,0
1801,Bangalore,1693.2683353251002,1,3,39.617548217746524,240.75628253847717,3,2
1802,Hyderabad,3482.869044355996,2,1,12.834927323228262,334.96430286388016,3,5
1803,Delhi,4844.518855702796,4,1,22.216758354148496,145.20109567184755,2,7
1804,Hyderabad,4621.164566858348,3,2,32.95567608107737,31.01524613117345,0,4
1805,Chennai,2762.939840295132,5,1,21.988425194407178,87.79017180667628,2,4
1806,Delhi,4077.996271370261,1,2,34.86628851589579,231.25563563685137,0,3
1807,Bangalore,1110.8563389495548,2,2,31.698670422022108,155.3612333245769,1,3
1808,Bangalore,4898.4718289180555,2,1,5.732390151108824,386.9679492973433,2,6
1809,Delhi,4839.589553161939,2,4,39.0521560538484,71.21123386365026,2,5
1810,Mumbai,1236.7803104562695,5,3,36.03381795462591,460.38330826630585,2,7
1811,Delhi,1847.4040616139798,5,4,32.79171938087026,449.75704637307734,1,5
1812,Chennai,950.6974887804512,1,2,7.754680313550116,456.2032721279783,0,9
1813,Mumbai,1722.7291950418087,5,3,13.399822439768183,375.0127993295968,1,6
1814,Bangalore,4171.80105236843,1,4,19.65885157938002,71.35998631212766,0,9
1815,Delhi,2202.4202322436677,5,1,13.996481082822172,230.30603425739204,0,9
1816,Hyderabad,897.7863521604127,5,4,11.390514533806574,83.0745784666226,0,4
1817,Hyderabad,2040.0148615050705,5,3,40.26788350808879,494.09561252531967,0,5
1818,Chennai,4916.225004085761,1,3,31.911612318010118,179.85844323136317,0,0
1819,Hyderabad,3333.576178666413,3,3,28.273606577512517,300.9586601072298,1,2
1820,Delhi,2372.72425882771,1,3,11.297635542662693,394.10866603722644,2,7
1821,Delhi,1249.423310737715,3,4,45.90382811343206,461.8957204283098,1,2
1822,Hyderabad,4937.795587776626,2,1,9.559151954865813,382.6629084038528,2,0
1823,Delhi,4193.820541684079,2,1,39.74754664123385,343.76181380779406,2,2
1824,Chennai,1766.6478610291374,1,3,48.33363333526465,243.67125537831265,3,3
1825,Mumbai,815.3091307453526,3,1,36.354636461211804,310.5920642002515,2,7
1826,Chennai,754.8150081990111,3,4,49.642938759231484,65.19862824935831,1,8
1827,Chennai,1041.7016727749024,3,1,32.552555848897335,444.28282014140603,3,3
1828,Delhi,3113.4586262648972,2,2,10.873017180194749,281.013108243145,0,6
1829,Mumbai,4679.435395424715,1,1,10.190974685825566,39.264824208772495,0,0
1830,Delhi,2735.34542602693,4,3,16.228214212773818,461.5530203167508,2,8
1831,Bangalore,4293.254671052888,3,1,0.3565010110503031,254.86494744169698,0,3
1832,Delhi,2506.489789369135,3,1,34.08492350414173,436.92278794928086,0,8
1833,Delhi,3688.6259559552136,4,1,13.433389231391379,431.3062180185713,3,2
1834,Delhi,3793.4273177892537,1,1,40.75916161463764,411.56076197941513,1,4
1835,Mumbai,1282.836676565024,3,2,17.958632527965012,49.47344926177092,0,0
1836,Delhi,2125.472265391153,1,4,23.997824673165635,138.59198980362027,0,2
1837,Mumbai,3367.8597044211074,3,3,48.28444582801846,440.26297878340677,1,4
1838,Hyderabad,818.1347368296479,5,3,12.108606152363855,451.51570690500506,3,5
1839,Bangalore,2126.930844933305,3,1,36.06270487148698,239.8730539370269,3,7
1840,Mumbai,2906.5975982653663,5,4,37.75588946527086,231.21990447401708,0,0
1841,Hyderabad,4983.010218700874,1,1,11.049907876181758,104.06750426535189,2,2
1842,Mumbai,2635.401031800983,3,2,25.049841830609783,484.8371785717526,1,0
1843,Mumbai,4172.255407014456,2,4,17.510096265648418,122.30646817234073,3,4
1844,Bangalore,2444.30278279978,2,4,38.59531217000446,111.64965648836747,0,7
1845,Chennai,4083.75825178869,4,4,31.12416595145187,337.1499056716037,3,3
1846,Chennai,3179.366607290488,2,4,23.799152743027353,136.5652654402149,0,8
1847,Mumbai,4489.679486760792,5,1,38.968163252385914,470.6103732869071,1,5
1848,Delhi,2349.2414855754946,2,2,11.757778500420851,25.235357752541514,2,5
1849,Hyderabad,3219.369889196655,2,4,37.68109402921795,22.76156591518463,1,4
1850,Delhi,3335.0840627847233,2,3,43.268715604641216,262.34086468908777,3,9
1851,Delhi,2378.22323810213,3,3,43.93107984037862,254.26998075846655,3,4
1852,Mumbai,1149.4041965936667,4,2,39.18367965098019,98.41473051243703,3,6
1853,Mumbai,921.01733110551,1,3,20.400708349913437,257.36939022573654,2,7
1854,Mumbai,575.0219776983489,4,1,49.09040113589135,217.5973304815935,1,6
1855,Mumbai,4430.904189103466,5,1,18.979682191121995,447.358172164337,0,0
1856,Chennai,1564.1371050741254,3,2,31.931269955121284,24.441881704142467,1,0
1857,Mumbai,1451.7803717679562,3,4,8.053708903473433,488.60950641581707,1,9
1858,Chennai,3812.1593019172947,2,3,49.022444931819635,319.70852686200436,2,5
1859,Chennai,1940.072508893263,2,3,35.199296093233166,92.8848539097323,1,2
1860,Mumbai,2777.2011158532646,5,2,37.66887726231842,42.44480662935979,3,8
1861,Bangalore,1231.2997938385533,3,2,3.2888351705572303,278.2907161084313,2,6
1862,Hyderabad,4818.855746578862,1,3,38.17089071103359,132.74727966647364,3,1
1863,Delhi,4332.116300077569,4,4,38.73617146103007,164.55945776060443,3,2
1864,Chennai,4387.0533033425145,3,2,33.58863631811149,137.66343912056652,1,7
1865,Hyderabad,2330.481868574024,1,1,14.595480689517181,332.08271051480517,0,0
1866,Bangalore,3930.6254616822775,1,3,24.484502108044076,285.6939018157441,1,4
1867,Delhi,1147.4426992540107,4,2,5.521718565435823,57.427723290469515,0,9
1868,Delhi,538.7855116630112,1,2,23.57935332295763,272.7327359240842,2,0
1869,Chennai,589.8781966011265,5,2,12.191192630020243,399.771087470384,2,8
1870,Mumbai,3139.707818320522,1,3,17.454849324704103,58.97340359375568,2,6
1871,Bangalore,2549.2770736157336,5,1,8.13002042018493,447.0747085906016,3,4
1872,Chennai,2831.069070088339,1,1,11.502718387344851,297.58719173491,3,5
1873,Bangalore,533.5841318774874,2,3,3.828432091005812,476.299745249752,2,2
1874,Mumbai,2402.0897884584156,1,2,45.99506832184607,91.10778450674032,1,2
1875,Mumbai,3731.3067254038738,5,3,26.520534398770167,496.9111996895913,3,6
1876,Chennai,2492.121658853461,1,3,19.837098563136983,329.25097566544486,3,6
1877,Mumbai,3794.986428405,1,2,26.751460638439195,292.39721575091016,1,6
1878,Hyderabad,1548.5853397857566,1,3,31.414661424077632,267.33421957380097,3,1
1879,Delhi,4159.139020167764,5,4,46.093939668467456,31.35409908719012,1,1
1880,Chennai,3147.9405820405354,1,1,8.934647614315667,471.0268119437975,0,4
1881,Bangalore,1448.433947434578,4,4,14.77762493176088,329.1173469700152,1,3
1882,Hyderabad,1565.2421413422483,4,4,48.789466817205735,63.98071255965979,0,6
1883,Chennai,3326.1370905629165,5,4,18.55964933242622,30.05704174137195,3,2
1884,Mumbai,4234.728169455995,2,3,1.1280825378663817,44.37614683364064,0,4
1885,Mumbai,2370.325019131198,4,2,7.382174631857941,312.5099664474755,1,1
1886,Mumbai,1662.351931074165,3,3,1.316935087427601,314.7273991494009,0,0
1887,Mumbai,4401.552231097701,4,1,49.49615712103642,259.8403000550917,2,8
1888,Bangalore,3511.707312878757,3,3,13.943542449561154,167.24759391341675,1,3
1889,Hyderabad,2516.384692773844,5,3,46.1771378468113,275.2365111750279,1,7
1890,Delhi,2695.5508787568583,2,3,49.794313787985786,267.8248740206038,0,6
1891,Bangalore,1419.1541057137838,3,3,29.992061057155713,29.3194687407515,3,0
1892,Bangalore,3320.611835291798,3,4,1.6598157532780877,155.58523055719905,3,9
1893,Delhi,2114.341297442999,4,2,4.079581519346348,45.52896390423175,1,6
1894,Delhi,4980.403295034572,3,1,24.079452755393888,452.07428069487463,1,1
1895,Mumbai,2660.825818678495,5,1,20.3086006455743,368.107118136865,0,2
1896,Bangalore,2686.4852278532594,5,1,30.30886528908838,498.1352816925979,1,0
1897,Chennai,3046.3330433480232,5,3,21.942390485568197,165.04220638653817,1,6
1898,Delhi,4625.40201403436,4,1,46.70384246357422,441.67320692331697,3,2
1899,Delhi,4103.681449368876,2,4,26.736985770675552,309.46604860759123,1,5
1900,Hyderabad,2530.0853140902864,4,2,34.68630307312211,237.50019531373036,0,6
1901,Chennai,3734.146696877582,5,3,44.824263632124826,126.83509341854486,1,2
1902,Chennai,3138.059744513427,4,3,7.343593791660369,374.42823933734854,1,1
1903,Delhi,2715.65171915562,5,4,11.486732705926428,453.98755947406397,1,8
1904,Mumbai,1365.4209775295774,1,1,5.365933023700753,132.94803107617795,2,8
1905,Hyderabad,2587.7131855470093,1,3,6.981919961495614,104.18736078733403,1,6
1906,Chennai,1606.1836416015858,3,3,25.629198346711657,354.18651920233617,0,4
1907,Delhi,4616.789674332446,2,4,16.0589629483732,488.9471181082492,3,3
1908,Chennai,2009.3306607335612,1,4,21.158641976337744,379.97844852995746,3,3
1909,Hyderabad,4785.188065400175,5,1,49.12449158970309,156.59875474287148,2,0
1910,Hyderabad,2898.7488054262003,4,2,7.835217389797405,221.57860359093712,0,3
1911,Bangalore,3341.9497040427214,4,2,27.040603539903778,204.47246502001843,3,6
1912,Delhi,2943.232000201975,3,1,4.943557752682548,429.00560866258184,3,4
1913,Hyderabad,1082.212776350154,4,2,15.92481566319393,390.2579738586674,1,8
1914,Bangalore,2191.1954855357344,1,4,26.37629618372993,302.70820868552966,1,3
1915,Bangalore,946.1575052493076,4,4,47.33158729826689,151.98037299051356,1,2
1916,Chennai,3303.293198825218,1,4,19.561411064174152,470.23449330658696,2,5
1917,Chennai,2510.933878401975,1,2,3.245334810733491,333.5913078891904,1,3
1918,Bangalore,4000.9323720692155,2,2,19.408072398015847,485.8287902920556,0,1
1919,Chennai,1492.1171644971641,3,3,7.287058793698886,298.45617586017477,2,4
1920,Hyderabad,1240.547262932007,5,3,11.499480664572264,414.17252401453476,3,3
1921,Mumbai,2328.4950393369554,1,3,30.904531158249522,410.29058210937285,3,4
1922,Hyderabad,4669.634224482715,3,2,3.371193310184084,181.9178128801242,0,8
1923,Bangalore,3696.898167555853,5,3,23.236187812501868,482.72994701946953,0,3
1924,Bangalore,2385.156311568134,4,4,30.47307930053822,30.531904446830715,3,5
1925,Hyderabad,2827.7247638943977,3,2,21.092919618374843,388.98123620835884,0,3
1926,Chennai,878.9585502969426,3,1,0.956317531186518,483.46740116674107,0,0
1927,Chennai,4930.591533692509,3,2,49.27596784514327,182.67593757618695,0,1
1928,Bangalore,3498.832871127135,4,3,18.355788367026765,331.09308213966654,1,5
1929,Delhi,1784.3183080854012,4,2,38.928859346663344,289.8671599252211,3,7
1930,Chennai,3136.1377739685995,3,3,16.28232460937266,385.52350864473135,0,8
1931,Hyderabad,992.6706473104729,2,3,23.75083784967094,435.76540238962514,0,3
1932,Chennai,4846.265009634126,1,1,19.423182130549826,309.461393263783,1,5
1933,Hyderabad,1286.5324454751467,4,1,17.126961475480385,411.6342014630993,3,2
1934,Bangalore,3416.136431248464,2,4,1.0925688603889372,169.8970764268425,2,8
1935,Chennai,1604.545081425187,4,3,18.001046892725174,129.7217881783121,3,7
1936,Hyderabad,3729.026221918411,3,2,44.474499519976504,226.72049097576328,3,0
1937,Bangalore,3995.696152581265,2,1,34.519666929684185,345.313567798776,3,1
1938,Delhi,3530.388780101447,5,1,7.271142954771992,109.87853549058734,1,9
1939,Hyderabad,3265.247571148366,1,3,29.557750231136957,346.5690522329079,3,8
1940,Delhi,4516.1109227840525,1,2,44.61154299744358,209.16495131459232,2,9
1941,Delhi,853.8201994539112,4,1,35.00170204824277,401.8761314684633,0,2
1942,Mumbai,1989.1164460108782,1,1,7.434219617834836,37.68119220958559,3,2
1943,Chennai,1617.2936583388068,5,2,43.39162483672484,340.63166615810934,1,9
1944,Hyderabad,4946.0628292943975,2,1,15.077200664443268,331.9147215919845,3,8
1945,Delhi,2252.2540085009305,2,2,22.70380721561709,471.6490285401509,3,2
1946,Mumbai,3796.757146581794,3,3,26.30713798445732,362.4164257107538,2,9
1947,Bangalore,3581.2632374645204,2,1,42.525330218909765,402.22491028317495,2,4
1948,Hyderabad,1454.3655686481998,4,3,46.580374757383055,454.20368760952084,1,5
1949,Delhi,1575.489560951981,5,2,46.4826438895278,344.02492078015416,1,2
1950,Chennai,1765.7805359886536,3,3,0.397709063927032,159.2737447807878,1,9
1951,Mumbai,2350.0727521672065,4,3,46.09442427927286,437.4914238000906,1,7
1952,Delhi,1554.4627954273706,4,3,2.7193483000786167,378.83749734846805,1,1
1953,Chennai,588.4316723608151,4,4,13.288682840871768,223.73004992042888,0,5
1954,Delhi,4457.26875563238,1,2,25.749392736391645,361.05400287198177,0,1
1955,Hyderabad,4845.244241213978,4,2,23.9962844502197,436.4906610469482,1,8
1956,Hyderabad,2037.0667416420558,1,2,30.235489694369598,488.3130230678103,1,5
1957,Hyderabad,2023.280957414628,2,2,23.97231143685029,477.12872190034653,0,8
1958,Mumbai,531.9131574846695,1,2,46.71878398202104,176.15735684678793,2,3
1959,Hyderabad,3561.128097486683,4,1,12.02744241072935,222.41298258472725,0,2
1960,Chennai,4214.47953086883,5,1,13.701234701924292,72.57757038913822,1,1
1961,Delhi,1159.7373516200141,5,1,46.03689678465281,138.82125776866206,2,7
1962,Bangalore,1218.4985721521784,2,3,3.8369756872628114,443.56218007373616,1,3
1963,Chennai,4055.3746248714697,4,3,30.478041095240492,193.2079646140923,3,1
1964,Chennai,3273.308367593651,1,2,34.08679760328054,317.8652761255429,2,8
1965,Hyderabad,701.8725093247266,5,4,25.277086171486975,339.66349678737595,1,7
1966,Mumbai,3301.4614570802673,3,2,34.71159394115686,395.27805206878975,0,4
1967,Delhi,1890.1297527969473,4,1,8.63773230059835,107.74401451790285,1,7
1968,Mumbai,2159.2631996188065,4,2,42.63161163857699,166.31030461492904,0,4
1969,Delhi,3963.791382335961,3,3,7.001284473494279,235.2014438999267,2,6
1970,Delhi,4149.2083670267475,5,2,20.040622215787486,195.1237093943713,0,4
1971,Mumbai,2301.604820779238,3,1,3.76288006541029,491.7945117726511,2,4
1972,Chennai,4762.188212028596,2,2,27.260553940870007,420.771585542582,1,3
1973,Delhi,2329.082230784325,1,3,33.48729037128196,250.2496422178333,0,4
1974,Mumbai,3973.2621585354946,1,4,47.06108175476453,442.0489405215046,2,6
1975,Delhi,2677.4476905391657,5,1,36.96680979480004,186.87341483998244,2,2
1976,Bangalore,4538.895469349378,3,2,27.055145822707555,397.197595467327,2,3
1977,Chennai,4584.925596425804,4,3,46.63085085851669,127.36428709109775,3,7
1978,Hyderabad,893.3756354198774,4,1,23.921841902043827,390.71458170865566,2,5
1979,Delhi,4714.219990896016,4,1,28.06028265494347,239.09763353394962,1,7
1980,Bangalore,4214.906786841871,2,3,29.80492638350479,71.59967407627633,1,1
1981,Hyderabad,4060.898214407001,2,2,20.498986294328343,151.1659781866795,1,8
1982,Hyderabad,1404.101028584851,4,2,41.924134528291205,213.09181953131102,2,6
1983,Delhi,4123.036439395992,5,2,9.258796942252957,379.6605975989298,1,4
1984,Mumbai,4325.597306082665,2,1,27.7421095185804,55.03170307085641,2,6
1985,Delhi,1801.1765050436793,2,4,36.1116628093597,336.582557644467,2,1
1986,Bangalore,4785.170352630456,1,1,45.19880859382886,363.68654764776494,2,3
1987,Hyderabad,724.3706587962391,1,2,44.19591982171392,333.8822575643607,3,6
1988,Delhi,1174.5916396121283,5,1,25.437014471507098,385.1214263204267,0,1
1989,Mumbai,2919.1151212318146,2,4,32.158072558167085,105.52093569096238,1,7
1990,Delhi,3091.0661200503937,2,1,19.711886806465053,301.8096104302579,3,9
1991,Chennai,3403.1753748540655,3,3,23.408888144010014,471.74957465786235,1,9
1992,Mumbai,576.3610819195991,5,2,45.31328962865248,313.1764495061781,3,4
1993,Bangalore,4821.650485799586,5,2,46.5351996596237,313.44144653741745,0,4
1994,Hyderabad,700.6464173036479,3,2,44.77070290335099,373.4910282143691,0,7
1995,Delhi,1143.7787872553108,3,1,6.918543090681911,179.93803142041233,0,0
1996,Mumbai,563.0653288672564,1,1,42.50420106653181,356.22843263433947,0,5
1997,Chennai,3050.862949823426,5,1,47.418186551074015,459.7922399903432,2,1
1998,Mumbai,4695.200977644375,5,2,18.062484728680232,25.229827052164637,1,0
1999,Chennai,3496.762247362089,3,1,25.932314471083462,437.65425973225535,1,6
2000,Bangalore,4201.958608161923,4,2,38.954762790649795,124.93679900425236,1,3
2001,Hyderabad,559.7654155636104,4,1,28.103906878282437,238.8431713761801,2,0
2002,Bangalore,2939.0688431587673,1,2,49.674176085312475,429.12694445726623,1,9
2003,Delhi,2568.0333987748486,4,3,22.78566825784142,415.47782117918194,0,5
2004,Mumbai,2745.355748993569,4,1,35.69713556036888,448.12518950050685,1,9
2005,Chennai,824.9593340083458,4,2,39.62955700982721,471.40006046361253,1,5
2006,Chennai,3579.9591248118836,2,3,24.70502078792197,234.63533925044413,3,2
2007,Mumbai,2764.491866863855,1,3,42.84919028556879,335.0546291844833,2,5
2008,Mumbai,3943.1698243756878,3,4,27.30772956035982,207.4296514525312,0,9
2009,Delhi,2683.807853277719,4,1,20.58253984008157,188.3440243962396,0,8
2010,Bangalore,1172.2173630189445,2,2,5.391183692597351,227.16579708688135,0,5
2011,Chennai,3417.156293350199,4,4,19.67067881752121,376.67654469568447,1,0
2012,Delhi,1275.738629473248,2,1,36.69682273666421,260.69155862794537,0,9
2013,Bangalore,4425.775535096667,1,3,46.064320584005365,410.74864373520415,0,5
2014,Delhi,3259.0230758115868,4,1,12.583970193015514,377.7048690541548,3,7
2015,Chennai,1207.4174760062942,2,2,17.76177586652513,29.829661339711677,1,6
2016,Mumbai,4830.521258665431,5,3,7.69804970522131,322.5143154109576,3,7
2017,Mumbai,2832.6445850089426,5,4,34.53614471144844,229.5541391881237,2,7
2018,Bangalore,828.0430334224475,2,1,48.009421500496266,239.18191479254796,1,8
2019,Hyderabad,3320.7480698678023,4,1,32.04761099240878,412.81906585754945,3,2
2020,Bangalore,1639.395081557646,4,4,30.853826500311314,282.85183332064486,2,6
2021,Hyderabad,4116.620533447861,1,1,27.674496525021695,445.0984752602946,3,5
2022,Delhi,4180.199331047857,1,1,4.422787034276826,362.1466843480114,2,1
2023,Delhi,4905.263101345979,3,1,36.47519132146918,285.36320420674537,0,4
2024,Chennai,2758.4128896102666,1,3,30.10247717746754,382.1782285525298,0,2
2025,Hyderabad,2547.305958774817,4,3,33.07383844281435,38.40754444419551,1,4
2026,Chennai,3890.6402245091626,3,2,44.94055465137108,33.00015431753971,3,8
2027,Mumbai,1096.1179535386696,1,1,39.198039353050895,60.00767692200899,3,7
2028,Hyderabad,2961.1198120690588,2,2,39.0457626077263,230.03135607062848,2,8
2029,Bangalore,2958.114200588829,5,3,46.35918844396738,133.01606990093268,1,8
2030,Mumbai,902.6290526467425,1,1,49.49674757314998,492.4454213195766,0,7
2031,Mumbai,2380.928384781111,1,2,29.064136598052983,280.2992667254561,3,7
2032,Bangalore,4339.781593552409,2,1,5.444080801558288,337.95955811895607,2,5
2033,Mumbai,4352.691298975971,4,1,22.95649538877182,153.83366539841438,0,5
2034,Hyderabad,946.5694921385646,2,4,39.38005732308222,174.46251612205222,0,5
2035,Chennai,908.2439723652388,1,2,1.3862662380924595,181.02171878775482,0,9
2036,Mumbai,1682.129646508709,4,3,2.8443719178074534,355.3931384721443,2,5
2037,Hyderabad,4436.44728149297,3,2,3.3578891191410665,247.37897969086808,2,8
2038,Delhi,1080.061632830745,1,2,36.55178791641554,268.4881532144357,0,9
2039,Hyderabad,3739.985611823508,2,2,25.058331428158603,304.16143143648577,2,0
2040,Chennai,955.2452882589645,3,4,18.444897176029677,389.02959499434417,0,9
2041,Hyderabad,3304.1203418652144,5,1,5.2808522630868,63.37747928598951,0,5
2042,Bangalore,2102.3028460361515,3,3,36.612012510294456,392.8994778650344,0,7
2043,Chennai,4050.1128333464017,2,4,16.050990527544982,290.3528330600863,2,0
2044,Delhi,1551.6070197141362,3,3,13.26620350323336,341.16581353052345,1,5
2045,Bangalore,3376.4082322548193,2,4,32.61596007767755,177.22484712356575,1,8
2046,Hyderabad,1560.5714055914823,1,1,27.95054462984209,216.5056816718956,2,5
2047,Chennai,3711.471274004692,4,3,18.12053209066508,130.9595934338817,3,1
2048,Delhi,4431.55115552337,5,2,32.0743735402794,490.06399876035454,2,0
2049,Bangalore,1070.6080960704203,4,4,13.56107601920591,258.561426804952,3,3
2050,Delhi,4399.680598679766,4,3,39.741513080216336,498.11691958236696,0,5
2051,Hyderabad,3171.0886448643405,4,1,11.465947515382696,255.09726946940785,3,9
2052,Delhi,1071.9972089016078,2,3,7.941884769100782,125.48060690435233,0,9
2053,Mumbai,2423.938349118704,2,4,39.121970474943744,263.57715043369126,1,8
2054,Bangalore,1223.8713206829407,5,1,35.39460153489666,39.00587446355735,0,4
2055,Delhi,3651.565499899563,2,2,9.131948785089921,454.28950468253663,3,6
2056,Hyderabad,3914.9066048807736,2,4,5.812287634496899,412.90412057333174,1,5
2057,Hyderabad,976.0843412275954,2,4,41.919954424334605,368.39384993325666,1,5
2058,Delhi,2777.6293371258994,2,1,38.8299241098344,312.7168234123808,2,8
2059,Hyderabad,4165.812752116627,1,4,16.362868684983212,298.3204321617743,3,4
2060,Chennai,4712.733686979484,5,3,32.90987041066833,498.4295427581422,3,1
2061,Chennai,2810.8304003379653,2,2,6.20800932739054,153.4387683295702,2,7
2062,Chennai,4776.256506251331,5,3,25.352382952383905,394.24849537547743,2,2
2063,Mumbai,2910.600367052134,3,1,0.9365146030209937,299.0742897025556,1,8
2064,Delhi,2273.857225699586,1,4,19.58009404607777,488.4226610042649,2,4
2065,Mumbai,4316.914078488029,2,2,3.742141073570254,417.34552798316116,1,0
2066,Hyderabad,2718.4221970614008,1,1,23.757359007844126,499.29205423500446,3,3
2067,Mumbai,2623.5612975403537,1,3,21.084082342644717,302.39599734197424,2,8
2068,Hyderabad,2706.4062023442275,3,4,22.2192513319028,118.18109962156882,3,0
2069,Hyderabad,4310.532508413854,5,4,2.2665651023997038,261.76977713347225,1,7
2070,Bangalore,4243.736937596234,1,1,18.08081706409162,361.3333443442758,0,7
2071,Chennai,2315.83996598095,4,3,37.824192454995824,391.6929853671623,0,8
2072,Hyderabad,1999.8493694173626,3,4,18.445718667681003,20.244794727652913,3,8
2073,Bangalore,2713.676108176082,4,3,35.75859763047903,262.41300248110116,1,5
2074,Chennai,3077.4762938169906,3,2,18.47393618168666,132.91259838591034,1,4
2075,Hyderabad,1572.5174478259862,4,4,21.161972074509322,439.9576799622984,0,6
2076,Hyderabad,4072.7978812201577,4,2,28.194605641463305,93.3946131441097,1,8
2077,Mumbai,2689.172445795903,1,4,47.534096840354124,339.89899979592,1,4
2078,Mumbai,2003.2049678898181,1,1,5.443022332332759,147.7098513559639,3,2
2079,Chennai,980.6944683379577,3,4,1.645688433058684,191.14022874285067,0,8
2080,Hyderabad,1574.8032218162311,5,4,30.397859190502256,471.46844516328554,1,9
2081,Delhi,4771.765272901926,1,3,47.454854446421315,135.41510019587815,3,0
2082,Mumbai,1872.9485906878697,1,3,49.486156627735745,65.60132567500672,2,0
2083,Chennai,1259.866802151659,2,2,24.20821236960009,53.2567526932284,0,9
2084,Hyderabad,2573.0275624474693,1,2,23.40408105425492,262.2152528477418,3,3
2085,Hyderabad,1881.894845121119,5,2,32.24818853725981,328.02151149645823,2,1
2086,Delhi,658.2166262203737,2,4,27.78173786024849,177.10094891402585,1,6
2087,Chennai,1954.1534777573777,4,4,31.704402880705906,351.32467606067877,1,1
2088,Hyderabad,2948.4888077276087,4,2,43.699971276894715,49.29618491515414,2,6
2089,Mumbai,2982.705674089851,2,1,37.315308474380465,431.52062956298084,3,7
2090,Delhi,2104.515145295999,2,1,24.843869584339778,411.9522606748341,1,7
2091,Chennai,2512.8624031367026,2,4,23.093222950008478,493.0382102682011,1,2
2092,Delhi,4844.830632056449,3,1,31.9800874256558,469.5223908328858,3,8
2093,Mumbai,2198.068147536402,5,1,22.785314221014875,190.97463868108548,3,9
2094,Chennai,1662.0206596699234,5,2,22.88896756328199,211.65218432747704,2,9
2095,Delhi,1595.6016983004206,4,1,0.8152950893252409,378.0631267895646,1,9
2096,Bangalore,2559.940757168604,4,1,8.70320687036542,84.35973053839193,3,5
2097,Mumbai,3917.8406692262483,4,4,24.425681999787653,170.72706091752073,0,3
2098,Mumbai,1426.9468288481294,1,4,41.132672952518455,76.89964974831116,2,7
2099,Mumbai,3691.8325721334563,4,4,13.936350336356206,238.34549555495906,2,3
2100,Bangalore,595.1742050723733,2,1,26.13217165655745,284.9620543449525,2,3
2101,Bangalore,2385.198400927757,4,2,17.24810423796161,121.35702558212115,2,7
2102,Hyderabad,3991.392793412541,2,3,5.240199476979451,32.7832097187704,0,3
2103,Delhi,2024.2983009849413,3,4,47.91492415356503,365.2907992402511,2,0
2104,Hyderabad,3036.8169565042977,1,4,42.73369351251509,29.602478924560884,2,5
2105,Delhi,1422.4065477165987,1,4,3.92462122334532,487.23325228561094,3,7
2106,Bangalore,3838.979260067775,5,2,35.98936312341423,126.37148323634982,1,2
2107,Bangalore,735.2559647094183,3,3,17.37899521787501,338.6720442158197,2,1
2108,Hyderabad,4336.441901939752,2,3,49.74249035308963,228.68082859519478,3,5
2109,Chennai,1391.8837388975066,3,4,15.119925991448884,48.643452961811455,3,0
2110,Hyderabad,4434.791142687489,1,1,11.936922268129996,246.64813118454438,1,4
2111,Delhi,2086.381585852328,2,4,28.39452741527026,268.0451044624638,3,5
2112,Hyderabad,3752.0760851351897,3,4,41.756308167160206,430.24793988457685,3,7
2113,Mumbai,1936.513840037848,1,1,9.6259435909899,371.527553430991,2,6
2114,Delhi,4576.602520555914,2,1,35.470138485966565,58.065187881625455,2,5
2115,Delhi,1069.8670648326847,2,4,3.0703291570560842,120.39808804748724,3,1
2116,Chennai,1303.3390517266942,1,2,45.946737155524865,169.70608842317492,0,7
2117,Bangalore,2718.63556321461,2,2,4.053745807364939,75.87568950311335,1,7
2118,Delhi,868.7229756716577,1,1,45.711568817208125,239.31155403895548,3,4
2119,Bangalore,1381.9108311579287,4,4,24.54036247263514,492.46841161401704,3,2
2120,Hyderabad,4746.9487199540645,4,2,22.40455563979599,267.0141397941256,0,7
2121,Mumbai,4894.203475165492,2,4,48.665353975018824,376.1034407951213,1,4
2122,Chennai,2193.1669819868985,2,4,49.51920888491095,347.81014289568617,3,2
2123,Bangalore,4654.78709456271,1,4,32.5089062980506,427.9574888442262,3,8
2124,Delhi,2951.711040530443,2,2,6.355964592852425,123.54727542349254,2,8
2125,Bangalore,1713.8410964319517,5,3,25.308504282760126,381.83660561265356,3,6
2126,Delhi,3660.794244862694,4,4,26.458155047783123,443.05051534675977,0,7
2127,Bangalore,3465.0581295868574,2,2,25.722321406765484,102.32471503051653,3,4
2128,Delhi,4951.0639359893,2,3,28.474591926000485,186.46506549824178,1,4
2129,Hyderabad,1692.7127933417748,3,1,0.9362356897195334,485.6488468791495,1,4
2130,Delhi,3524.267761977809,2,2,35.56136407352512,394.77816607030036,0,1
2131,Delhi,734.106897632511,5,3,35.619715097649404,155.64359961801554,3,2
2132,Mumbai,1011.4071741352374,4,2,5.773488758894397,290.69204942935374,3,7
2133,Delhi,517.6326872799197,3,3,28.511972122290036,214.0765389677498,3,5
2134,Mumbai,4997.573064768529,1,3,28.41805912178873,255.18328463702235,3,8
2135,Chennai,4110.23163716365,1,2,34.12252100952001,190.47977186754008,3,6
2136,Mumbai,4040.2535663009335,4,1,4.269884606754054,154.07888889456348,1,5
2137,Hyderabad,2793.767338796809,1,4,31.32516536330482,343.886259867881,2,3
2138,Mumbai,1850.3018730744798,5,3,14.037597537317058,393.7000712413364,1,6
2139,Chennai,1180.6892800820417,2,4,25.350149524808597,439.4994189187255,2,3
2140,Hyderabad,1781.0363248090864,4,1,38.66617763520384,94.55838431273025,1,6
2141,Bangalore,2191.8704986811263,3,4,35.28229681815066,414.97065134971547,0,4
2142,Bangalore,3903.3954364113233,2,4,5.945150883899669,142.3043957489905,3,1
2143,Mumbai,2928.478050064186,1,2,29.559239355803662,225.1214671568243,2,6
2144,Mumbai,848.6763194996721,1,2,48.45582654703693,452.6929692076384,1,7
2145,Chennai,581.1305403151051,3,1,7.838471866750113,238.16172847164896,2,9
2146,Chennai,960.4948079032843,5,2,42.645354386270746,114.59049634127177,3,1
2147,Delhi,2347.244211638207,3,3,35.12740402768885,96.73695451381654,0,5
2148,Chennai,4699.368126720582,4,1,38.700165645487985,247.03220799302423,3,3
2149,Delhi,3368.311165441497,3,2,14.097916357132274,386.082763508746,1,4
2150,Hyderabad,4108.216549439818,1,2,14.394446468992122,498.6584691076646,1,0
2151,Mumbai,2598.6856752704684,5,1,45.3009727888244,397.9561416468329,2,5
2152,Hyderabad,2127.4973743776927,5,3,17.99160160462793,440.9657402925697,0,7
2153,Chennai,987.8016772248022,3,1,3.1507695346405242,378.95953324874625,0,1
2154,Hyderabad,4441.698599837922,4,2,30.0298351789725,449.80884836293086,1,0
2155,Hyderabad,4024.220130625563,1,2,6.240883452092133,56.62090079067836,2,8
2156,Hyderabad,1256.531439189763,2,1,39.82981207039541,466.3671675111898,3,1
2157,Chennai,2805.172537443172,5,3,32.08732212505287,210.27495378831495,3,7
2158,Hyderabad,2693.186635645602,3,3,43.73632526106041,462.3748271746134,1,4
2159,Delhi,3312.9119870893787,4,4,39.24186248913176,56.351761980548275,1,1
2160,Chennai,4757.841022960675,4,3,5.605682416909808,363.3166194181452,3,4
2161,Hyderabad,3108.971487931158,1,1,19.053533821721114,373.13059936169816,3,8
2162,Chennai,2930.9777005037836,5,3,38.72801249572937,498.5172268629309,3,5
2163,Bangalore,726.4531982059877,1,3,20.867073663316287,389.0505299311106,2,2
2164,Delhi,783.0836420811077,2,4,48.618274238998914,203.6353787914912,0,7
2165,Hyderabad,1343.06056097055,2,3,36.78702249467246,287.47930477690176,1,0
2166,Bangalore,646.1184726128672,2,4,0.7749958345160513,195.94445031996332,1,8
2167,Bangalore,3845.0880300650556,4,4,43.99928457804182,114.0889497463319,2,8
2168,Chennai,3754.986367972834,5,3,5.04023924342788,139.2811172010913,3,3
2169,Bangalore,1112.2530549423932,1,2,7.026186209004292,126.56505645167405,2,7
2170,Delhi,4262.355053578764,1,1,36.72462003055254,283.4313584783422,3,2
2171,Delhi,1196.5371568075038,2,1,43.24842797152401,454.9571045753088,1,5
2172,Mumbai,1855.2901414881146,5,3,26.8174813949778,458.10878052243083,0,9
2173,Delhi,1620.3960462261425,5,1,14.452486647288959,46.28661321239625,2,9
2174,Bangalore,2175.381943578715,3,1,17.565777262658777,58.351712456908885,3,7
2175,Delhi,1645.9869465048284,5,4,17.1444664798028,137.65714744272486,1,8
2176,Chennai,2700.2791689730343,5,2,16.333905190475612,142.42853718534798,0,7
2177,Mumbai,2333.3354660960845,1,1,12.14548359108249,65.54680411484054,2,8
2178,Bangalore,4939.562708506969,5,2,30.443354731461653,206.46240376325144,2,3
2179,Mumbai,751.6685755770155,5,1,45.02026592825336,302.1081884918179,1,9
2180,Bangalore,1139.8161937430823,1,2,15.354120654167058,297.5178562877426,2,0
2181,Chennai,737.7165225887112,5,2,9.334714873070604,280.8462470041245,1,6
2182,Mumbai,3316.285377420691,1,1,41.928883318571245,182.56252394599866,2,9
2183,Hyderabad,745.2917483617381,3,4,37.08916654448517,359.0987289519587,0,3
2184,Bangalore,4263.978818192555,4,2,46.54185157799552,416.7122916709143,0,0
2185,Hyderabad,2803.723838068675,1,2,8.275986780245482,186.21164790915606,2,2
2186,Mumbai,2871.5343106169016,1,1,7.212565705829577,61.05697246374176,1,6
2187,Hyderabad,3027.175284704874,5,2,27.071469715249837,162.23852052409111,3,2
2188,Hyderabad,1268.6616783779482,1,2,30.721682741754762,85.93695419595333,2,0
2189,Mumbai,1389.6063640151938,2,4,24.008672092979477,244.33218906904682,3,6
2190,Chennai,1934.677952928521,2,2,29.948331816193775,94.84887263171757,1,7
2191,Hyderabad,3170.7338711983316,3,4,9.018988443753567,242.16548367582908,3,4
2192,Hyderabad,1445.5299917309653,1,2,23.98068770820417,126.08138831583092,2,5
2193,Chennai,1023.4927720996756,5,2,32.90462804698339,374.5909306219534,0,2
2194,Hyderabad,4865.525988882945,5,4,21.635322462435187,33.23275560120591,1,4
2195,Hyderabad,598.9181666433032,4,4,33.972366790829895,286.27822583932425,0,2
2196,Hyderabad,4112.138324012098,3,3,22.55956402769198,101.35437196162721,0,1
2197,Delhi,4046.158173087599,5,2,16.679979042113864,20.476094945420993,0,6
2198,Chennai,1837.463512302932,4,4,15.180252354354618,437.2160422711074,2,9
2199,Hyderabad,1110.3197720329104,5,2,20.5451029494294,342.33333815075247,1,6
2200,Chennai,1155.3289101744053,4,2,1.1544811341100414,67.49255458425124,3,7
2201,Bangalore,3638.442277567366,2,2,33.42625692230568,338.75473648825067,0,0
2202,Bangalore,3392.6296598877816,2,1,42.25528204901309,313.5907197140473,3,1
2203,Hyderabad,4022.3555341312403,5,3,17.731354722155928,247.2112097807376,1,1
2204,Chennai,4718.665275795971,3,1,2.301656807085928,221.24388724429474,1,2
2205,Chennai,3613.673134699664,1,3,49.338779869277886,445.7934861995528,3,6
2206,Chennai,1201.3319144814955,3,2,13.184912772553348,137.67104955077662,3,6
2207,Delhi,1595.4917754443481,3,2,6.33105608453865,211.188827366424,0,6
2208,Bangalore,4289.871788929016,1,4,18.487625398651396,177.97539818951708,3,0
2209,Chennai,1441.8773412539385,2,3,36.92785203167783,390.1764939375841,3,1
2210,Chennai,826.3504262951664,2,3,14.695829844528285,459.90334699161895,2,7
2211,Delhi,3664.7602431901273,1,1,28.73516019597439,427.89521539531063,0,8
2212,Delhi,2311.368599705639,4,3,20.77799972185711,402.8978865438889,0,9
2213,Chennai,4640.1802364565665,3,2,5.888199613830924,493.6591738736398,1,6
2214,Mumbai,3426.147819921477,5,4,16.514350624605513,354.62938419698486,3,0
2215,Chennai,906.8854000624733,2,1,36.243525285703335,380.5058197824962,2,3
2216,Chennai,4765.354552641474,5,4,30.600194866572284,491.7452190584091,1,9
2217,Delhi,1663.5076863811066,1,3,5.98891899417805,23.35557699160356,2,7
2218,Delhi,2017.456206828286,5,3,8.166120485715428,324.3432206894552,0,4
2219,Chennai,2310.171861575939,5,1,32.036667965372274,374.706335337579,3,0
2220,Chennai,730.5093338194097,3,3,40.67077071604344,460.5569858034536,2,6
2221,Chennai,2734.319400037722,1,4,17.473724797908464,444.2452660084845,1,5
2222,Delhi,1054.933209838815,5,2,29.765537592172507,424.14112699222125,0,8
2223,Chennai,2304.366470097583,2,1,8.532179437605263,473.9798105320178,2,3
2224,Chennai,2078.1940459643793,1,3,15.568816845266193,277.9420101985796,2,3
2225,Hyderabad,3977.780375419265,2,4,1.01351028365263,23.321645880716844,1,7
2226,Mumbai,4114.26730234729,4,2,38.41379738997613,25.306111374564573,2,3
2227,Bangalore,1190.3579707508961,5,3,20.05049098864834,281.42674669657185,0,2
2228,Mumbai,2149.4803432065182,1,1,40.806278682697695,228.9306746546918,2,6
2229,Hyderabad,2180.0892246432427,2,3,35.41864980113631,236.5976256154153,3,4
2230,Bangalore,1181.3469977123827,5,3,41.43721328642385,212.19427386081776,3,8
2231,Chennai,4093.0407727303573,3,3,14.28293347914414,460.50838836379313,1,4
2232,Hyderabad,3682.527477509405,2,2,9.255436521392262,192.40176856149915,3,8
2233,Chennai,1356.7180383366563,2,2,48.59528413258353,430.98893204627996,3,5
2234,Delhi,2150.248588672096,4,3,35.86638935204348,453.3751010199876,2,5
2235,Hyderabad,976.122611854314,3,3,41.702113396333516,259.76084959949833,0,5
2236,Delhi,3326.929686918698,4,1,0.6566686854966863,234.5302579352424,0,6
2237,Hyderabad,1046.1736604687885,3,3,17.723081014794328,385.2898900234145,2,3
2238,Hyderabad,4936.70375881213,2,4,37.140834528866584,359.8263236671435,3,3
2239,Delhi,4013.0693360953805,4,4,3.8991416494991658,177.69685596617884,2,8
2240,Bangalore,2256.073473127978,5,1,28.366996478446783,69.22310044383036,3,6
2241,Mumbai,3103.537695257095,3,2,21.453638372750163,147.12915208759057,3,9
2242,Chennai,4601.038172973839,2,3,0.8808253570553648,82.89368278990351,3,5
2243,Hyderabad,2993.4467617812174,1,1,11.79877885597257,161.47149237281187,0,0
2244,Chennai,1285.2431887907983,3,2,14.23959945333571,145.67435147878354,1,6
2245,Delhi,2204.165100115217,3,1,5.592997317316123,326.1014834656225,0,5
2246,Chennai,4294.151892633854,5,2,31.57684548713302,478.1580936582942,3,3
2247,Delhi,3398.9585719532806,3,3,12.119893812594452,349.15699151863214,2,7
2248,Chennai,3428.2597295021014,3,1,13.880974980969418,464.7917158709934,2,6
2249,Mumbai,4400.696685598201,5,3,44.91192991000737,396.38348413205284,3,7
2250,Mumbai,4522.8787585812715,5,1,23.356154634656974,369.38125859416317,1,8
2251,Mumbai,4639.066573007463,4,2,19.606407348463616,218.7497313024039,0,0
2252,Mumbai,926.8213696392024,2,1,36.19355191573586,175.90136137441695,0,2
2253,Mumbai,2948.567008833954,2,4,45.48068984414561,426.21313878700124,3,1
2254,Mumbai,3832.2928454824337,4,4,1.2518168118721917,454.5887518059225,3,2
2255,Delhi,3906.170803071562,2,1,22.411942327769825,236.90359695244737,1,1
2256,Hyderabad,3230.2229088650174,3,4,30.539067803897364,24.35028712958932,0,5
2257,Chennai,1250.5430083265337,4,3,15.92815490629948,400.4149082751058,1,8
2258,Mumbai,4088.3924927374896,4,4,38.62038610616209,156.8330434267,0,1
2259,Delhi,3740.5010008172558,2,4,48.57385351351369,24.746175208121954,1,3
2260,Delhi,887.6109719706633,1,3,47.17136831251416,406.3945083085386,1,4
2261,Delhi,2587.144211034693,2,3,13.299126968997093,268.3588106321111,1,4
2262,Hyderabad,1282.898297848116,1,2,11.3169139218743,348.90115824246516,2,0
2263,Chennai,2018.6467057083735,4,3,47.87452655106105,459.0511141493492,2,5
2264,Hyderabad,581.3649149255845,1,1,22.931424371573293,279.7634384662906,2,4
2265,Bangalore,2301.484407848412,3,4,10.414886154234587,261.53315483790357,0,5
2266,Delhi,2974.446145202947,5,2,35.34984818152091,159.5178182471665,1,3
2267,Bangalore,3288.121667721891,1,3,14.221016195189579,166.49304053117726,3,5
2268,Mumbai,3485.706553079195,5,4,13.362348753552617,402.34019169423,3,8
2269,Mumbai,4263.31090896107,3,1,43.96245215388924,235.5340378812498,0,0
2270,Hyderabad,1469.5830827407851,5,1,8.123957668845172,98.4925801318978,0,5
2271,Chennai,1042.1682009731057,3,2,3.2196473233118192,65.37380672023788,3,0
2272,Bangalore,4331.9172735406655,5,1,13.459322008584362,247.0016560936541,1,6
2273,Chennai,1204.7576670169246,5,4,30.34727064191019,243.1784113365106,2,3
2274,Hyderabad,4886.420366012879,2,3,6.154392670163528,333.6599735385901,0,5
2275,Mumbai,4291.422032293866,1,1,23.579733613839686,246.11238931766752,0,6
2276,Chennai,2753.9447265031963,5,3,31.36685552126599,88.86833798442308,0,4
2277,Chennai,4916.3964121491135,4,4,42.436849629658695,263.7453847032865,3,8
2278,Mumbai,938.1952809860189,2,4,11.493479560112718,455.2589138652921,2,7
2279,Bangalore,1863.7959252879573,1,3,40.86731616913947,96.53187757770196,1,2
2280,Mumbai,3372.0098676827515,2,4,11.74531305656193,351.0822276693195,1,0
2281,Chennai,2075.0309081293044,1,2,33.83832706198203,305.0524471834527,3,9
2282,Bangalore,4677.676483913563,3,1,21.533678574122757,379.3211488216653,0,7
2283,Bangalore,795.317396800179,5,2,5.734062118933508,92.28813124524451,3,3
2284,Mumbai,2972.3532442743403,4,2,35.71317314109243,471.9705617148774,3,6
2285,Chennai,3158.8982032780154,2,2,10.88813092745089,318.06388532823615,1,3
2286,Hyderabad,3437.2765569975086,2,3,8.831171301229574,426.5941460917457,2,6
2287,Chennai,1650.498004993165,2,3,17.91614642946916,138.3712465665131,1,0
2288,Delhi,2140.54892383939,2,4,32.66451223797417,374.91818691102156,3,0
2289,Hyderabad,4296.562383492399,5,3,11.69982393953139,394.8947380802811,3,1
2290,Bangalore,1377.2424603657191,1,4,9.183076939094287,210.76893074579633,0,4
2291,Hyderabad,4220.905312280129,5,3,0.4976812856682167,204.2976573840426,0,9
2292,Bangalore,3031.949403062341,3,4,23.58215485508618,335.74220721235963,3,5
2293,Bangalore,3929.8438003733695,5,1,21.432278465759136,64.83568724490367,1,1
2294,Hyderabad,3711.2331481856218,5,4,11.693387181868815,373.0995921044043,0,0
2295,Bangalore,1433.8017292319555,3,1,2.6826082004845375,40.585644722917245,2,8
2296,Bangalore,3059.657313952428,5,4,21.462793729791844,111.48334453799647,2,6
2297,Delhi,4404.754187622915,1,3,39.410255553581564,338.78900347585625,3,7
2298,Chennai,2444.5230656086824,4,3,35.76410656635885,67.19536020414264,2,5
2299,Chennai,4849.658466004926,3,1,43.03974449300851,486.48420390885923,2,8
2300,Delhi,2534.9679504577316,2,2,0.4791343856577812,436.8301805417123,0,7
2301,Hyderabad,1142.5353650054813,1,2,48.320965840229924,320.62511955523354,0,3
2302,Mumbai,2252.4560603495293,4,4,17.070612631372416,413.1475787212879,1,4
2303,Mumbai,4782.660828757417,1,3,49.519889804598236,446.03842332299257,0,1
2304,Mumbai,1938.743822029344,1,2,12.630973030088732,144.54831179447285,1,0
2305,Delhi,4406.441719401782,2,3,23.57681937891224,427.71756221567335,0,5
2306,Delhi,4465.628067568505,4,3,17.696383828765182,113.50101614604887,3,2
2307,Bangalore,2075.8393594938248,1,3,17.78803574971513,218.4042867914314,1,3
2308,Mumbai,874.6594612278445,2,4,42.11410493741079,287.9646229993277,3,0
2309,Hyderabad,3760.510591214682,3,1,37.320946986866936,362.6676622755356,1,5
2310,Hyderabad,1901.8053455629372,2,4,49.607571761502406,34.46783250681346,2,7
2311,Mumbai,4023.156264159076,5,2,30.675734135875626,159.44451813353072,1,9
2312,Mumbai,2491.946817171949,2,1,23.162830219725134,312.08916714098734,1,3
2313,Mumbai,2683.7003405417972,2,2,4.503693147344556,191.536965991577,1,9
2314,Delhi,4000.592330368416,2,1,49.82807097569284,392.01202670215685,1,7
2315,Delhi,2220.6349897773252,1,1,27.576532646614144,332.7930373523438,1,9
2316,Delhi,2494.0730539531155,4,4,35.02387348450709,132.51269778739317,2,2
2317,Chennai,2192.8571094633,2,3,20.33711935956557,90.04591020431988,1,6
2318,Hyderabad,2153.0323187477597,2,3,27.385785408961794,321.9425569217842,3,2
2319,Hyderabad,2866.7595960565673,5,1,47.12888659464436,236.22431729828372,1,5
2320,Bangalore,4139.597500255179,5,4,8.320971896580136,101.09937972863293,1,3
2321,Delhi,2127.9574036515464,3,2,14.61862921651273,176.65961855282114,3,5
2322,Chennai,2859.1462424198153,3,2,7.602986388901617,165.46243919292155,0,6
2323,Chennai,3518.2729644917035,5,3,39.61079519023873,71.90334672290005,0,7
2324,Hyderabad,1712.4775083664476,4,3,3.102263021091478,282.51632924730944,2,5
2325,Delhi,1748.8526220607666,3,2,4.081582492566915,386.55134427802597,1,3
2326,Bangalore,4700.359071605547,4,2,14.924705639368435,296.2241066494338,1,8
2327,Delhi,3755.905579989899,5,4,25.709409046050563,416.6198551699291,0,6
2328,Mumbai,3097.34004300489,3,2,20.31374002797933,81.23290266340703,1,8
2329,Delhi,3414.7402448927537,2,4,2.2408155335403634,229.09369175466747,2,2
2330,Mumbai,631.8474939653827,5,3,47.874577893547574,312.5192497558876,3,4
2331,Mumbai,3281.463345027636,3,2,47.643476017904185,344.4807492521155,1,0
2332,Bangalore,2792.7899295089087,4,3,13.967816162037995,353.97742708324495,3,7
2333,Hyderabad,2955.8735590074607,4,1,36.576280763429075,369.9034050069829,2,0
2334,Delhi,2117.407220738677,3,1,28.928770569161188,332.686309854088,0,0
2335,Mumbai,866.6325397082385,4,1,11.873834750281203,65.22948269161647,2,6
2336,Delhi,1370.0265512542348,3,2,13.108577587080772,353.74672524910227,2,7
2337,Hyderabad,4778.351209457022,3,3,24.557658715522525,367.89567525170605,2,2
2338,Hyderabad,2339.148030219203,4,2,20.961847074868007,496.870368480141,2,1
2339,Chennai,2600.0742012388887,1,3,14.561466411563211,352.8139696165405,3,6
2340,Hyderabad,737.1940543404755,2,4,40.375579815257446,349.67858996074347,2,9
2341,Bangalore,669.0480329479126,5,2,24.073145881869245,267.1103792873465,2,4
2342,Mumbai,3727.3165117104095,2,1,32.74240311945639,436.60299612085464,2,0
2343,Chennai,2921.425988545001,5,4,9.463675008393773,498.48068574135596,2,1
2344,Bangalore,2789.1769289732,5,3,26.675383125824336,393.9415376947674,3,2
2345,Delhi,1594.060386902009,2,2,15.898802472331075,314.00018137174806,2,5
2346,Mumbai,3851.37829233465,3,3,26.32068051974391,57.898316927152734,0,0
2347,Hyderabad,1257.0646059882133,4,3,39.04129167054641,368.8347832302212,2,7
2348,Mumbai,1354.7063464745902,1,2,38.44566050456309,360.1095529193362,2,1
2349,Delhi,2573.2047710672396,1,2,17.711033901713797,392.2727109485272,1,4
2350,Chennai,1788.259379503734,1,3,34.713855853981954,79.78658643175487,1,7
2351,Chennai,1613.5834155491586,2,3,47.064497519713846,333.7916000605489,1,4
2352,Chennai,3403.5694004899924,2,4,31.28346649624532,161.94747437680383,2,7
2353,Hyderabad,3429.3728534834504,3,1,7.4205061691318575,384.9301968333602,0,5
2354,Bangalore,4210.3268140996815,1,3,33.985431463954754,135.37949793510379,0,6
2355,Bangalore,2379.6885513783914,3,1,5.2452193174655655,348.3097648737971,1,7
2356,Mumbai,828.8829096176761,1,4,43.60552043965136,161.59661455231026,1,2
2357,Hyderabad,1731.4987321465596,2,1,25.833024790097014,24.317260552366946,2,4
2358,Chennai,4910.0245843856765,4,1,19.257036815578978,324.0117977470858,0,9
2359,Chennai,3183.1635885471596,4,4,2.850329732484619,74.36915991628274,0,6
2360,Delhi,3693.8168816045913,4,3,19.039186729605483,336.4599069383428,1,8
2361,Delhi,533.1102333143654,4,1,45.16033339578947,464.29253521133,0,5
2362,Chennai,2831.925794821344,5,3,1.049149814315159,485.23804842132336,1,9
2363,Chennai,668.878958893114,1,3,23.732407889090247,133.24308191725405,1,0
2364,Hyderabad,3061.535954411516,4,2,46.55790455553112,408.4415492723143,3,7
2365,Bangalore,4643.468823362339,5,3,19.742049988251054,189.70557289877135,3,5
2366,Delhi,4857.886087251835,5,3,21.40878437310752,452.2193949190315,2,0
2367,Bangalore,2932.487039250159,5,1,28.928002759955994,397.99499294209943,1,3
2368,Hyderabad,2561.9216236349716,3,3,23.146866678859173,55.48242398996655,2,5
2369,Chennai,4752.576924118223,3,3,8.43008456187762,215.42575706109312,3,9
2370,Bangalore,3531.244243985128,5,2,0.9277769534930203,181.91255648464357,0,0
2371,Chennai,792.0467579228425,4,2,30.49058289893508,396.88688994717296,3,9
2372,Chennai,2595.765099503739,1,1,46.04032935039061,216.93714111351636,3,4
2373,Mumbai,1581.1025830893675,2,1,5.318206651358281,348.6024308734802,3,2
2374,Bangalore,2614.119446519067,3,2,10.547635962637669,309.1689226834114,0,6
2375,Bangalore,2549.595074028628,4,2,18.511474291248675,488.30658516686424,3,7
2376,Chennai,3119.651612666339,4,4,40.43711145105598,470.13677926477516,1,2
2377,Hyderabad,2105.4672065716304,2,3,13.46301582354888,225.29576707458497,1,9
2378,Mumbai,1239.217022551676,2,1,44.102720213938426,367.3175415877517,3,2
2379,Chennai,2766.7374556548034,4,1,2.7478937325033206,418.14084511098645,2,2
2380,Delhi,4235.912979555929,2,3,47.04783106294674,451.46516185382967,2,5
2381,Delhi,3488.0550263042105,4,3,28.037353893688245,52.70444661271217,0,5
2382,Mumbai,2022.6553966634713,2,1,32.93888392438522,164.99782365127845,0,2
2383,Hyderabad,4709.853602414858,2,2,18.384476126817656,173.71041966489048,1,5
2384,Chennai,4604.93407062132,4,2,39.09971427555302,228.53405658554175,1,8
2385,Bangalore,1442.0677972284443,5,3,8.328312504220303,101.24708034340114,3,7
2386,Mumbai,677.3791330416334,4,1,2.4455912639243516,258.1788223760039,2,6
2387,Hyderabad,3835.88918757843,1,3,19.775847155377857,338.3428771032589,1,6
2388,Bangalore,4224.24617607119,2,2,42.68478569905197,258.7346817040245,2,7
2389,Delhi,4855.390546781099,3,4,37.746341831884735,339.58068569485556,0,6
2390,Delhi,4504.263773397399,2,4,25.8577985244479,51.89198327259214,0,2
2391,Bangalore,3202.4064569288666,1,2,28.606887358267674,440.47391921955693,3,7
2392,Mumbai,2885.2355264557136,3,3,6.4946413149377715,470.7532122085128,3,7
2393,Delhi,625.2847306816383,3,4,42.034075430879106,316.59556357695135,1,0
2394,Chennai,1609.9540108015003,4,2,39.34798414820985,443.06767934571053,2,9
2395,Bangalore,2568.266382798169,5,1,32.823519694347134,83.09408799114196,1,4
2396,Bangalore,3328.267550376055,4,3,23.309551816446923,402.7754816366289,1,4
2397,Delhi,3007.633249932848,3,3,48.22296341397562,77.19113286684511,2,0
2398,Mumbai,3841.8619535676075,3,4,43.951598593823554,215.8449111188176,1,5
2399,Chennai,1758.951188991684,5,3,32.221524675730926,175.432896587972,3,5
2400,Mumbai,3042.28673443613,2,4,18.590049885864396,301.08407610581804,2,3
2401,Hyderabad,896.6400952585645,5,4,30.901113934075617,164.7269769149761,2,5
2402,Hyderabad,2361.4948561244314,4,2,28.772046326533268,325.91054224022366,1,5
2403,Delhi,3875.7237482957044,2,4,19.71209939174582,196.34589879293975,2,0
2404,Delhi,3620.303840430698,4,1,15.333698584403804,433.17938289462296,3,4
2405,Delhi,4957.8923172748055,5,3,20.350539611866118,324.2642433054135,3,1
2406,Hyderabad,1750.510066944902,2,4,28.695570301669893,123.34318271429413,0,6
2407,Mumbai,2741.851846282906,5,3,21.40674223555472,181.3421225734818,0,8
2408,Mumbai,1982.8868619829852,1,4,13.178724410069192,426.76202606079477,0,8
2409,Delhi,2482.714013266286,3,2,38.04816588804044,205.51027999398008,0,8
2410,Chennai,4356.275584412247,2,1,26.573374797870645,277.1835514715097,1,6
2411,Mumbai,3578.9408383481896,3,3,3.3837581612799985,331.4921292571197,0,6
2412,Hyderabad,4470.985361064118,1,2,18.415825281306276,186.94863180124005,0,0
2413,Bangalore,1415.799987493489,2,3,44.245672860599676,161.1097427638728,0,5
2414,Bangalore,4430.125030286471,3,2,37.761826559997594,248.12235325185372,0,4
2415,Bangalore,768.9302338027298,3,1,16.162339197200353,123.14286660453877,1,7
2416,Chennai,4498.696761967186,2,4,46.909157602225456,156.42108172115044,0,7
2417,Delhi,1980.8320075732756,3,2,3.830145417910508,49.79767233537732,2,3
2418,Hyderabad,1915.644350363299,3,3,48.06173519460945,165.9057324660826,3,0
2419,Chennai,2804.3985951439877,2,3,12.285254624233783,173.93796481451326,2,5
2420,Hyderabad,4733.105844754543,3,2,0.4547090151209632,481.67991981983346,1,9
2421,Hyderabad,715.0161410663242,3,1,21.69040182591634,303.0698362236225,1,0
2422,Delhi,2085.039387818354,4,1,17.948521484350433,397.9435641995867,1,4
2423,Bangalore,4354.573949075011,4,4,26.95445026033969,41.78108133455478,3,4
2424,Delhi,2282.2451484596004,1,4,39.83864302849227,71.13761293201853,0,2
2425,Chennai,1396.2060391868015,4,3,42.12154010752236,410.97774121404433,1,4
2426,Chennai,2411.573815991353,4,3,20.06149998058459,319.30378372046516,0,5
2427,Chennai,2234.986256712512,1,4,21.49228718531751,111.6713746592974,1,4
2428,Delhi,4619.372906600165,3,4,7.408886516473684,214.30179481363436,3,0
2429,Hyderabad,3928.704690843937,3,4,2.3773804440581747,278.56279999117896,2,6
2430,Hyderabad,2773.0200008480288,4,2,32.06074951175123,424.93271798597203,2,2
2431,Mumbai,4947.66755024707,1,4,3.2218812776346137,48.997756013357204,3,6
2432,Chennai,2593.748890741655,3,2,36.69150597107279,306.42669889633396,0,4
2433,Hyderabad,762.0702386912385,5,2,26.954507251112375,364.1772423616083,1,2
2434,Mumbai,1680.234448167432,2,4,9.92914891130417,489.38809179702054,2,5
2435,Hyderabad,2462.317160986907,2,1,26.97614717563248,407.4368375802485,3,0
2436,Chennai,1206.0618086575405,2,1,9.149885830104942,152.58911051133123,0,5
2437,Bangalore,4764.043068458193,4,3,21.9368603755206,360.59801306156726,2,3
2438,Chennai,3950.820040179979,2,4,39.978015812111444,386.37338476494904,3,3
2439,Delhi,1707.292401924977,2,3,23.09596467053187,370.2730399608297,1,4
2440,Hyderabad,3158.6204008306213,5,4,7.434965914877411,413.6691526168976,3,8
2441,Hyderabad,3746.521206993074,3,3,36.19143409114726,453.79038858254603,0,0
2442,Delhi,4735.755180080591,5,2,9.338420813500441,67.24633711488332,2,2
2443,Delhi,4467.359071289347,4,4,36.927493718505474,70.28665168693705,1,3
2444,Bangalore,2818.3650176219617,2,1,23.967614460791665,402.27199460991005,0,1
2445,Hyderabad,3985.936789068579,3,4,22.68708795471508,141.13878873030603,3,8
2446,Hyderabad,3029.6513922241325,2,3,42.571751892873735,48.09988253603741,2,6
2447,Bangalore,2987.1675052049304,2,3,35.430176217033434,212.5900068706908,2,0
2448,Mumbai,1016.3388125218636,4,3,1.645539847746963,413.5409176765175,0,8
2449,Bangalore,1067.6194610726843,2,3,14.808715730080118,80.75121143071058,1,5
2450,Chennai,2882.9012676010584,1,3,43.54603304249493,342.4841464661444,0,1
2451,Hyderabad,1709.8769524055297,3,3,0.916308427259932,21.735613650352494,2,0
2452,Delhi,594.6660610721088,3,1,27.26267231309852,72.67397466197596,2,5
2453,Chennai,3752.776417550955,1,3,36.391283458697195,188.40816596887367,2,6
2454,Hyderabad,646.1896851057423,4,1,31.09280427422879,60.12909489171874,1,9
2455,Bangalore,3178.7457849682455,2,4,38.02661010522182,426.0328003698142,2,5
2456,Chennai,2926.372073572915,2,2,36.28459244573729,434.75384150982507,2,6
2457,Hyderabad,4859.66610760012,3,1,34.601534757655664,382.67393748777164,0,5
2458,Mumbai,2678.9591270643873,4,4,41.07699304628261,136.39022306989636,2,7
2459,Mumbai,786.2064637000881,4,2,32.28453342247692,271.15859611519033,3,1
2460,Delhi,2982.5958551290773,4,1,20.120924712849103,108.41049225121827,0,8
2461,Hyderabad,4284.932767772456,2,1,23.59545549572938,155.0136560350932,2,8
2462,Mumbai,4985.82177926648,4,4,35.83623913407253,267.68254024341974,0,8
2463,Bangalore,2436.5442816008263,1,3,43.815301483339695,372.80662806118295,0,6
2464,Hyderabad,1941.3443412353413,5,1,13.610940041988783,65.4341025889468,3,8
2465,Bangalore,4579.939836283995,4,1,17.103839798553537,162.41441486148136,0,0
2466,Bangalore,1360.5895808425462,5,4,46.53696981812063,464.7782473145227,0,2
2467,Mumbai,3269.43011764817,2,3,28.92558962047227,225.9791925353063,1,1
2468,Hyderabad,2325.714908814265,4,2,8.948090856750051,470.6574434764709,2,0
2469,Chennai,684.8706422999987,3,3,33.184756945619135,495.8722599450251,1,4
2470,Mumbai,2062.79813437564,2,3,49.53810777696898,272.79671653347964,2,0
2471,Mumbai,1693.5283512620356,1,4,41.17267822352,158.26112469672827,0,2
2472,Hyderabad,3587.410192745691,1,3,37.28705682757013,399.57286811483795,2,5
2473,Hyderabad,4769.557239613631,5,4,10.402332713313461,96.46915305200719,0,5
2474,Bangalore,1706.21234320387,5,2,43.80698923420036,140.98249264259385,2,2
2475,Hyderabad,4151.596726182568,3,1,26.28944217677732,396.7423565596555,0,3
2476,Bangalore,749.1191762228428,3,1,44.46450110359778,228.15004387137435,2,6
2477,Mumbai,2921.5445451791593,1,4,16.491391471243965,116.73820975408005,2,5
2478,Delhi,817.4752866945256,4,4,3.102552631771638,332.54035757711574,2,1
2479,Chennai,4703.148460087877,1,3,23.798798432987304,371.7256934632078,0,8
2480,Mumbai,3948.580762508256,1,3,13.491880240893883,80.03419493627317,2,5
2481,Hyderabad,3460.7746004206656,3,1,35.76146448881491,152.9505247879684,0,1
2482,Chennai,4207.533717310989,5,1,47.85532764280162,126.21284257867195,1,6
2483,Delhi,3413.8390800657344,3,1,34.5487075575782,202.33022180597703,2,9
2484,Delhi,4860.2497872843105,3,4,44.34669648546017,386.4535498765109,3,9
2485,Bangalore,3712.8107653914717,3,2,22.651200680060317,362.5798890916756,3,3
2486,Chennai,4660.963743120111,1,2,38.58203685976508,338.0114769841779,0,0
2487,Bangalore,2827.093514047871,4,4,42.15217183358517,23.017062016923777,3,9
2488,Mumbai,1026.789858418382,1,3,35.54378137917712,88.22879042258693,0,8
2489,Chennai,2876.799746403577,2,2,25.388864303478233,127.18282356899206,0,9
2490,Mumbai,1070.9277262839198,3,3,31.293305480768403,150.5388060986478,3,7
2491,Bangalore,3166.2206562938227,3,1,35.025349783944016,90.28473999147201,3,4
2492,Chennai,2671.2187723744833,2,1,12.654220161071345,216.95146470746704,1,2
2493,Bangalore,3301.5892902475175,3,3,40.47896304574924,56.08668080673244,0,3
2494,Chennai,545.2114147467422,3,1,47.516226948363666,380.0106513861347,3,2
2495,Bangalore,1376.7822124491386,3,4,23.2619657589968,398.10597790213035,1,9
2496,Delhi,2710.9869436045888,2,3,35.053359155493865,295.64801100843107,1,7
2497,Bangalore,4777.266027151107,1,3,36.8512952895177,63.058340980144564,0,4
2498,Delhi,2226.240681598213,3,3,33.112377376074015,447.23992138244387,2,7
2499,Bangalore,2409.674117241356,4,2,27.355755416431776,483.50519777989496,3,0
2500,Chennai,3716.1324005297997,2,3,44.08239772874053,117.1345089544589,3,8
2501,Chennai,3217.067407787531,5,3,22.446335463444722,358.22711333154547,3,9
2502,Chennai,1845.1676754424996,2,3,3.055147824330179,424.13054270839314,3,2
2503,Hyderabad,2348.6737800534247,1,2,42.227818785608015,279.1248908204971,3,0
2504,Mumbai,1479.649094857546,2,1,33.699063615827534,175.19508777283946,3,2
2505,Chennai,4847.096566085938,5,2,42.46293132498233,249.70818323856926,1,1
2506,Delhi,1087.8547170081188,4,4,6.927372122234715,265.88900037653696,0,6
2507,Chennai,2173.2655305488875,5,3,1.5376470254858166,212.3057812102534,1,9
2508,Hyderabad,616.2753749900504,2,4,46.71872701912507,466.32439694417894,3,3
2509,Delhi,1498.007713700959,5,2,7.386415292528714,377.063893252401,0,6
2510,Hyderabad,4012.120122710697,2,1,40.482616603522594,135.8247882823827,3,2
2511,Delhi,1405.2885452999576,4,1,41.16049710903179,301.0674499135369,0,5
2512,Bangalore,860.2853113803452,4,3,35.43526002745015,350.57079244696035,1,6
2513,Mumbai,2635.039309300355,1,1,6.563110554643547,87.27508241702253,0,6
2514,Mumbai,544.8615563053332,4,2,33.36993122804038,192.04435634247142,1,4
2515,Hyderabad,881.4476949184993,3,2,44.45432916634328,454.66317516987965,3,5
2516,Mumbai,4134.316413033388,5,1,21.276582240044164,292.24308808889674,0,2
2517,Hyderabad,3971.6300518682287,5,3,20.675842718929943,124.1589181089521,2,3
2518,Hyderabad,4618.124691822032,2,3,22.142915478970952,78.93670309719238,2,5
2519,Hyderabad,4345.319461598373,4,2,4.113594533810322,268.7489088679413,1,2
2520,Mumbai,3574.2900345791813,1,1,44.60127845149867,282.8891470539892,1,6
2521,Hyderabad,735.4978578529827,1,2,43.45914319902552,180.51893665021393,1,2
2522,Mumbai,4022.8187809399587,1,2,49.895466089514315,322.5996936411769,1,8
2523,Hyderabad,4304.798648782522,3,4,29.259157074920672,52.96864938530659,3,3
2524,Chennai,4095.869655973795,4,2,37.559581822569285,89.66705276774749,2,1
2525,Hyderabad,2788.155658886117,1,3,10.133595315365234,282.21143408540445,1,5
2526,Delhi,1548.0582739226675,3,1,33.376440911208476,49.671533045337895,0,8
2527,Hyderabad,4303.98489059927,5,1,32.486642437869534,442.83620719572826,0,9
2528,Bangalore,3772.232643830623,2,4,45.06043679208062,88.23025781912806,3,9
2529,Hyderabad,4913.425284749832,4,4,41.53963614195371,343.4815395605775,1,1
2530,Delhi,1200.616689901698,4,3,46.92332313088816,207.77765202292412,0,3
2531,Delhi,1515.4906237342477,5,4,43.44167363508038,211.89811882027925,1,4
2532,Mumbai,1453.091674466762,4,2,43.4346947449426,387.146973733349,0,8
2533,Chennai,4066.428954296015,4,2,3.1861663344359137,259.7418244029987,3,6
2534,Hyderabad,1341.0828340255316,4,3,42.29809763479779,368.31462254905585,0,4
2535,Mumbai,799.9692342048775,4,1,30.373919725155908,262.4917898013292,1,5
2536,Chennai,4993.523629635329,3,3,19.02222258829806,304.59456387452644,1,8
2537,Hyderabad,611.6774515031711,3,4,2.825731219403116,385.1430213774388,3,3
2538,Bangalore,4258.598270714896,2,1,33.883688738402334,311.50819660221214,2,1
2539,Hyderabad,2144.1507869779375,4,1,16.410087526880872,315.49525250661856,1,4
2540,Delhi,4287.269568910169,5,1,23.388813249301737,398.82540388524535,2,6
2541,Delhi,2995.7922104501527,1,4,34.086421852756715,475.56167159329914,1,3
2542,Bangalore,4557.34053268862,2,2,45.58872735120714,200.82375388896165,3,0
2543,Mumbai,4667.86843886582,1,2,41.27184578024992,297.0162354684566,0,7
2544,Chennai,540.941815763492,1,4,22.529856455179992,61.41111571210189,2,4
2545,Hyderabad,839.3547919675473,4,4,19.389157872318947,192.22586267305613,0,9
2546,Delhi,1626.6142830688495,5,3,11.988986942202374,217.78362842690527,3,1
2547,Mumbai,3511.9193736357574,1,3,18.621337558798412,420.9139120755445,3,2
2548,Bangalore,4497.224884301777,1,2,5.552319364594915,266.4283530203249,3,9
2549,Delhi,2569.7387808228323,2,4,48.55527541823773,370.91185918325976,1,9
2550,Bangalore,3231.3790232341944,5,3,28.695872197978943,29.123552012322254,1,4
2551,Hyderabad,1348.249337580025,5,4,6.3902921397606445,242.9564814215915,1,3
2552,Chennai,4122.350752467584,1,4,17.64030046329529,452.63247927852046,1,8
2553,Delhi,4852.976501090614,5,2,27.351957181032798,127.67067646677685,2,8
2554,Delhi,1708.6951981156885,2,2,26.644281832043482,35.1306489474142,3,7
2555,Hyderabad,2726.7167822024585,2,4,1.7751684359316178,228.03619218246868,2,1
2556,Mumbai,887.5224972786821,2,1,47.54205171145557,358.12727391084576,1,4
2557,Chennai,3016.1149540833576,4,1,13.76878407374723,238.14248328390536,0,7
2558,Delhi,2762.5254883100624,1,4,0.8092334465945594,240.7895904854076,2,7
2559,Chennai,1149.964178697849,5,2,3.8222004475141236,341.50641979439337,0,6
2560,Delhi,2489.297959031338,2,1,29.009745162398847,142.10662797586352,1,3
2561,Chennai,2003.4709343895347,1,2,6.889276033754843,380.9070999881492,2,2
2562,Bangalore,2848.2389388733523,1,1,2.0862396426751637,93.49449483475205,2,7
2563,Delhi,3135.4445094295966,4,4,18.981323320635568,209.9602905372741,2,7
2564,Chennai,538.2301037324428,5,3,31.13805961700943,334.88389206604063,0,9
2565,Mumbai,3924.5269232729993,5,3,5.591990242080619,417.6171234704949,1,4
2566,Bangalore,3708.5643133778335,2,2,15.666391607565778,399.93491415922654,3,2
2567,Bangalore,2148.2887379293497,2,2,20.888033581227113,366.40908766769496,3,4
2568,Mumbai,738.2117100596822,1,1,7.973004889338359,192.3662640974677,1,3
2569,Chennai,3897.196429032727,5,4,25.303694923335506,78.70607182098745,2,7
2570,Hyderabad,4798.288222151596,5,1,4.260704345088545,124.08042449263549,3,1
2571,Mumbai,1580.6821820990638,2,4,2.325924817253433,435.1202309967128,2,7
2572,Chennai,1955.8607618166704,3,4,25.99176835775674,431.51905766367656,1,9
2573,Mumbai,1327.1580026681672,1,2,12.394848637543781,476.7492092187276,0,5
2574,Mumbai,3096.2125550517785,5,3,4.768690394901376,56.474552909859966,2,3
2575,Delhi,1196.7862759135473,4,3,21.195629374381614,277.6683609331789,0,2
2576,Chennai,2102.8727455762073,4,2,45.75703697586974,331.3678615540321,0,9
2577,Hyderabad,3636.5585627041833,3,3,36.209622332707745,361.11554099209116,1,4
2578,Delhi,3020.5219235420677,2,2,40.78079576735138,329.0543528050065,1,5
2579,Mumbai,2239.0815394757083,2,1,43.59569943793182,389.6054671530954,0,0
2580,Mumbai,2391.1232081339385,2,4,48.631387069820946,192.54635661888395,0,0
2581,Mumbai,3029.4989718045326,4,3,38.16232867570865,106.12773062503143,3,9
2582,Chennai,526.3912754922259,2,3,30.420396096973985,118.2000186322105,3,2
2583,Chennai,853.2944080412444,4,1,18.27129401511236,25.749770945678883,1,1
2584,Delhi,4465.661304933552,3,1,9.082161827885804,188.15449861098674,2,0
2585,Hyderabad,850.4554509108084,1,3,34.33299369916472,64.03714442238909,0,7
2586,Delhi,3680.616182947273,5,3,49.74749930609709,174.31457253929162,2,0
2587,Bangalore,4640.171738490737,3,2,23.367934230945952,321.54083703979893,0,9
2588,Mumbai,1718.07621935779,4,2,36.18396840464038,449.34946668167356,1,7
2589,Mumbai,2167.2114667678143,3,3,24.754622499657806,423.0106164754479,2,4
2590,Mumbai,3060.1463263012233,5,2,21.59667116817383,141.2836217396369,1,3
2591,Delhi,4467.690363373631,1,1,20.515280677995758,84.35990825506254,0,7
2592,Delhi,4738.575142671891,5,4,25.23123414658488,112.67469142243102,1,7
2593,Mumbai,3828.0346165007063,4,2,18.344783093268752,486.0735929137313,2,7
2594,Delhi,889.7889238461231,5,4,37.43866609109039,283.74775024903556,3,2
2595,Chennai,3511.1936999068284,3,2,43.71360132957583,107.60106704027592,1,7
2596,Chennai,2346.366748426979,2,3,44.14426533225921,423.55815424967125,2,0
2597,Delhi,2618.154497709777,3,2,11.384935671291297,209.69179727002637,1,3
2598,Mumbai,721.1677565532966,4,4,44.79545693657454,451.6266329478691,1,4
2599,Delhi,1359.7796270586118,1,4,17.077561592755252,145.12502088055354,3,5
2600,Delhi,4057.3112339014147,5,3,15.465383274264882,208.74644422603336,2,4
2601,Delhi,2542.814748715369,1,4,36.3378028699118,262.3749261392406,2,4
2602,Bangalore,1857.4800873401698,4,3,15.234817004314472,448.4553603627352,2,4
2603,Chennai,2228.085832842312,5,3,2.6483202804855055,437.0035671704268,0,8
2604,Hyderabad,4344.797809965561,3,4,18.6808886155154,295.6904337458614,1,9
2605,Hyderabad,3870.495578322306,3,1,36.07328001791745,126.45224469482753,3,9
2606,Bangalore,1725.4192873148725,4,4,16.347921013508827,213.61134643418006,2,2
2607,Delhi,1028.7582809556798,5,4,31.477952799757325,488.3038713754426,3,1
2608,Bangalore,1633.9919973983226,3,2,33.00597221315652,311.731147461153,0,9
2609,Bangalore,4643.404029746302,4,4,36.68680058631781,394.9269224596144,0,1
2610,Mumbai,3117.1497703238992,4,2,44.85652331554682,235.93505377348146,3,7
2611,Chennai,2900.6609393515228,1,2,21.628224963421573,275.36349222406704,2,4
2612,Hyderabad,3183.771198616077,3,4,8.321603833122854,225.89797387162116,3,4
2613,Delhi,2147.127195859319,5,3,15.946285771594471,357.4020790697446,2,5
2614,Hyderabad,4131.981591437807,3,1,21.608362758699297,428.70608666570115,2,8
2615,Hyderabad,2854.7881218511243,3,4,35.69457346640566,263.5345007477905,0,6
2616,Chennai,1025.36556245958,3,4,0.6561062780816751,250.81638014538834,3,4
2617,Hyderabad,1080.7930617307834,4,3,15.789269171993947,183.33750420723052,0,4
2618,Hyderabad,2915.8661592617827,2,2,38.99212905096584,105.00641326116023,1,9
2619,Bangalore,4714.565981318777,2,3,33.54288516653477,470.83890698005223,0,8
2620,Chennai,1887.5845475428944,1,3,36.586998679280256,171.7182649661624,2,8
2621,Mumbai,4412.935259866483,3,2,40.59053847195974,404.331902515657,3,1
2622,Delhi,3938.430139604957,2,4,39.16178594389812,363.3665702179876,1,6
2623,Hyderabad,1615.1559930810809,1,3,34.10915830763891,399.64044813350193,1,9
2624,Delhi,663.533367423091,4,3,21.98307661852953,469.6487040186092,1,0
2625,Mumbai,958.3126931407223,3,4,49.17991644390769,319.21796490603066,1,3
2626,Delhi,3778.222702313481,5,4,28.45365977950369,451.0161648233814,3,1
2627,Mumbai,1398.51382118291,4,1,10.138460468441956,100.49471499790096,2,9
2628,Bangalore,2170.719142274272,1,3,14.64064275523922,320.8220364592581,1,8
2629,Hyderabad,2757.6462470289116,4,1,34.678122798523496,390.6922941990141,2,5
2630,Mumbai,3764.6067580257327,5,2,46.23697825997318,150.38774275720354,0,3
2631,Delhi,1009.5405046660642,4,4,8.936006460294877,375.56182462014317,2,2
2632,Hyderabad,2328.6488237485764,1,4,4.117324787289317,393.6688779757937,1,3
2633,Bangalore,2682.8280911421293,5,1,44.076552402100305,418.9702188878935,0,1
2634,Hyderabad,2933.7217878719284,5,3,45.76389894564172,170.18379804604774,0,4
2635,Mumbai,4182.622886278476,4,2,13.818967265794974,347.1711632807884,0,8
2636,Bangalore,1272.551877694476,5,3,18.864286218561993,166.0415760366858,1,5
2637,Delhi,4135.2415332198,4,3,33.00939987489292,374.73938599925856,2,1
2638,Bangalore,3617.952924634935,3,1,16.49650104212374,242.22735926994187,3,5
2639,Bangalore,3001.418663895317,5,3,43.857935413502645,306.82129977306556,2,8
2640,Chennai,3647.875416811574,4,1,5.378935135693136,219.60319108667306,1,3
2641,Bangalore,2354.079825282454,3,4,1.8991110480097606,97.75180492631566,1,0
2642,Bangalore,1122.7891368565606,5,4,10.424310337139476,105.45417421057456,0,1
2643,Hyderabad,3495.943581194153,3,4,14.30438891024845,57.23307548582456,2,4
2644,Delhi,2861.0253800853,5,2,5.646329564443753,316.67488626639766,1,9
2645,Hyderabad,3377.18660244249,1,2,3.284521467032336,427.34643101746843,1,6
2646,Hyderabad,2020.994514628205,1,3,37.78038567508991,30.001676605798853,3,7
2647,Mumbai,4580.899598029262,4,1,8.213828295112869,51.79496100240968,2,2
2648,Hyderabad,3143.164408590096,2,3,45.6961099533152,239.58415630539696,0,8
2649,Chennai,884.3111793089322,1,4,18.3999830724048,374.1059533607309,0,1
2650,Chennai,2524.117958169929,2,3,33.53029048606727,95.69966946173663,0,3
2651,Mumbai,3903.6022463463546,3,3,11.270105738440012,150.39263338361306,2,3
2652,Delhi,4073.6055277952255,3,3,12.016138424593342,131.36297661526743,1,5
2653,Delhi,2725.6867374369144,2,4,28.735460143378766,211.54458496215398,1,9
2654,Hyderabad,4526.364068740855,4,1,28.032146257299306,127.99936496843415,3,5
2655,Hyderabad,1704.507967374339,5,3,38.43646140060407,189.24736570148144,3,2
2656,Hyderabad,2347.6941375722,2,4,37.8906652847133,369.7004473577332,1,8
2657,Delhi,4543.686097560365,2,2,33.53438823318305,313.28443925801076,1,4
2658,Bangalore,4533.155224122105,2,1,22.45652829467455,58.967218588012585,2,1
2659,Chennai,3585.707459711064,2,4,44.532019314030855,326.1179197979445,3,5
2660,Bangalore,4365.412462049991,2,3,31.128924511064938,248.99704234842247,0,2
2661,Bangalore,899.479701303047,4,4,49.50992452311786,468.5914758594266,0,7
2662,Delhi,4392.477392934994,1,1,40.96849089671793,158.86607220994557,0,2
2663,Bangalore,1942.7895794760204,5,3,2.215490561916311,368.5598814555968,0,4
2664,Mumbai,1302.4918059269735,1,2,16.02969535401589,370.81319506139357,1,3
2665,Hyderabad,1577.1642635392086,2,2,28.593785823547584,126.32037488440993,1,3
2666,Mumbai,2380.858286062492,1,2,36.07347689357436,453.54733998604934,2,1
2667,Chennai,1630.3640207201024,4,4,27.516824888097073,255.76793620620947,0,7
2668,Hyderabad,1942.5541370742458,3,1,39.30652112310909,345.86401610686517,1,2
2669,Bangalore,1107.4031873223894,1,2,14.13278263786723,90.01066826408218,1,3
2670,Chennai,1832.7954450154934,5,3,9.195602561641254,143.74588015614523,1,5
2671,Hyderabad,3075.2771654390053,4,3,2.6958341894885054,301.33141660986695,0,8
2672,Bangalore,2488.341686409788,3,3,28.665687228576104,173.13308881920776,1,3
2673,Mumbai,2060.2344255616003,4,4,34.429976033774764,259.85260091406724,3,2
2674,Hyderabad,3859.034579857013,2,1,16.30748585596808,199.52249569917885,0,4
2675,Bangalore,4520.794871269931,3,1,30.67920924279383,327.46582238914306,0,8
2676,Mumbai,3905.5515030607867,5,2,2.6078615426664618,253.82977413478827,3,0
2677,Chennai,1994.0031595295563,3,1,4.964667314840182,22.21276926712072,2,4
2678,Chennai,3849.9897552689918,5,3,35.087738612924916,331.8468022137843,2,3
2679,Chennai,1183.9108211332305,2,3,18.403485260864937,222.61834738408723,0,4
2680,Chennai,1086.4309464108092,5,4,33.56670155515028,184.01520343530697,0,6
2681,Delhi,2055.321666662715,4,3,41.5860560139959,65.1904410959473,0,6
2682,Hyderabad,4134.660660698257,1,1,42.631121873805846,125.77745147191591,3,6
2683,Hyderabad,1608.5671125903584,4,3,8.608382273222547,127.41069995880964,1,0
2684,Delhi,784.6403400440581,4,2,24.314278617567325,468.97735971426994,3,8
2685,Bangalore,1092.692908428598,3,4,36.696336181624325,227.60622787834248,1,6
2686,Bangalore,4364.35235838311,2,4,38.69902981334552,40.19160666328162,1,3
2687,Chennai,3352.0247813627943,1,1,39.23379903644388,86.63200747679403,2,3
2688,Mumbai,1639.405235164895,5,3,11.408366719029223,57.93568435179779,3,1
2689,Bangalore,2998.831213976816,3,3,9.626740886188667,302.6573072994614,3,5
2690,Mumbai,2874.1083009140766,2,1,29.500623413684796,109.57831595207682,0,9
2691,Hyderabad,3449.4619029829755,1,1,37.054289886910986,259.30766733525246,3,2
2692,Mumbai,1549.3439948972734,4,2,15.956975776709664,197.62979017758826,1,0
2693,Hyderabad,4389.81344237479,2,1,5.235257843121078,405.8606610292157,1,4
2694,Delhi,1892.1585293600579,2,3,35.837319145503876,173.8350258873739,3,5
2695,Delhi,3623.592442893066,2,2,14.984891569000226,239.96743155046798,2,4
2696,Chennai,572.560908674967,4,4,8.318136215586092,366.21706332695635,2,4
2697,Bangalore,2176.9570845236626,5,3,7.386176419856582,228.00857932670687,0,9
2698,Chennai,2082.6941808146375,3,4,15.745477376335815,400.74345728633074,0,7
2699,Hyderabad,2945.679928623565,5,4,29.633903295687276,337.60849099359916,1,9
2700,Chennai,827.3131779973842,1,4,17.92011193469083,217.0539746944237,3,0
2701,Mumbai,4055.5911817674873,3,3,1.0330925796715795,261.9113243294541,1,7
2702,Hyderabad,1480.0136079540584,1,4,4.845421733890554,484.25765880425286,1,6
2703,Delhi,3546.670166969046,4,3,14.525162359930954,337.5735183240283,3,0
2704,Bangalore,4114.454554598419,5,4,32.9852241073546,454.3977084667159,1,8
2705,Hyderabad,3028.446303086809,2,1,4.925753673426692,105.8040816661109,1,3
2706,Hyderabad,3833.974430248935,3,1,28.032842675034093,251.95335499767293,2,6
2707,Mumbai,3478.371404967525,2,3,5.9942935412002125,456.1576015256243,0,2
2708,Bangalore,2099.8840871840343,1,4,10.580766367469074,174.85378949188046,2,7
2709,Delhi,4139.863425651044,2,4,8.609426377788138,484.47881511028197,0,3
2710,Hyderabad,1826.156164484876,2,4,3.3614317785405246,66.59719542735557,0,1
2711,Hyderabad,3070.458129881827,4,1,33.56649086932951,453.2821617320177,0,1
2712,Mumbai,3854.289826136928,4,4,23.170177369301726,233.70181859161218,2,7
2713,Chennai,2205.3015941562844,5,4,41.55267204486691,55.39719926775712,3,7
2714,Delhi,1862.4542342784127,1,3,4.944541999115848,442.17036444132196,1,0
2715,Bangalore,2567.057045777702,4,4,7.236646666903612,140.93130195637445,3,5
2716,Hyderabad,4180.835724571191,4,1,15.32288656752253,30.680060237708098,3,8
2717,Hyderabad,4684.647934155491,5,4,38.29329934694041,85.1874106732123,0,8
2718,Delhi,2952.8753578695055,3,1,15.28794115778494,336.37507611188556,0,1
2719,Chennai,3476.5979239564335,5,1,20.42093537493463,489.34951478633354,2,7
2720,Hyderabad,4564.731300075114,2,2,15.080178314858228,73.50182700008807,2,7
2721,Delhi,943.4608313582407,2,1,4.011214590051498,241.73506309988574,1,3
2722,Mumbai,1544.3536003977426,4,2,46.97168114480937,106.7055444548156,3,3
2723,Chennai,3690.050028132121,4,2,27.426949603559443,377.6175363687642,3,4
2724,Bangalore,4206.850078605348,5,4,39.39165940927484,76.6682718856708,1,9
2725,Hyderabad,4356.630627487601,5,2,32.9178546092648,135.12403927082698,0,6
2726,Delhi,2367.982295847197,1,3,25.712713953098753,114.27486447155425,2,0
2727,Mumbai,902.0295603134007,2,1,4.483912832969006,285.2094945761494,1,8
2728,Bangalore,2470.0166478482897,5,3,32.13667726351522,439.1283641603035,3,2
2729,Delhi,1538.305655931742,3,2,7.768517796841606,265.3232965550809,1,3
2730,Delhi,1810.3840474848087,1,4,20.71915846781383,47.9568573303062,1,6
2731,Bangalore,3975.204005768776,5,1,31.455657174021518,290.426686686479,3,4
2732,Mumbai,839.8718871164909,4,3,39.11145002360617,402.81007967264446,3,4
2733,Mumbai,4224.11547866316,5,4,34.252258785430975,83.4349747060749,2,0
2734,Chennai,2424.510886208761,4,2,33.57667645273144,54.90138288540402,2,1
2735,Hyderabad,3182.2876899526777,4,4,7.452110458760375,110.14773322763315,3,4
2736,Bangalore,903.4350405605555,2,3,17.306427003579394,378.1214349543812,2,1
2737,Bangalore,2018.1158526077584,2,4,2.1456136330097078,304.00660137536073,2,0
2738,Bangalore,903.654135566806,5,3,35.973844658823225,279.48543390163945,2,9
2739,Mumbai,4826.946752964993,5,4,47.62929906587095,139.7503494232488,3,2
2740,Hyderabad,4132.6774219681265,3,1,13.205519508953788,179.47356571849252,0,0
2741,Chennai,2568.347394604071,1,4,4.384835458115466,483.6248062128043,0,9
2742,Delhi,1506.21146745652,1,1,23.77850383768268,135.50010883010515,2,7
2743,Delhi,4700.547973624335,5,3,42.83491115637844,452.78980316244247,0,7
2744,Bangalore,2050.6846807713728,2,1,27.598709763588985,298.65512213971357,2,7
2745,Hyderabad,1224.4299425931863,3,4,2.338857509505665,79.18230385819895,0,6
2746,Mumbai,3034.239748042797,1,1,48.7136120263973,244.30994151443264,0,6
2747,Hyderabad,4746.983541551673,5,3,41.43249549813003,475.30338433322044,1,1
2748,Hyderabad,517.2363072514515,2,4,6.579703852575508,220.91148710593214,2,8
2749,Mumbai,1571.5617946429943,2,1,46.089887825175445,434.4255510988939,0,6
2750,Bangalore,4723.014381846834,2,1,22.53441443025943,143.08577343281968,0,4
2751,Hyderabad,1269.886850857229,4,2,18.59489952874706,294.04263286417904,1,3
2752,Delhi,1009.5955323791893,2,1,23.05266652635941,425.0489879369474,0,7
2753,Mumbai,3065.8424710991203,5,2,41.72859784354736,461.93045176145387,1,4
2754,Chennai,4378.297204826735,3,3,32.973983914339286,253.19521623262435,0,5
2755,Bangalore,2646.9941796226676,5,2,2.962422619986377,327.0502890298059,1,3
2756,Mumbai,4975.5391550803615,2,3,47.88021855580855,21.430462775518855,1,1
2757,Chennai,3556.2726479209678,3,1,7.389206673915888,141.54718760642703,3,6
2758,Chennai,833.3370824470148,1,1,37.278397586767554,153.78180979853397,2,1
2759,Hyderabad,4967.744592568889,1,2,31.80682652140655,64.87664559412678,3,6
2760,Hyderabad,2335.524065510857,5,3,9.376402397328043,154.2536064113488,2,6
2761,Hyderabad,1793.3114023046714,3,1,8.536603805652481,174.13857586790678,0,0
2762,Mumbai,3010.456326100485,5,2,43.516379685234604,485.0076989927328,2,9
2763,Mumbai,1869.3841631938894,3,2,20.984746174979858,340.92914266920207,3,9
2764,Bangalore,889.0587820406854,3,2,32.72882570870693,224.48243811984523,2,2
2765,Hyderabad,506.42754385629524,5,1,25.203550192833664,494.2661411338445,3,2
2766,Chennai,2523.1250881411806,3,3,36.36767585379798,93.55151371261337,2,5
2767,Delhi,4265.885400019665,2,1,23.96211875196653,248.5045730866326,0,2
2768,Bangalore,3075.4183353353446,3,4,14.36899576277842,330.5898593835437,0,8
2769,Mumbai,4996.432845245484,3,4,18.16916854982482,46.67870455235697,2,4
2770,Bangalore,1790.8099054124,5,1,42.95388472251713,364.159451879897,2,5
2771,Bangalore,1762.047791420249,1,3,23.40173464613635,67.93632940255515,0,5
2772,Bangalore,1218.872571052749,4,2,10.672466612230464,87.33550812784493,2,7
2773,Bangalore,1238.2861471940082,3,4,46.730269403862664,96.65096598180035,1,9
2774,Delhi,1783.339682045215,4,4,39.83002282491885,465.86711679464855,0,2
2775,Hyderabad,4067.780203730872,3,1,2.7833073028099564,347.95306166632054,0,8
2776,Chennai,4575.9055578640155,5,4,49.94714809902589,334.60520052949,3,6
2777,Bangalore,4887.8922636845655,5,4,34.74633482200512,286.6368783031962,3,5
2778,Bangalore,1545.3034434340368,3,2,8.013329952029347,160.54687937364935,1,0
2779,Bangalore,4465.838955263413,5,2,11.858384064929822,318.0270582076887,2,3
2780,Hyderabad,1977.1479017480167,5,3,34.622274062077345,216.8718655465471,1,4
2781,Mumbai,1007.7824503259799,3,4,38.9880527639561,89.79975204445515,2,1
2782,Mumbai,4415.112164840745,1,3,11.951797157490308,351.0066993573119,3,0
2783,Delhi,3362.4753558962834,3,3,12.848442694963541,82.19944060636291,2,1
2784,Mumbai,1241.2890323647778,1,2,15.356034743603042,111.52091889016316,3,7
2785,Bangalore,2434.2406588085114,5,2,29.900918241831835,412.4956696868508,0,9
2786,Bangalore,1792.6596269468043,1,1,8.590808915063846,336.85620614007394,0,5
2787,Bangalore,3815.5755591958864,5,2,5.212159944238875,322.87575402254834,2,9
2788,Delhi,2540.373037809206,1,3,33.94320445427568,220.73733648450755,3,1
2789,Bangalore,4951.759752978733,1,4,38.95489698965851,210.21464875489815,1,8
2790,Mumbai,746.352420168178,3,3,25.046470220825274,351.32605240899255,3,7
2791,Hyderabad,2097.56869761311,1,3,18.191635513419268,375.20265853234196,3,3
2792,Hyderabad,2668.5507519948983,5,3,21.60213567632382,264.9023371348691,3,9
2793,Chennai,2764.100996367439,3,2,19.420391693597594,485.2492372872926,0,6
2794,Mumbai,1921.7112007353655,1,3,47.99924541188376,478.73578828105855,3,2
2795,Bangalore,3781.5811209390563,3,1,38.40449526095701,217.96615520612414,2,5
2796,Hyderabad,4436.361830700386,4,4,10.404360742505514,413.89868205591375,0,2
2797,Mumbai,4724.236858900384,3,2,19.209457602699004,280.76856396723934,0,9
2798,Hyderabad,4122.920195597868,4,3,27.20061456815549,265.6428260274438,0,2
2799,Bangalore,4327.610887879697,4,1,30.649293103184423,46.38274946175288,3,8
2800,Hyderabad,2977.45385278998,3,4,23.409194801438353,295.5078610247889,1,5
2801,Chennai,4216.497018920665,5,3,40.50633175059796,452.277406670319,3,7
2802,Chennai,1865.767591165785,5,4,38.380300972911584,394.4642476136442,3,3
2803,Hyderabad,2293.1544294914647,5,2,25.257895931408335,397.43222945564577,1,3
2804,Mumbai,1926.1085621834493,2,2,42.72146933908652,96.76593851664282,3,7
2805,Mumbai,2603.2430095156647,4,1,37.554476522119295,192.05573462411056,2,6
2806,Mumbai,1785.1082730738638,3,2,38.929092436032164,131.9383599921132,1,4
2807,Hyderabad,4827.25149014501,5,1,47.82003897167083,171.63933557870524,2,1
2808,Mumbai,1907.8008260255067,5,3,13.323347060460133,298.1788848769882,2,5
2809,Bangalore,941.2004214992292,3,4,13.38240811834246,195.096230417719,0,0
2810,Chennai,2870.6772472268603,4,2,44.447612784532005,289.1349523828477,0,6
2811,Bangalore,756.9458530032937,3,4,38.611318669283975,230.48059917179697,1,8
2812,Mumbai,997.4442483886123,2,4,46.32727707178137,157.57546805586927,3,4
2813,Bangalore,1487.2522513831082,2,3,3.156508016222653,65.79364841847614,2,4
2814,Mumbai,2589.5761244696378,3,3,31.38785386307983,448.08245952549566,3,6
2815,Hyderabad,2449.6291953906257,4,2,7.231416906172372,25.45921568223136,2,4
2816,Bangalore,4098.6133790125605,5,3,25.19485991462913,20.79319430814616,0,9
2817,Hyderabad,3827.63594247851,2,4,7.787346592672212,416.8629150865021,0,3
2818,Hyderabad,2418.432322958156,2,1,6.403925449243964,498.4692513563792,0,0
2819,Delhi,2001.6689340903347,4,1,0.6084172691016576,369.009357302555,1,5
2820,Mumbai,1924.1095282767437,2,1,31.511940619145218,27.331442270184674,2,8
2821,Chennai,3982.9778928230407,2,2,17.951130834504305,128.81130880088642,3,3
2822,Mumbai,734.3258279957138,4,3,5.2594142439485845,486.4748961257414,2,9
2823,Chennai,557.6974227977262,3,3,16.141888886565493,408.1300410434407,3,3
2824,Mumbai,4079.949763669916,5,3,8.447204572579247,292.0639250262613,3,4
2825,Hyderabad,2647.1586919507217,5,3,47.08474157508297,133.6931405313723,3,5
2826,Bangalore,1088.9651234910918,2,4,16.000244288067407,26.89769884483951,2,2
2827,Bangalore,1560.0467056752557,5,1,16.697676164469495,30.013506865956323,0,8
2828,Delhi,4696.267788938221,3,4,41.99290016997928,313.7508144945088,1,0
2829,Chennai,4367.76339031204,2,2,32.38778806430021,30.479300649163097,1,5
2830,Chennai,3694.0327260078766,5,1,35.508580370150064,496.9424681241789,0,5
2831,Chennai,2670.0135365179694,1,1,31.80009019944803,108.02424007699429,1,7
2832,Hyderabad,2841.4563178612357,1,4,47.30981419742827,361.1395336972531,3,4
2833,Chennai,4888.600408777814,1,2,10.350041577902259,94.42866627795844,1,8
2834,Bangalore,4845.966997479292,1,2,49.45196208778979,279.244842126903,2,8
2835,Hyderabad,1468.7107060362541,1,1,41.54780887782566,58.69341846378443,0,1
2836,Mumbai,4149.970548373932,2,3,29.448629443817108,388.05364377595674,0,4
2837,Chennai,1387.5919977515755,4,2,33.11858121981245,300.7621254679182,0,6
2838,Chennai,1460.9186504777813,4,4,32.441293825030705,61.36001283267922,0,1
2839,Mumbai,3542.4186537405953,2,2,2.9198112029576953,427.3213708160026,2,6
2840,Chennai,2322.5049436439676,2,1,10.90082492659693,282.56893509281696,3,8
2841,Mumbai,4691.949831979341,3,3,48.07354422623746,462.3643088063926,3,7
2842,Hyderabad,900.5438070320397,4,2,26.718221442968964,459.9792193654941,3,9
2843,Bangalore,2801.865383642719,1,1,18.9176801630956,461.8437389535596,1,8
2844,Mumbai,4633.346886994045,2,2,38.10192316945375,57.33689609622463,3,3
2845,Delhi,4568.511472157774,1,3,26.225947132790477,78.05972564217126,1,7
2846,Mumbai,1204.3814603708356,4,4,0.6581385715948795,494.098788663775,2,8
2847,Chennai,2149.869650434054,5,1,36.811879835755896,254.04839427137887,1,9
2848,Hyderabad,3286.0463002101333,5,1,36.61087800264306,134.34274535799088,3,1
2849,Hyderabad,1217.2769814713097,2,3,8.25743560549872,389.43895447935586,0,9
2850,Mumbai,4856.099774205824,3,1,47.83300442121067,146.85690618199135,2,2
2851,Bangalore,4616.371979274471,1,3,11.195406577055717,369.0635302489483,3,0
2852,Delhi,1251.2758056551113,2,1,22.887468369109964,421.89717336788533,3,0
2853,Hyderabad,1045.1995756744345,3,3,5.736798063045734,396.4464211017347,3,9
2854,Chennai,884.3381726371938,1,2,30.16411597252942,151.54294793500898,2,5
2855,Chennai,4592.49648816484,4,2,18.772556002860625,212.7769155580338,0,0
2856,Bangalore,1371.3071440795734,5,2,17.658673110485275,218.36048155197264,0,4
2857,Hyderabad,2373.2821784495964,3,1,41.348843861047364,255.81100069014647,0,5
2858,Mumbai,2519.8311454340137,1,3,0.47808564252391217,100.3389687392653,3,8
2859,Chennai,3195.5496989610538,2,3,39.89733854462113,237.18562419888434,1,5
2860,Bangalore,822.8090468634123,1,4,28.572428287403934,265.17583544743025,3,3
2861,Hyderabad,1520.4137783023218,2,2,49.30492567400995,275.22031835890516,0,0
2862,Hyderabad,4691.706741135167,5,4,29.47216103021245,413.55220639254,2,5
2863,Hyderabad,4587.8454827085625,5,2,2.768956707397896,268.3205592701577,1,6
2864,Hyderabad,4015.807913325615,1,4,2.532266322186316,130.7762828065641,1,4
2865,Hyderabad,587.3056052819695,1,2,44.157649318591595,338.3017943572098,3,5
2866,Chennai,1971.5304582324595,2,3,42.06070727555266,402.71078916158007,2,9
2867,Bangalore,3325.814309043085,2,2,17.294503779101163,173.29839989036566,1,7
2868,Hyderabad,1738.3559529806405,3,1,30.90162420905686,329.7468459284505,0,0
2869,Delhi,4593.140127741997,3,2,24.479567852780015,90.53023805408607,3,7
2870,Delhi,3352.5025782459884,3,2,48.35820275680261,184.12462619747075,3,1
2871,Bangalore,823.5802279240052,1,3,47.49804504384458,456.4274861838244,0,1
2872,Mumbai,4590.525149760664,3,1,49.191950427038726,457.42791831803396,0,7
2873,Mumbai,4809.949961793001,1,3,43.32243903171321,296.1557977966705,0,1
2874,Mumbai,849.7058827627648,5,4,45.477579538755066,357.1287012152512,1,7
2875,Delhi,2895.621056875917,4,4,10.86393893835682,429.92739929885187,2,4
2876,Mumbai,1865.139269963767,5,1,41.550339449488725,480.10552895006083,1,8
2877,Chennai,2267.775844166311,1,4,35.44285566021374,255.14549133908935,2,8
2878,Hyderabad,1308.4304807990384,1,1,48.13932544140351,289.5563535804965,3,7
2879,Delhi,3101.3244590558566,4,2,28.56309142213097,219.50795199095853,2,8
2880,Bangalore,4810.907089620007,2,4,4.258358335527817,54.5513297870858,0,6
2881,Bangalore,2763.826701222241,2,2,29.86994455935765,222.94566677543284,1,7
2882,Hyderabad,873.1156162751652,2,3,34.32904640106439,399.50112290387705,0,5
2883,Delhi,3290.0060006483377,3,4,11.016051435621415,406.3450390359337,3,8
2884,Mumbai,2031.0034750306565,2,3,19.70566917563642,448.34101500478386,1,1
2885,Mumbai,4351.66335316084,3,3,29.925170702583998,44.70401848446515,1,2
2886,Chennai,2456.051667424116,3,1,18.705286865825276,273.03420299870425,0,1
2887,Chennai,1367.7782402401053,2,3,18.747385861933196,71.5637542097966,1,5
2888,Mumbai,1359.9753021101524,2,1,6.65433195863987,116.3562479195568,0,2
2889,Bangalore,3959.438813245222,4,1,47.0373361538833,452.1039211426911,2,0
2890,Bangalore,1695.1441923831196,4,1,37.524719224754826,258.459804046254,3,3
2891,Chennai,3952.5502737165034,3,1,0.06217194330510045,384.10156203037457,0,4
2892,Hyderabad,1426.4928984496973,4,1,38.28066420110826,50.90437084576679,3,3
2893,Mumbai,1947.5886591558924,3,2,36.98974963289294,220.07672188392894,1,5
2894,Chennai,2594.691375978647,1,1,0.4865480077761497,343.6353347188821,3,2
2895,Chennai,4744.381323620528,3,4,18.48021488068823,84.03511101354239,3,9
2896,Mumbai,4692.791411392211,3,1,30.337384516276533,176.39258197072792,3,5
2897,Mumbai,1430.9234394002951,4,2,22.637532592901792,50.982946411463956,1,9
2898,Bangalore,2111.985685593828,1,4,38.899305936025364,332.643171617365,2,0
2899,Hyderabad,1172.2972480419753,5,4,21.2729166317217,486.0278043478969,2,5
2900,Hyderabad,2794.932856910737,5,2,7.693148472691852,416.98183574855824,2,7
2901,Mumbai,2572.6214781259996,5,4,48.820781213691426,487.8190960676315,0,9
2902,Delhi,4553.420731028296,1,2,12.10199963880233,425.89030164723033,0,7
2903,Chennai,4685.024200059826,2,3,35.884615527066615,430.4939869745498,1,0
2904,Chennai,2226.053259532814,1,3,7.157815583203597,297.04505377824444,2,6
2905,Mumbai,2712.8207435854524,4,1,16.450630689196633,268.76110947834076,3,9
2906,Delhi,4533.063121157598,3,1,22.10138042152119,215.00204788535723,2,9
2907,Bangalore,4130.185134852776,3,1,9.611600226353195,412.6855496220224,0,3
2908,Mumbai,516.4534010509218,4,1,22.497978818430475,107.3924538934518,1,5
2909,Mumbai,1940.2680388261213,4,2,7.8581411495874995,46.987959595612736,2,5
2910,Chennai,2397.9840887125665,3,3,27.950326949294507,474.989034888644,0,4
2911,Mumbai,1533.7232765745428,2,2,33.1856626260097,21.813528897668988,0,9
2912,Mumbai,1398.0722715317243,2,4,3.1217142014005383,488.87807450040884,3,8
2913,Mumbai,670.0302796805585,2,4,43.55660605410841,369.8496175394076,2,9
2914,Chennai,3395.1637628139224,4,4,9.257044252101776,177.67948145495725,3,7
2915,Bangalore,1681.2963071742454,3,4,11.26812126601619,354.9535246814289,2,5
2916,Bangalore,735.5623029409089,3,4,33.067492004153145,412.5800754488611,1,3
2917,Mumbai,1539.4068973762865,3,3,23.437553021720703,137.77378687348923,2,3
2918,Chennai,4108.6127877625695,1,2,24.969779958553286,390.0299279741993,3,8
2919,Bangalore,4331.70131740946,1,4,6.407749228156634,406.0974200039553,3,3
2920,Bangalore,2673.798103369862,5,1,40.28679109382041,139.69022246016578,0,6
2921,Bangalore,2372.3180168390877,1,3,30.8527123052105,40.124650101432096,2,5
2922,Chennai,4900.341620758018,2,1,6.769102165472801,117.97869658788687,2,1
2923,Chennai,1402.5409681463145,2,3,18.6999683512798,116.31027626690934,1,4
2924,Mumbai,1469.116772845738,2,3,40.52049663675151,51.31541800423193,0,2
2925,Hyderabad,1813.4022966637988,2,1,28.417752299331035,368.483544634494,3,8
2926,Bangalore,1277.407932264893,5,1,5.432438956646523,202.38796374003593,2,9
2927,Hyderabad,2207.1451919188394,2,4,18.638852289464335,444.505360377852,0,0
2928,Chennai,4598.754021453892,4,1,12.13471992278673,141.04213071928928,1,9
2929,Chennai,3269.0652828285843,4,2,25.873277682686318,237.55143924796513,0,3
2930,Chennai,2353.7594687551864,4,3,42.168056443599475,326.72836588484614,2,3
2931,Hyderabad,4704.848575570467,1,3,21.81335674022099,441.18317584245347,2,8
2932,Chennai,718.0890461412005,3,4,21.667101518416153,271.8181287772999,1,0
2933,Mumbai,1446.242800558376,5,3,45.26754511635185,199.29182134994375,1,1
2934,Chennai,3046.4987229579156,4,1,28.80927062536362,436.16723766656423,1,0
2935,Delhi,3269.9868043693064,4,3,28.309554369870344,168.91828385005306,3,0
2936,Hyderabad,678.0087795317592,2,3,13.09549459376947,58.12337582363669,0,0
2937,Delhi,2313.674410582095,4,1,30.386137391856316,233.6202116049152,0,2
2938,Chennai,3421.192841738927,2,1,28.79552337086982,396.84478711903614,0,3
2939,Mumbai,3641.3174588153074,2,3,19.8425735170932,34.774799241691085,3,9
2940,Bangalore,3371.629561323212,3,2,49.534778294959025,301.22347759500417,0,1
2941,Chennai,1942.5345096241604,1,1,44.09454824740433,305.34274329307334,1,0
2942,Mumbai,920.8405561905928,2,2,37.479314503840776,465.7000464451432,0,4
2943,Hyderabad,2422.006008887003,2,2,26.867279420650025,157.50311222961048,3,5
2944,Delhi,1079.3949681562497,3,4,23.102990094731513,153.84157434113416,3,1
2945,Delhi,4764.306463343002,2,2,9.244869761159968,231.43215264304553,0,2
2946,Delhi,2638.268897101827,5,4,15.286873700731185,191.3191527063273,3,9
2947,Hyderabad,1927.6662846059041,1,2,38.69803999116051,373.4460140908769,3,2
2948,Mumbai,3948.3683200350506,5,4,22.687447696877573,328.0409970231438,0,1
2949,Hyderabad,2740.7686666201876,4,1,44.11347582847507,384.28209819500785,3,3
2950,Delhi,1895.1531080560253,1,3,7.3955568172764385,413.6200597753708,3,4
2951,Chennai,4153.854840758608,4,3,25.417354800681824,463.0309437123909,0,7
2952,Bangalore,4402.184679505049,2,4,32.34828420106544,226.84963125663086,1,5
2953,Hyderabad,3528.5367482990464,3,1,25.842422815396297,492.6547469463438,1,8
2954,Hyderabad,711.3399008345028,5,4,44.46134457924936,123.51719043375331,3,2
2955,Mumbai,3048.4529607493946,4,4,49.47816409145699,362.8952777347177,2,9
2956,Mumbai,3934.8271039877673,2,1,5.7917329170684875,276.32447230745083,2,8
2957,Hyderabad,1114.2635543761198,5,2,6.49774520384605,412.11228544874405,0,3
2958,Delhi,1529.018381230715,5,2,6.516205678006054,248.8498498910845,0,7
2959,Bangalore,4471.227972806614,4,1,34.05885480352638,396.290544973967,1,9
2960,Mumbai,590.5477483388331,2,4,18.633804774791894,466.48098303088545,2,6
2961,Delhi,3887.272120216892,3,3,36.665733063295306,371.5012477472419,0,6
2962,Chennai,2631.979816314903,4,4,20.273573644348936,392.5252573847957,2,8
2963,Mumbai,2510.474714778231,5,2,31.38033606660318,52.24420700761094,2,9
2964,Delhi,531.9343962269922,5,1,38.49290028394468,118.37967787149469,3,1
2965,Delhi,4187.292039349218,1,1,27.41079553274603,487.665795441725,3,4
2966,Bangalore,2119.212052864549,2,1,26.975179522500305,352.72976181794934,2,2
2967,Bangalore,2933.445340852443,1,2,4.411716264281723,289.49552830928224,1,6
2968,Chennai,3547.8530885104674,3,4,20.53908714547174,196.14865923029603,0,2
2969,Delhi,3661.833093970621,4,1,27.28885766124688,41.3067205793206,0,4
2970,Delhi,4801.910264717325,5,3,23.0990412833205,197.1852358227848,1,4
2971,Bangalore,2891.029789564741,2,1,45.039100009421276,259.47817917899647,3,1
2972,Mumbai,2298.737979384924,5,4,45.326531605974466,121.50056450570563,3,0
2973,Mumbai,4791.666319212685,1,2,41.095869029438084,103.10565981143961,1,5
2974,Hyderabad,3389.496057614845,1,3,18.764903768655998,264.0399446516081,1,0
2975,Bangalore,1841.6766032445003,4,3,35.86495758437672,301.2340331012211,3,8
2976,Hyderabad,1069.0891043160702,2,1,19.76442305348049,135.16060105017192,2,9
2977,Bangalore,4291.495256593316,2,4,11.629679948787953,301.94694773898226,3,4
2978,Chennai,2129.817212573682,4,1,17.14513217754408,452.1631826596616,2,0
2979,Delhi,3472.1137461399403,1,3,3.5482316642767744,247.12316385024982,0,7
2980,Chennai,2618.673887146542,1,1,16.58887545023236,431.54728140184704,0,0
2981,Bangalore,1395.1840090776725,1,4,23.03711086305858,465.09029337599287,2,3
2982,Delhi,3207.5897387920927,5,2,47.7740447390415,64.34913388980114,2,6
2983,Mumbai,773.0738102780704,3,3,15.670529310981246,65.98955823526255,3,3
2984,Mumbai,2360.0410694203647,1,4,45.12267696027603,248.50120778604867,1,4
2985,Hyderabad,2959.76722848652,3,1,11.442913791174853,302.2891732724973,2,6
2986,Bangalore,2462.211383533606,3,3,9.548444887962471,224.42406294321404,0,3
2987,Bangalore,3869.0247886294587,2,1,25.949772821608246,176.69636980040144,3,4
2988,Mumbai,4225.662295453906,4,1,33.6255684648703,327.67717574055484,0,6
2989,Chennai,3970.593833149301,5,2,2.2166125401140713,20.999125927961728,3,0
2990,Delhi,674.6582651531095,3,1,11.053293252360834,484.6751748145964,1,2
2991,Chennai,1373.579467006875,5,1,22.784183325065822,131.39796233025064,1,0
2992,Chennai,2914.7337916869847,2,4,16.550216799159074,460.20740891984343,0,2
2993,Mumbai,4706.699181997105,1,1,35.63105396741609,72.32707737656287,2,1
2994,Mumbai,4257.305487734526,3,2,25.55802980206584,134.28184738139484,2,4
2995,Mumbai,4291.405287583108,4,1,8.017955280195011,132.73937652200019,0,9
2996,Hyderabad,1864.436871918537,2,1,44.72326896575453,498.1533940163102,2,4
2997,Chennai,2432.515536854162,5,1,14.645283774167977,22.20826194842452,2,9
2998,Bangalore,2618.1767629217184,1,3,36.556555448221175,327.026340465678,0,8
2999,Delhi,1208.1721250745968,5,2,38.99578895527049,437.4495589092094,0,7
3000,Hyderabad,639.8065861000534,4,3,48.15788501280511,342.6913539318736,1,2
3001,Bangalore,4761.063047572326,3,2,24.92537332620507,194.1122327441332,0,0
3002,Chennai,1583.2066354857802,4,2,30.79177577322161,479.98849409740876,1,4
3003,Mumbai,1579.7700667563408,5,4,16.743814673976686,448.8899622027397,1,2
3004,Chennai,875.205741959418,5,3,33.908964670603325,228.29836171976854,3,4
3005,Delhi,4678.284883747004,4,2,23.169174293315987,295.19767645335844,2,8
3006,Hyderabad,3108.817017228974,4,2,21.882618236221113,484.40921014651553,0,0
3007,Hyderabad,3501.6658570640925,4,4,42.77337645580527,491.62897372470565,2,0
3008,Delhi,4602.095992683737,1,3,2.508442174934433,235.91517234461708,3,8
3009,Bangalore,2055.2907600535527,5,1,44.09812139159342,426.7280135086825,0,2
3010,Bangalore,3296.7829001213786,2,4,42.60349189142785,164.95050893788945,0,9
3011,Hyderabad,674.5975462799936,1,2,25.318312678089455,198.47017900671904,3,4
3012,Hyderabad,1340.4763770400818,1,3,24.510142710281414,99.11450383530861,2,8
3013,Mumbai,4240.606122904741,1,2,18.09036840177451,120.40860453283054,1,4
3014,Bangalore,3950.457603522511,2,4,49.70868958408672,335.29918508449225,3,2
3015,Delhi,2077.892111557161,4,4,5.558466637692061,265.1751766433988,3,8
3016,Bangalore,2195.647824983956,5,3,29.51076178143035,130.9432931002894,0,6
3017,Mumbai,2900.9949509911075,3,4,34.08407950562085,213.39661585359323,1,6
3018,Hyderabad,501.08452108310547,3,4,46.716500410847225,199.12806073456724,3,7
3019,Hyderabad,1585.5995121711253,5,1,39.010174842838076,493.9328981769604,2,4
3020,Mumbai,1437.043138736965,2,2,32.19236014057734,429.7116018614621,3,1
3021,Delhi,1627.1732603739356,3,1,5.840615840606134,206.22384002423564,2,8
3022,Hyderabad,4126.576291400486,1,1,18.68667584157337,458.67995787009585,0,2
3023,Chennai,1758.5323544589942,3,3,6.942082127399263,184.46498798152214,3,1
3024,Hyderabad,1361.8459492256666,5,4,44.060636623275684,340.5927261127325,2,9
3025,Chennai,2769.1855735686418,1,2,37.48105777818215,483.991998407414,0,9
3026,Mumbai,4395.402663677294,3,2,37.87683933986146,207.3338547145051,0,4
3027,Mumbai,1586.0736672687494,5,2,32.61282588867721,346.3447832503682,0,7
3028,Hyderabad,853.413092567594,2,4,25.352176846835484,162.04342931006394,3,2
3029,Bangalore,2103.821311323491,5,2,7.49855297317486,147.82991148702783,0,5
3030,Chennai,3864.4332105424,2,2,16.48474433525259,295.59519988714493,0,8
3031,Delhi,2978.1074511265756,1,4,6.845789623844528,490.04700705594473,2,1
3032,Hyderabad,4175.570163084563,5,3,36.24565714261716,237.50424738568157,0,7
3033,Delhi,4818.164664241553,4,2,8.011438801100251,470.06574575195873,3,9
3034,Hyderabad,4066.9811453822767,4,4,35.10567750858428,458.8944897174856,1,6
3035,Bangalore,3217.1138547968903,4,1,34.61276947979523,141.8060539255975,0,2
3036,Bangalore,2720.037146235712,4,4,22.965223949564447,212.87331540047714,3,0
3037,Bangalore,680.3108885672,4,1,6.761432705902615,328.7851896772079,0,5
3038,Bangalore,4929.448904663186,2,4,15.740041306701835,268.662024517468,3,1
3039,Mumbai,2225.6650515876913,5,2,16.004655453777573,66.06009433432368,0,2
3040,Mumbai,1185.0269626259005,1,3,35.01925665716467,496.975054461036,2,4
3041,Chennai,3500.1898492840555,4,3,5.687150970686217,381.2739205814144,1,7
3042,Delhi,1779.297300929567,4,2,41.45343231080454,230.09313834786164,1,1
3043,Hyderabad,3136.002219189714,1,1,38.0503645092957,316.7209038398198,3,5
3044,Hyderabad,3140.4555853006605,1,4,9.315345908713695,62.03495228779046,3,0
3045,Mumbai,2505.7841940629114,4,2,35.95821908894447,257.7447937710128,1,6
3046,Hyderabad,4262.533769952692,2,4,33.42565907339109,466.79955959239413,2,3
3047,Mumbai,1692.3517769994937,1,2,37.406040005546316,450.36845986638957,2,0
3048,Chennai,2518.8466622798037,5,2,9.446427772434724,181.9428058319099,0,8
3049,Delhi,2919.6145786593715,5,4,7.879516107823431,275.0565746342426,2,8
3050,Chennai,3486.3112434528484,2,3,11.82419929613771,354.7440915620705,1,2
3051,Bangalore,4027.873327275153,3,3,18.29358515744878,183.20444811579455,1,5
3052,Bangalore,2276.632772952152,2,1,39.68324905179006,51.142024685090476,2,6
3053,Bangalore,3407.211248434682,4,4,36.8961968739425,262.61199522454626,2,3
3054,Chennai,1177.7492888083361,3,1,46.27257961392666,308.7851531952015,1,5
3055,Hyderabad,4696.9164524411535,4,2,2.9314779549307723,22.80396805832492,1,8
3056,Delhi,2223.764628894516,5,1,0.5778140507092799,65.8761792984947,1,9
3057,Bangalore,3782.846398893973,1,2,34.956941485039955,119.4995089251931,1,5
3058,Bangalore,591.5348684697994,4,4,13.964374789708284,187.0650977556484,1,6
3059,Bangalore,1423.3421430716314,5,4,16.703944776690875,279.7045869586786,2,5
3060,Delhi,2691.871449456101,2,4,27.34010129572561,161.04460100463933,2,6
3061,Bangalore,4452.13610479556,4,4,5.120656156339925,152.5682309151218,0,0
3062,Delhi,2872.648174778047,5,1,32.13472082740248,437.28768503027925,0,5
3063,Bangalore,4684.417170322456,1,2,16.25737231155751,89.6243075846846,3,8
3064,Chennai,2677.0860346225836,4,3,31.635756215049582,257.82086392273294,0,2
3065,Chennai,2707.020935311775,5,4,41.70034565366929,477.35586412934526,2,5
3066,Delhi,1038.8605482523935,4,4,8.555566666871483,320.006359575702,0,3
3067,Chennai,4111.9530986849895,1,2,46.543654645726015,364.2586303493305,0,6
3068,Delhi,1611.3443561017812,4,3,26.534407053122187,226.99375586749142,2,6
3069,Chennai,4548.256202175418,4,4,46.146388258698416,29.567440217465393,1,8
3070,Chennai,4598.708991486783,5,3,10.386504110088907,330.1425768162586,2,3
3071,Delhi,4744.895503433674,3,4,30.228133230211878,323.3236550854996,2,7
3072,Hyderabad,2841.037200963905,4,1,20.194355866180235,73.00526550239988,3,7
3073,Chennai,3546.9220315263997,3,1,38.71110955780066,241.83666253982312,3,7
3074,Bangalore,4003.3214602774856,2,3,30.295447160664818,459.35789343951217,3,7
3075,Hyderabad,1089.5657839270953,4,2,24.725772847915923,118.44071934654806,1,5
3076,Delhi,3204.3073774887375,3,2,45.64927032155043,241.32740222437295,0,7
3077,Hyderabad,654.3405558649025,2,1,18.855853208584012,241.3295288962498,3,5
3078,Mumbai,2739.047375249266,5,2,10.999010244909075,409.1655047108664,2,9
3079,Mumbai,1196.7920672910234,4,2,30.405059342604584,415.7964177581334,3,1
3080,Chennai,1323.153166829381,5,2,31.20142185864069,384.4493214384281,2,2
3081,Chennai,2142.714050116707,2,3,21.95473107859377,195.4179964103714,1,5
3082,Bangalore,2445.967250224264,5,3,24.330502184469115,54.577724008889646,3,6
3083,Hyderabad,3304.2759103948424,5,2,47.977670714995,187.75182906752678,2,3
3084,Mumbai,834.9278829733205,1,1,36.63428456984006,346.29977661024304,0,0
3085,Chennai,2766.612925568501,2,2,5.53008757412885,357.3183557547567,1,3
3086,Hyderabad,1321.813086138955,5,4,10.606503543530549,483.20010054882516,2,5
3087,Chennai,3082.8882876428383,3,1,48.77883172177795,237.74779109298007,0,7
3088,Chennai,3368.3207551753258,2,3,36.323277689676566,323.56907981133935,0,3
3089,Mumbai,3005.1916544878422,1,4,45.752256307232656,278.8116179468152,2,9
3090,Mumbai,3822.3297971523843,4,2,15.193073199436103,92.29690885435394,3,0
3091,Chennai,2010.241599084056,5,2,37.09334300432962,241.3771866234253,0,4
3092,Delhi,3942.979662349089,3,1,35.70013542617557,281.5208742507172,1,6
3093,Chennai,2447.4518676868715,1,1,14.734499271968755,476.3598109002841,0,5
3094,Chennai,2678.8302424516855,2,2,27.540816272535267,195.93874611629892,3,2
3095,Bangalore,3416.459572674821,5,2,31.370755563514763,490.4475694918293,1,6
3096,Bangalore,582.6127279965078,1,1,24.05659054137325,280.30403553156054,1,3
3097,Bangalore,3442.9739963911175,1,4,41.358935332900636,136.3852367854676,1,4
3098,Delhi,3283.6331708245193,3,3,41.643452089899476,111.99890576758774,2,6
3099,Delhi,1894.3120253897596,4,1,42.53002741507784,88.01356028491125,0,1
3100,Chennai,886.0742820477026,4,4,40.171178454908144,237.40777787525744,3,3
3101,Bangalore,909.2095246086851,4,2,24.40417385985723,30.52468629868315,2,3
3102,Delhi,4654.506861433529,2,3,19.07191490745036,233.62173599113538,2,5
3103,Mumbai,3601.756945516267,1,4,41.56881418571853,494.4342522348542,1,6
3104,Chennai,1071.9617619683318,2,3,24.510072927813344,341.65126194668795,2,3
3105,Hyderabad,2105.254261890079,1,3,12.318569931399093,384.69733817619425,0,9
3106,Chennai,3166.1734725571837,3,3,25.367176616110815,77.12258754476602,2,0
3107,Hyderabad,4260.07267290792,3,4,7.092491095962106,247.0884135152436,2,0
3108,Bangalore,696.4741792085383,2,4,34.581474529939946,157.38708849234268,1,4
3109,Hyderabad,1564.84909161504,2,2,16.79606408119532,449.1668134347341,1,0
3110,Bangalore,4503.87045632921,3,3,13.032939922372716,107.02038656667801,2,2
3111,Mumbai,541.2449758271741,5,1,47.825437311737254,240.19199702563614,1,8
3112,Hyderabad,1406.2959625724934,4,1,38.84404978791538,302.2629048059061,3,2
3113,Chennai,4815.608791878347,4,1,39.35347513619658,266.7397239576957,3,2
3114,Bangalore,3260.30830934977,3,4,31.186098463959173,418.5168934257955,3,8
3115,Chennai,1677.521149868779,4,2,41.95864052551486,131.09752223342738,2,4
3116,Delhi,801.4599247813142,5,4,37.95812405816906,201.1477330033718,0,7
3117,Bangalore,626.8610320124997,5,3,29.938685206680827,400.2004623554972,0,9
3118,Hyderabad,1601.3528583661728,1,1,48.05622009258587,273.4742776336663,1,8
3119,Bangalore,4466.686188150097,2,4,9.579747484221151,213.0163451110195,0,5
3120,Chennai,2371.6114443387924,4,1,47.168985949737554,34.13240707751912,0,6
3121,Mumbai,3741.5001612469687,5,4,20.071908099943247,381.6250035274925,2,6
3122,Bangalore,4632.28265920981,2,1,26.419949170074332,486.6473974240449,1,6
3123,Hyderabad,2336.182077212675,2,3,6.136965977215447,317.7377645544848,0,3
3124,Delhi,1360.7481696682867,1,1,27.005371946089546,431.1397859306214,3,1
3125,Mumbai,2827.0306888561377,2,3,30.56033759290967,268.1003567335646,1,1
3126,Delhi,4586.376591769345,2,3,49.8850770904262,131.20686340321498,1,6
3127,Bangalore,4119.684863619653,3,4,48.759620553576326,26.932210032869826,1,9
3128,Chennai,796.234295134192,1,4,48.319864593714364,333.63116844319484,3,6
3129,Chennai,3616.5776003491183,1,4,17.41940300510287,256.69224715915743,0,9
3130,Hyderabad,3073.538851065292,4,3,49.563324937252176,395.4071106020487,3,6
3131,Chennai,4583.584293558915,2,2,22.77390757975554,353.4475603689462,1,7
3132,Mumbai,1051.1663758263376,4,2,42.591812938095025,494.2171367391511,1,2
3133,Chennai,2903.162509420955,5,3,10.8159984509486,264.9500400377791,2,4
3134,Hyderabad,4457.582120803516,2,3,25.291658982830118,225.0438990430445,2,5
3135,Bangalore,2345.1070403378435,5,4,48.30060480638027,157.63505093086158,2,7
3136,Bangalore,2668.977129797902,3,4,47.35156984617138,248.89342005981175,2,7
3137,Chennai,817.0730495013123,2,4,34.18674389107134,438.9783094990026,1,9
3138,Delhi,1751.6463820200986,4,2,39.89071612765299,40.37106838003581,3,2
3139,Bangalore,1960.279921260263,4,2,8.82133483012007,489.3920226973706,2,3
3140,Chennai,4753.051019351991,2,3,36.08292747420787,496.78745326774305,3,5
3141,Hyderabad,1772.0031224352156,4,2,30.902540416768616,306.9542617221928,2,3
3142,Chennai,2573.909308713434,2,4,4.577586787562304,179.14121777379268,0,9
3143,Bangalore,3520.869906039259,1,4,5.657950329483813,127.06350479457143,2,3
3144,Hyderabad,1229.8251758354481,4,4,5.422180887563094,152.7153899287418,3,4
3145,Chennai,2688.990742138435,2,4,36.21784674149178,44.05060472238649,2,9
3146,Mumbai,3823.425677641584,2,4,7.085760412378622,248.05326007201222,0,6
3147,Hyderabad,4400.848458621796,4,1,23.386613555723525,47.5156500149148,3,1
3148,Mumbai,3318.1667359809203,1,3,17.849090293887887,364.8676230924441,3,1
3149,Delhi,3510.7408189262655,4,3,27.525207038510892,198.52613865576996,3,9
3150,Hyderabad,1068.2756266305603,2,2,35.32382436097014,115.69507123863832,1,8
3151,Mumbai,4755.994237608562,1,4,34.2361268610666,281.5297077612984,3,3
3152,Bangalore,1096.5833486801707,5,1,25.77599579571883,487.4044674766466,1,4
3153,Bangalore,3986.028217318092,3,4,23.216743680519276,353.6629035288408,0,2
3154,Delhi,1691.6734480024347,4,4,19.890779756112938,256.0384880499969,3,1
3155,Hyderabad,4701.169146655632,2,2,43.09549741521897,392.918863642163,3,9
3156,Hyderabad,3739.8179271626577,1,1,16.542590243632247,373.9887065115146,3,7
3157,Hyderabad,3892.16170840266,1,1,12.968291058374742,448.03302130774097,0,3
3158,Delhi,1485.7662787694749,5,3,37.16577468276356,118.24109484509479,1,0
3159,Hyderabad,2493.6798948582236,4,4,17.988173084836323,432.26123660419137,2,5
3160,Bangalore,3280.1593756517887,1,1,42.34992998786342,164.49252178001547,0,5
3161,Mumbai,3964.881281929704,5,3,16.394435931857238,471.6794853560466,0,1
3162,Bangalore,967.8171916057531,2,1,35.09724122872941,154.9112714944329,0,1
3163,Bangalore,4830.643924045377,5,4,2.2554503142668048,464.8873007180846,1,7
3164,Mumbai,4505.9930174955025,4,3,19.278144005516,482.6195429427584,1,6
3165,Bangalore,1716.5686572301295,5,1,17.161508748377575,89.83585157936685,1,1
3166,Delhi,4202.421093645494,1,2,40.83393696379617,487.75994396613584,1,9
3167,Mumbai,2832.4576536792056,1,1,48.352770161415506,61.1470248460555,1,0
3168,Bangalore,2578.129167029084,3,4,23.04406383464807,124.91253757401054,3,7
3169,Chennai,1914.9534761513244,5,2,41.2418138576879,233.2010148189462,2,9
3170,Bangalore,3114.358639842166,2,1,34.984735047868256,496.9267355416208,2,1
3171,Delhi,3784.50102966619,4,1,48.36929938318466,254.51026455938208,1,4
3172,Hyderabad,2349.1980723324123,3,3,40.55542571714123,284.1965327256732,1,5
3173,Bangalore,3331.4863685373143,5,4,3.8739032981865265,353.3239757713513,3,9
3174,Hyderabad,3646.908145198867,2,1,35.66408611911181,484.7809079710167,1,0
3175,Chennai,3700.0481765687864,3,1,26.774985771118683,396.0086720596373,3,1
3176,Bangalore,733.8474415903111,1,1,0.8218028966163582,127.59392212337532,3,9
3177,Mumbai,4368.865125582801,4,4,12.565647936272184,165.43564671889024,0,3
3178,Hyderabad,2562.1399164427157,5,2,46.08776225134465,66.86155501209171,0,1
3179,Chennai,1680.872367632965,2,4,46.303068639337646,329.3371347990751,1,5
3180,Mumbai,1587.940283658567,1,3,39.94252301003172,106.75534713882635,3,3
3181,Mumbai,2673.563507797777,3,3,49.08898016389947,143.55434647009554,1,2
3182,Mumbai,4490.741927610316,4,4,40.327261231210244,446.29455448658103,0,5
3183,Mumbai,2202.564117571911,3,1,0.5102093642622596,176.8427241593673,0,8
3184,Bangalore,3873.765860525945,3,1,14.391717015075589,291.99042481000015,0,7
3185,Bangalore,935.6842894424838,2,2,1.5312091118881432,210.83168421880498,0,1
3186,Bangalore,2642.255159679778,1,4,4.705398436877973,55.53501795483852,0,2
3187,Chennai,4962.58763176731,5,4,10.942040847538802,194.17463835041843,1,1
3188,Chennai,3966.9701125655165,2,1,25.177927316276122,215.87273745724679,1,9
3189,Chennai,1447.3781979827586,4,3,42.37660017310089,449.93652891752873,0,6
3190,Delhi,2756.4866316405983,3,3,43.0983378078554,175.73631375024297,1,8
3191,Chennai,1551.3114364185494,4,2,30.810092927864822,202.03573748579257,0,0
3192,Bangalore,2343.024172681292,2,2,46.40879695331175,395.7904489627206,0,2
3193,Bangalore,4010.3781068073413,2,3,25.003116329510405,384.299192581567,0,5
3194,Delhi,3970.5116688068165,5,4,44.451802206660076,403.1769327912756,1,3
3195,Delhi,1526.4517005607331,3,2,22.703262816600606,477.8099552364819,1,9
3196,Chennai,4650.004931696871,2,1,13.861250371094114,401.8675992294964,3,9
3197,Hyderabad,3166.5568224417207,4,4,45.82064590502139,215.65193754458764,1,0
3198,Delhi,2209.6593093290653,5,1,19.396753783943467,414.3240881110841,1,8
3199,Mumbai,2758.710113513873,4,2,25.170205442223082,264.1638234031704,2,6
3200,Bangalore,3222.8206404698467,3,3,16.44303162653386,153.30273560891135,0,6
3201,Mumbai,3019.5073933060344,5,2,33.14188001453649,165.40019270288593,0,0
3202,Bangalore,2688.822659912802,5,3,49.751561250301776,127.4443465104312,1,8
3203,Bangalore,2772.1976184023006,5,4,1.275677443238482,89.59661975348163,1,7
3204,Delhi,1293.8535969254876,1,2,44.99240030035507,108.55539768975217,3,9
3205,Delhi,4157.298069371057,5,2,0.19630284946327015,50.325463977833294,2,4
3206,Mumbai,2937.921439734569,4,2,18.211394057310553,446.45641516754546,0,3
3207,Bangalore,1089.8593776711639,4,4,8.430340314475714,466.8837486315791,0,0
3208,Mumbai,3947.7069571225006,3,1,37.867089033627565,301.64978839706987,1,8
3209,Hyderabad,4695.997902698079,2,1,2.530542037858674,423.4349871721688,1,7
3210,Mumbai,4762.881046566329,2,3,27.674247679216396,108.11412927351063,2,1
3211,Chennai,2160.579795850277,1,2,14.746306692265632,452.80343610895284,0,3
3212,Mumbai,1109.8259310233932,5,1,6.683512443235107,263.05354862264403,2,3
3213,Chennai,2832.798319848793,1,4,38.59091060513204,52.23919645066644,0,6
3214,Chennai,1006.7415320714931,3,2,10.870841712762836,87.8301173571969,1,2
3215,Chennai,4702.943383306778,3,3,11.183760602746945,168.30870117767225,2,7
3216,Hyderabad,1326.108323098157,2,1,13.75383925689615,40.90763857028069,3,6
3217,Mumbai,1637.4463697802382,3,4,29.33833819140137,168.46082144837294,1,9
3218,Mumbai,2329.864370982367,5,4,32.98329658453741,48.766607897068056,3,3
3219,Hyderabad,2224.2401085160664,4,3,0.8801261850672482,133.29325049255607,3,8
3220,Bangalore,4075.9830157905008,3,1,12.093481805689516,147.52148281109197,3,5
3221,Delhi,2553.4256924793303,1,2,21.54854212526414,497.2971086560611,0,2
3222,Mumbai,1268.457170015016,5,4,16.598847608061657,133.06240340655893,3,6
3223,Delhi,1702.4445296873334,3,3,44.208532925544304,134.80949549051854,0,5
3224,Hyderabad,2791.010233343849,3,4,39.38543654432094,349.6587048120248,2,7
3225,Bangalore,1163.542628417607,5,4,31.294510776941376,432.4915896878969,1,4
3226,Bangalore,3252.4505404070633,3,1,16.90212079985199,205.78659804900153,0,5
3227,Bangalore,3045.8628794801566,4,1,35.03361724230799,440.2966495715324,0,0
3228,Hyderabad,3716.1604237201595,2,2,42.18190064228972,183.2681699589234,2,7
3229,Chennai,4719.670769207154,5,4,29.741518867949335,114.56762221520927,2,0
3230,Chennai,4605.1455249552,1,3,39.223073344668954,178.22663567730729,1,2
3231,Delhi,4757.340281309741,3,4,37.45524806998739,312.4910594854363,2,1
3232,Chennai,1601.2201866066541,2,3,28.58686555801611,196.22871646979542,0,5
3233,Chennai,1092.0438798770958,1,4,15.609160841075548,342.9890259148586,1,7
3234,Bangalore,1860.2451522340182,1,3,37.28910790006359,133.72922212279155,1,7
3235,Bangalore,4527.883277448416,4,4,10.339818317880322,356.4765891147914,1,6
3236,Delhi,4874.240635805697,2,4,38.97441732357669,186.770414359264,3,6
3237,Mumbai,4366.962279817142,5,2,40.22733460712665,238.81681836892855,3,7
3238,Delhi,995.0797450739462,2,1,41.10724397851865,287.71766741259006,0,4
3239,Delhi,4763.4259912690695,2,1,23.64579854892288,349.38800152927695,3,2
3240,Hyderabad,2405.111123078537,1,3,9.624038388521083,134.58257208739218,2,1
3241,Hyderabad,541.8963084305916,4,4,4.986180003303437,421.25385795718904,1,2
3242,Delhi,2490.771833366871,4,4,37.16806252439621,366.4845198825151,0,2
3243,Delhi,707.3112635396042,2,1,44.31306922649066,132.36700113151974,2,6
3244,Delhi,2947.450645225029,2,3,32.541917941845334,487.987790049397,1,0
3245,Chennai,2023.493123466731,3,2,7.20800301941848,339.10255569462004,2,6
3246,Hyderabad,2630.4572011732193,1,2,46.7448224258787,237.1649055040187,3,5
3247,Delhi,3259.266623344027,5,2,49.45510072696598,95.61311626568784,2,9
3248,Bangalore,4409.604931180191,5,4,21.668930496746096,275.94608110790307,3,1
3249,Bangalore,3478.557094123679,4,3,29.74126446368856,99.09242567701673,2,9
3250,Chennai,2453.219908151813,1,1,38.861426000082886,226.15600577496502,0,0
3251,Chennai,4187.425341516642,4,4,36.819489502502236,216.18201091496906,3,8
3252,Mumbai,4575.119619079095,5,4,48.38935959667246,365.57102928678086,3,1
3253,Mumbai,1038.9198489448875,2,2,5.744154553939445,112.3439269876399,1,3
3254,Mumbai,2893.6983989875616,1,3,29.036243307140285,414.498250338006,3,8
3255,Chennai,1780.3038188409987,1,3,34.59657098365461,176.5435169677596,1,8
3256,Chennai,711.7753904462634,3,2,44.504921209383504,233.11454094501204,3,0
3257,Chennai,3508.460128012934,2,2,43.70548138590753,390.7236682658444,3,1
3258,Bangalore,4382.468498566515,2,2,48.8999896780645,320.1883518624871,3,1
3259,Chennai,1233.0619451482733,4,4,25.603922696883952,167.85216886492992,3,1
3260,Bangalore,4155.861459307553,1,4,41.53804334066133,205.3774037820229,1,7
3261,Mumbai,4340.280800916237,4,4,21.364085406366385,166.77767071501287,0,7
3262,Mumbai,4614.531991999176,2,1,21.115693892801612,305.4896802930354,2,9
3263,Mumbai,1693.7829008872359,3,1,12.667418223642951,179.65977593928307,3,7
3264,Delhi,4567.788793354502,1,3,40.911864350961494,368.3348934959076,3,3
3265,Delhi,1942.9823963139452,2,2,49.29075529067578,298.29783612018855,0,7
3266,Hyderabad,2985.5210605497628,3,2,12.817086417362894,89.9391736388043,1,6
3267,Hyderabad,727.2836187452696,5,4,2.8065794010536163,168.92893696634357,2,7
3268,Hyderabad,697.4648976593462,2,1,40.77712187095037,126.29477211687475,0,0
3269,Delhi,3741.679457294913,5,2,31.01150262673781,207.35034202471294,0,2
3270,Delhi,2500.1599009000597,4,3,47.98494002755022,267.6723613804943,0,9
3271,Hyderabad,1653.315689161479,5,2,12.611960953847612,263.24617149637277,0,5
3272,Hyderabad,1356.8607321120958,2,4,3.5513829000640538,382.1713647503787,3,0
3273,Chennai,3514.7907088664815,5,4,24.62211304332508,110.80249452882049,2,3
3274,Hyderabad,501.8069481140294,1,1,4.273301148257374,474.30695806277447,3,8
3275,Chennai,4126.5102613858435,2,3,13.089500055135373,184.56565130344094,0,6
3276,Bangalore,856.6232275846796,3,3,6.298893040958414,164.11944651974648,2,0
3277,Delhi,1361.7032670865374,5,2,11.206608983003935,348.88571752650546,0,5
3278,Hyderabad,2238.0637788459035,1,3,5.307232641069593,406.64798176787,1,5
3279,Delhi,2681.8643287224663,4,2,47.69529997136427,201.66644711055363,0,1
3280,Delhi,2097.4780211627385,4,2,13.928135672486775,378.486547949109,0,5
3281,Delhi,1943.2047424293226,5,1,22.194879299628273,444.19325894530624,1,9
3282,Bangalore,4837.622054329348,4,3,44.93059038171111,388.06575929933956,3,1
3283,Mumbai,3387.1085655952743,3,4,33.866079398073715,36.414313073999836,2,7
3284,Hyderabad,605.4482991532469,2,2,30.901874028088717,417.13707745577034,0,6
3285,Mumbai,2435.7915879994093,1,2,35.27815951804186,391.75086005809635,0,5
3286,Mumbai,4437.539148847865,5,2,41.44111285526909,341.2593143135293,1,9
3287,Mumbai,1856.5528388480059,4,3,43.88346339258805,384.81076116219367,2,5
3288,Delhi,925.503551484747,2,3,32.13198353325132,490.12418999933067,1,8
3289,Chennai,3912.73147215463,3,3,44.50036373470289,226.93418615280785,0,8
3290,Delhi,3227.0622437123657,4,2,26.769876371273842,52.26715277820695,3,9
3291,Delhi,3066.4062852192674,4,4,13.86454281342117,241.227185421304,3,9
3292,Mumbai,741.0945182333356,1,4,44.00383544419222,42.288154587703005,2,1
3293,Delhi,1132.245544079828,3,3,27.073641370654357,161.24019588246136,0,2
3294,Mumbai,3301.472282959012,3,4,45.306879378361714,301.7023000624443,1,9
3295,Chennai,1435.207286564761,5,2,2.008390697529061,168.61898860455503,0,6
3296,Hyderabad,2768.3153588679093,1,3,19.875787577061775,348.98971803657855,1,9
3297,Mumbai,2951.9675871322706,5,3,47.390250918123414,414.55343728914613,1,8
3298,Chennai,1775.7823562192273,1,2,12.482504637915138,221.8108060541777,2,5
3299,Hyderabad,4767.913199936718,3,3,47.07681230192463,452.0662166206417,1,0
3300,Bangalore,4291.088480760089,1,2,47.6951230564625,58.3226870481921,2,6
3301,Mumbai,3750.680784347593,1,3,44.10711571129305,423.2543188162159,3,0
3302,Mumbai,850.9723988423409,1,4,28.183402254664934,417.7151098108635,2,4
3303,Bangalore,977.5850868905875,2,3,32.34697245403193,174.55707023684715,2,8
3304,Bangalore,2717.5160563923005,2,3,43.48084992249346,163.3832898198152,2,9
3305,Mumbai,1223.2100713594355,3,3,38.794854119459224,166.44559095368606,3,9
3306,Bangalore,4902.194585882633,1,1,31.50469247277058,409.4689819253172,2,8
3307,Delhi,1213.3410531233426,3,4,49.112970393535136,419.19367405289364,1,0
3308,Hyderabad,2693.6052595878828,2,2,34.28383181668471,178.26678023728044,1,5
3309,Hyderabad,2138.5447557867747,1,1,48.77409962238806,304.44336677334167,2,2
3310,Hyderabad,3377.2388965434407,5,4,2.8694237303545367,86.68795013141816,1,8
3311,Delhi,1080.6638400024121,2,3,6.948018537110623,245.0137943748906,2,2
3312,Bangalore,2436.4239261907587,2,3,22.57294230002453,499.42056841065835,3,1
3313,Chennai,1736.1726476321464,2,2,19.243973044215757,96.24279089899849,1,7
3314,Bangalore,4494.881861022596,1,2,39.13674206785139,474.8300671808283,2,2
3315,Mumbai,682.6357046061279,4,4,8.030701323460187,415.64226654320373,0,4
3316,Hyderabad,4611.773723029067,5,4,48.80475895557443,486.66303245420954,3,5
3317,Bangalore,4248.473623488502,5,2,15.7532937630457,106.19780509305585,0,9
3318,Chennai,1839.0682239836694,3,4,21.446185387007972,122.48887541281483,2,9
3319,Mumbai,4051.807946046971,1,2,13.737251622001146,28.096247232732168,1,0
3320,Delhi,640.461021524364,2,3,28.968180866327366,367.8568701994907,2,6
3321,Delhi,4850.894976320271,4,2,2.9314350211291975,329.1654528493691,1,6
3322,Chennai,2869.677241654052,1,1,7.483875278522439,105.4714103958714,2,4
3323,Mumbai,1864.7646172945038,1,2,37.28988517093621,399.7495834601945,2,8
3324,Hyderabad,2131.624456676047,4,2,9.325029170240196,163.6138429432282,1,1
3325,Bangalore,798.8240905722381,2,1,11.775722577833141,84.79787327870488,1,4
3326,Mumbai,4952.0728131891765,1,1,39.64911178624189,222.8300792092871,2,1
3327,Delhi,676.813753178116,5,1,4.66505891786268,63.66552724489091,0,1
3328,Chennai,3447.0820541653657,5,1,21.873691138542046,146.3569550111584,3,8
3329,Chennai,2492.3116746790624,4,2,1.1531693498613493,198.24001204512615,0,6
3330,Bangalore,4770.1229818492175,2,4,17.340369965895192,428.89480376679194,0,3
3331,Chennai,1606.9988313805782,4,1,34.94907013053773,400.4233958207463,0,7
3332,Chennai,2894.390707721051,1,3,4.505163985861415,232.52205716029675,0,3
3333,Mumbai,2670.602938622388,5,2,44.41673133893801,367.796027721146,1,0
3334,Hyderabad,3662.898998225456,3,4,45.4749521470358,292.9518253659224,0,9
3335,Bangalore,806.0460437858923,4,3,5.249518756256755,183.60409043747268,3,2
3336,Mumbai,1372.0510851050967,3,2,49.53662181878883,368.4196848777367,1,9
3337,Hyderabad,1465.5416904178242,3,2,14.876477669774445,348.0795941438614,0,0
3338,Mumbai,3821.6783967876036,5,3,4.205083556580302,317.165332252929,1,1
3339,Mumbai,1351.1241334703304,4,1,0.25335572486311353,316.6186501007603,0,1
3340,Chennai,3080.712937509395,3,1,20.426144788193128,347.83135631694887,0,6
3341,Hyderabad,1468.5971922542917,1,3,31.490499285305884,204.58184606841834,3,3
3342,Bangalore,4377.312275377903,2,4,16.608962495165663,437.1563912324971,1,9
3343,Bangalore,4739.834545203374,2,1,41.83586827373114,97.9077658383012,1,8
3344,Hyderabad,2833.218387240082,5,2,35.8303137782525,444.2650223547939,2,1
3345,Chennai,2085.389978941302,4,2,17.508076598401633,184.2952846553573,0,8
3346,Delhi,1553.2599875787462,4,4,36.71548333043023,80.01517549213881,0,5
3347,Mumbai,724.014506853697,2,2,47.02438684846249,308.01315328598236,3,9
3348,Chennai,1708.2503428887292,1,1,4.654799927150854,200.4736011537945,3,7
3349,Hyderabad,3444.0610097539306,2,4,15.305198007880843,411.43986900968923,1,6
3350,Mumbai,2901.276190891449,2,1,23.166296955834664,226.77702489380832,3,7
3351,Bangalore,4748.185752264173,4,4,24.89950638773843,340.91001226981274,1,8
3352,Delhi,2283.2476812126524,3,3,27.10978224430368,167.96383496231624,0,7
3353,Bangalore,3622.3850404777754,1,2,15.031345326932428,120.53714001216323,0,5
3354,Hyderabad,2701.9523636380463,4,4,33.362982299117455,206.26353485543544,1,7
3355,Mumbai,2806.5929716589526,2,3,32.25422517649149,311.2677606091681,3,7
3356,Hyderabad,1704.9844157185287,3,1,28.891075313580693,335.3344348214489,3,1
3357,Mumbai,2547.278495788999,1,3,5.688086085543831,297.5391993430488,1,1
3358,Chennai,2618.532486557183,5,1,23.848394554797224,494.2667449395723,0,0
3359,Delhi,3679.891347870203,1,4,17.811344374468778,351.72328951767935,1,9
3360,Chennai,4732.879996337512,1,4,24.55192349190613,467.1294212465205,3,1
3361,Chennai,1981.9457486712693,2,2,46.0933217757513,76.60793354968376,1,6
3362,Hyderabad,689.902108615843,2,2,24.026567157920415,49.45900631046985,0,2
3363,Delhi,2733.3280647528786,5,4,0.6990395919755921,169.27745696573777,2,3
3364,Mumbai,2950.0759946712587,5,1,21.941836904206546,85.5626904206835,1,3
3365,Mumbai,1257.9824800936185,5,1,41.03240900246911,272.4168935495685,2,3
3366,Bangalore,3922.0907282423004,4,4,39.00304616090841,269.1110016911738,1,1
3367,Mumbai,4932.180987986712,4,1,25.66950367640905,296.0226398930961,3,5
3368,Hyderabad,4755.986226538074,2,4,12.488450642965764,377.70938279891493,3,0
3369,Chennai,1386.9771747064349,2,2,23.254433145727255,486.2382561019136,2,4
3370,Chennai,4439.1345795534235,5,1,28.185110970909584,441.5641718907903,1,1
3371,Chennai,3670.2213638525814,4,2,49.99357191370669,76.81627499627916,3,8
3372,Delhi,2542.309537131102,3,3,32.20890450846887,182.48657060991547,2,1
3373,Mumbai,2932.7494744612804,4,2,34.71324650313068,142.79505202306012,2,5
3374,Hyderabad,4323.200787421061,2,3,24.5727071784026,104.87233173430054,1,3
3375,Delhi,2660.6072283726794,4,2,17.724477539126493,281.46794079477655,3,5
3376,Bangalore,2179.4331609730707,2,2,40.647649182360304,285.56691297571064,2,1
3377,Hyderabad,2719.6137186169362,5,1,24.746616216961808,129.07751738626945,0,1
3378,Hyderabad,3106.084118157721,5,2,49.73450649822625,361.710680147209,0,6
3379,Hyderabad,1350.84944200257,5,4,22.856028713402203,371.79886360136254,3,2
3380,Chennai,4554.084786201458,3,1,3.400014182378869,30.07039752028799,3,2
3381,Hyderabad,3533.8412697332624,3,1,34.12890685450414,209.96369778671195,0,6
3382,Mumbai,3349.7101280187003,2,1,2.3320725462905534,447.26750777677813,2,7
3383,Hyderabad,947.7330178128716,1,2,12.525079844235165,269.7529319570424,1,6
3384,Chennai,3218.782721776663,3,1,17.686912638995167,186.86134469071726,2,2
3385,Hyderabad,1044.3229800732156,2,3,36.974179281066384,141.76455276566247,3,2
3386,Bangalore,854.1395383792958,4,3,24.711796320380643,136.81016956077548,3,6
3387,Bangalore,2872.89903039077,5,2,1.4322965655128306,67.88865624838705,1,2
3388,Chennai,2312.534903209227,5,1,30.84249256379611,412.2686811646842,2,1
3389,Mumbai,3149.6462157030046,5,4,20.571811871333118,61.59555458920218,1,6
3390,Mumbai,901.4997562575736,2,4,46.09172549835536,160.30148761367158,2,2
3391,Delhi,2439.423782812663,5,3,24.97811555701177,41.92435451184954,2,4
3392,Chennai,1286.5402177032108,3,2,35.448757296966946,395.0655534673762,0,6
3393,Hyderabad,4941.950386658525,4,2,10.943424616477342,38.856167468859425,2,1
3394,Chennai,3025.1759559582847,5,2,38.04867822658266,167.98452985674004,3,7
3395,Delhi,3593.465874233903,2,2,36.04776552418362,295.18273764159875,3,1
3396,Chennai,1964.3822630717352,4,2,45.20408542706541,216.58945294085302,3,3
3397,Chennai,926.3251165070487,5,1,1.6910820859599607,155.49011227956822,0,3
3398,Delhi,4891.418882525915,1,1,22.37503488087256,152.09075476522,1,7
3399,Mumbai,1788.1656592243244,5,1,33.95777013698151,402.9393468829997,3,0
3400,Hyderabad,2407.136833281084,3,4,4.7581950040107515,487.50948564187763,3,8
3401,Delhi,3424.3876476615874,4,1,20.53020335744562,187.05971381542082,1,5
3402,Bangalore,611.1378395875008,3,2,47.10733015330977,38.78984653232793,0,3
3403,Mumbai,4146.166087327791,1,2,21.79672454455641,37.55157339637204,2,5
3404,Bangalore,2914.601855128791,1,4,49.27023917403157,384.42243930114466,1,5
3405,Mumbai,1751.9773418096997,3,4,2.8419530539909807,285.13751437238096,2,8
3406,Hyderabad,777.2359338161116,4,3,35.89148880704457,396.1244755603186,2,3
3407,Hyderabad,1231.2428696349866,1,4,29.050811812413475,354.7985649385159,2,7
3408,Chennai,4527.652364840465,1,3,25.02698385660627,455.6030476473903,1,0
3409,Bangalore,3587.1090077115095,5,1,48.54237007425047,445.1956597023793,1,5
3410,Mumbai,1624.5577473660044,2,2,6.482520024556432,398.39714989816514,2,4
3411,Hyderabad,795.2034422526328,1,3,44.79994758404567,248.090796820229,0,2
3412,Delhi,3607.7689057398634,4,3,34.56202055683051,167.90067564984918,0,3
3413,Hyderabad,3075.834766854943,4,3,12.949803664981635,263.37285797342713,0,7
3414,Delhi,2320.3378600620576,5,4,45.08345728161467,260.9943715135153,3,9
3415,Mumbai,2136.251521355287,4,4,21.46474589305066,312.9322634668821,2,1
3416,Hyderabad,1475.6642416809873,5,4,40.71136640365354,109.32683253579397,3,7
3417,Hyderabad,3513.2506544188295,1,3,19.44182585237,334.6975426135946,0,6
3418,Mumbai,4868.0061250724175,1,1,42.54654137166205,239.16844361879157,1,0
3419,Hyderabad,1290.7186062657163,1,2,31.831455922252434,317.6983193316124,0,1
3420,Delhi,3187.024790069765,1,4,7.0523316791863575,135.0103150013819,3,6
3421,Hyderabad,2408.8327508568927,2,1,32.483158173476376,228.50954906113037,3,2
3422,Bangalore,2510.099247850992,2,4,9.56723813509363,120.89658293720973,0,1
3423,Chennai,1643.6627605751648,1,4,20.596131394708134,440.1464752432648,2,0
3424,Delhi,4213.106940476386,4,3,8.514779212601686,254.22130161993803,1,6
3425,Bangalore,2683.650218662585,5,3,1.1008057833559293,127.99107947542981,1,2
3426,Mumbai,2945.3263348921882,3,4,10.594326972497875,39.78017395594222,0,5
3427,Delhi,1871.4241075879659,5,2,26.818601186206287,344.35455903370007,2,9
3428,Chennai,1318.1380955012737,3,4,24.078048388867302,123.02946271508274,2,7
3429,Chennai,886.5967469126922,3,2,25.074854776803186,494.9994523130136,0,5
3430,Mumbai,3713.5361341621215,1,1,12.384343922330066,276.17617923928236,1,6
3431,Mumbai,1383.0542675953502,3,4,34.25806003070931,158.7089581990554,1,5
3432,Delhi,3605.33909384959,1,2,35.21316434101729,335.6851682204626,1,6
3433,Hyderabad,2256.6940072112925,2,1,17.89839127798328,152.10556325028105,2,4
3434,Mumbai,2370.986604453432,4,1,44.05850442370872,413.73166107667834,0,8
3435,Hyderabad,2611.298732417473,3,3,32.20116083177739,167.9533044463721,2,2
3436,Bangalore,2154.6882865739444,4,1,35.65196376293159,494.35891155003645,1,5
3437,Chennai,952.7898975016553,1,3,13.866995896946971,310.4694970137409,2,8
3438,Hyderabad,1893.343145012806,3,1,0.030581757779352126,425.3173514924784,1,0
3439,Chennai,3486.804623122723,5,1,43.268780605105476,54.951425397642666,0,4
3440,Hyderabad,3496.0298066099194,2,2,41.12121922899043,187.18372034537032,1,3
3441,Bangalore,1788.0093825799747,2,2,6.1595944021415105,373.99380135975184,3,8
3442,Mumbai,2570.461819509596,3,3,18.705256747815323,334.4283283234797,3,0
3443,Bangalore,1370.5125260537186,2,4,33.06696541942913,113.23669828820373,0,3
3444,Mumbai,1446.674366884261,5,2,32.60554286093641,190.97740664466073,2,0
3445,Mumbai,603.7118978297333,4,1,43.01751674042782,146.45283559401963,2,2
3446,Chennai,4535.359474584851,5,3,7.013408081771427,314.4176814856846,2,3
3447,Bangalore,1448.1799928370779,2,3,21.49698738925594,185.39275014021197,1,0
3448,Hyderabad,1523.902446214085,4,3,4.861220896321239,168.3460361601679,3,4
3449,Bangalore,1758.2064469030931,5,1,19.479762421931408,119.54143060944402,0,5
3450,Chennai,1073.3363226294305,1,2,0.7553722793852191,216.3330180390312,2,0
3451,Mumbai,3376.6829743161325,1,4,44.91365325550635,113.84124329434572,2,9
3452,Chennai,838.1432892991395,4,3,26.352199841434054,482.0334019412635,0,9
3453,Delhi,1103.9109184685763,4,1,42.490113040117684,94.16086951774562,1,3
3454,Delhi,3401.4052696554177,4,2,2.995235050168188,458.3862631802126,2,3
3455,Hyderabad,2028.4727921664924,1,2,11.372905523646033,225.66708711515935,1,0
3456,Chennai,3685.7652201553506,5,4,12.968999761059031,201.37567594962658,1,1
3457,Hyderabad,3008.411351015639,4,3,19.3345747319394,131.03350443432743,1,9
3458,Hyderabad,1652.0952787768088,1,1,40.143318619877306,325.16304049640917,2,4
3459,Delhi,3428.725777201976,4,2,19.327893686574633,349.05344720520145,2,1
3460,Hyderabad,1023.2315613179629,4,1,10.23267648231635,244.43406188116037,0,2
3461,Delhi,2913.846723860137,4,2,3.249513016938421,46.73930993284358,0,8
3462,Mumbai,2467.166472702656,1,3,3.974587417634373,460.884872330504,1,4
3463,Chennai,1705.4311226784835,5,3,38.00236029804887,490.5579837806629,2,0
3464,Hyderabad,3218.0224898277506,1,4,22.24014955183165,226.90083930168078,1,4
3465,Delhi,4421.001165531272,1,2,36.30905610000077,314.55718755647706,0,2
3466,Bangalore,4995.0711489338455,4,1,34.11435608818488,236.14334059699843,1,0
3467,Hyderabad,3234.9324593454103,3,2,6.7681230880128895,174.50223242533787,3,2
3468,Mumbai,2321.1764344812655,3,1,7.14439670961336,57.11302057174766,1,5
3469,Mumbai,1513.431950972907,3,4,37.767100771706694,238.91251059070345,2,9
3470,Bangalore,1656.9324022780029,1,2,36.06341467427086,412.82458705253674,1,4
3471,Delhi,2657.5474016739454,4,3,18.90153834371552,28.175101322241716,1,0
3472,Hyderabad,2152.7496557631916,3,1,3.871113166642004,299.4116879265067,2,1
3473,Delhi,4612.165351812249,2,3,0.60490108492261,442.7706121888107,3,4
3474,Mumbai,2157.329604450693,2,4,14.407847473087243,124.42372640689184,2,8
3475,Delhi,2180.5006601544596,2,4,0.46111367936134684,107.96281505074985,0,4
3476,Mumbai,2225.905305952896,5,1,11.50363105518517,390.6927803369327,3,4
3477,Delhi,4264.790946654462,4,2,20.975037010566925,142.44148693726078,3,0
3478,Bangalore,3428.547443811058,1,3,6.0707882655977095,112.15244842911126,2,4
3479,Chennai,3263.759826435017,1,3,5.213887891577312,201.43484027323282,1,7
3480,Bangalore,2003.6436007273799,4,1,44.82187178593683,208.40096588970462,0,8
3481,Bangalore,4180.568795745978,5,1,29.273501451144462,439.5685102479517,0,9
3482,Chennai,672.637376100655,4,1,46.72278433813907,316.8528665281649,3,2
3483,Chennai,4418.58727552151,5,4,17.29130818928396,214.86149904300288,0,3
3484,Hyderabad,2807.3745490726833,3,4,33.857246866458155,276.5062228571681,3,6
3485,Hyderabad,2292.1260568853577,3,3,10.234583731089518,477.9033119961316,3,6
3486,Bangalore,2737.2527632295855,5,2,30.91701586399706,74.34304477274978,0,0
3487,Bangalore,3503.36988740224,4,1,6.479286500499221,119.70345042785189,3,5
3488,Mumbai,557.4444193305382,3,4,0.10403195881428795,482.01377916154655,1,8
3489,Mumbai,4421.983354062115,4,2,46.57659007047895,479.515927293058,3,4
3490,Hyderabad,2510.327863901268,3,1,27.744718808760467,105.03940220709086,1,7
3491,Hyderabad,2043.349338650352,4,2,46.347033139101974,89.65223222014315,1,9
3492,Mumbai,1122.105045353257,4,1,16.691576185103603,222.1208644825375,1,8
3493,Mumbai,2477.59418461299,2,2,16.389303458087838,43.86478039422517,0,9
3494,Delhi,2733.452470779705,5,3,20.032750088651586,334.35369549686726,1,9
3495,Delhi,2316.41012522065,1,1,35.30204919790842,57.19809039763625,0,2
3496,Mumbai,3553.9704222210366,5,1,28.29043170930871,47.85422100525474,2,0
3497,Delhi,2394.0343794165174,4,3,46.2677453549559,252.88972938024762,1,1
3498,Chennai,4826.37910030958,4,1,1.2720450566219677,479.7375853328487,3,4
3499,Hyderabad,3196.7488302061633,5,1,35.40979689862682,224.8620493103166,2,9
3500,Hyderabad,4133.650710433591,4,4,16.516384468327715,191.11095615706452,2,6
3501,Mumbai,992.1015639926547,3,3,9.011682590923058,499.01922344109727,1,5
3502,Bangalore,2287.8108182565757,4,4,25.519781126004947,275.34510117400805,0,3
3503,Mumbai,2015.8146565121872,5,3,25.2531892089998,200.1158753073193,2,8
3504,Delhi,3062.670746614663,5,2,6.85055143442142,205.21319040396887,1,3
3505,Bangalore,4375.010840276415,5,3,10.094802806644493,113.58055809608503,2,2
3506,Delhi,852.5219799290301,2,3,20.408233245077746,265.8670675748187,2,4
3507,Chennai,826.5865912011985,2,4,20.440570619615766,230.6504135206428,1,3
3508,Delhi,4326.429686709194,2,1,15.877906980984235,149.98174224675842,3,1
3509,Chennai,1457.8253871726083,2,3,7.427257575499047,97.0592415688447,3,2
3510,Chennai,3509.389645024162,2,1,0.2186839550489761,169.39465696042578,3,6
3511,Delhi,2942.9515956236232,2,3,48.51175312140103,264.16799729011007,2,1
3512,Delhi,4248.021176992533,2,4,47.17496148519635,47.99997069670481,0,0
3513,Chennai,1062.9000942638158,5,3,24.18251895880676,93.79713372029886,0,1
3514,Bangalore,1084.0233457517506,1,2,49.75258766375028,474.8754881451658,2,7
3515,Chennai,3005.682621252384,2,3,33.682716539112164,280.5705684950427,2,7
3516,Hyderabad,4758.703940112669,5,3,3.442876880377077,50.45566575681818,1,9
3517,Chennai,2367.489912668394,1,1,5.885909954131368,352.682124209395,0,1
3518,Bangalore,1971.2394511461273,2,1,45.805542193481884,49.66537763793667,2,5
3519,Hyderabad,3230.1019543904863,1,2,31.50261010748142,374.659628982259,3,6
3520,Mumbai,4687.01870245264,1,3,42.159181332867554,379.98210642561287,0,0
3521,Mumbai,4266.175247800807,3,1,44.91348248169221,332.5179083596413,2,6
3522,Bangalore,4979.676248299489,4,3,22.397100564119306,371.45818141728785,1,7
3523,Chennai,601.5586244106969,3,4,2.426297578834652,62.22357488626771,1,8
3524,Delhi,1007.86165120743,1,4,9.414017444866102,368.8546651305285,0,7
3525,Bangalore,3242.604935149799,5,2,3.328597365121755,85.61039346746382,3,2
3526,Hyderabad,4192.593977002323,2,4,9.436992284925367,182.96283549048502,0,7
3527,Hyderabad,1783.5995403804495,4,1,20.52664632279384,472.5177216803038,2,2
3528,Mumbai,1576.4498961539844,2,1,5.909840525749272,261.38022927638724,3,5
3529,Hyderabad,4041.391097215404,5,2,8.336662390267163,484.3646873998466,2,3
3530,Bangalore,753.7183423395421,4,3,22.29108910358396,62.68278026563402,3,6
3531,Hyderabad,2162.221914121633,3,1,17.00854751942448,249.22716779032643,3,7
3532,Bangalore,2776.1415016654837,1,4,23.382906209402048,49.95311373289791,2,9
3533,Delhi,3021.5690345764556,5,1,21.458601387953102,322.5009259516567,0,5
3534,Mumbai,3778.768205567496,1,2,32.22390129899417,57.77936065688786,1,9
3535,Hyderabad,2096.805755437962,1,4,46.85947744379273,104.17654521938111,3,3
3536,Bangalore,3257.0795510357325,2,4,5.393216922212124,144.23854883325464,3,7
3537,Chennai,3134.1894025593033,5,4,4.963007465459746,379.3970487989519,1,6
3538,Mumbai,2964.272452941862,1,2,42.6403055545451,98.70181703267589,0,9
3539,Delhi,3382.1748191399547,3,2,25.319835232622957,426.38338558067255,1,7
3540,Bangalore,1667.5212698063433,4,3,38.32025117842211,83.31389063878441,0,9
3541,Delhi,880.9193911308304,5,3,10.771095180364071,36.917335553675045,3,6
3542,Delhi,1036.7225241788456,2,3,41.44312865837759,209.62180110544057,3,2
3543,Hyderabad,1510.6207219425548,5,2,46.192331209634794,490.13198814622166,2,2
3544,Hyderabad,2750.8907098525337,2,4,31.77415077732441,72.96426933861306,0,8
3545,Bangalore,4281.992377457091,4,4,5.293951073690112,68.82485313902194,1,6
3546,Chennai,3655.8200393977286,3,1,44.76474070781694,380.5599251818995,0,0
3547,Bangalore,4050.6827189092123,1,3,39.624386368503565,169.83761311691134,0,2
3548,Chennai,2079.3903076674114,5,4,37.543888825724494,364.2951762683441,0,0
3549,Delhi,2320.941837418476,2,4,1.836409445295778,116.00508293281442,0,5
3550,Mumbai,2271.5684869577576,4,4,39.94812626284856,240.8345572151182,1,1
3551,Bangalore,1363.429329820257,1,4,6.89755052341785,147.33914131948058,2,6
3552,Bangalore,775.4749616460741,4,2,11.11930880984442,236.73354314196172,3,7
3553,Chennai,3159.1224177225204,3,3,28.856741743462877,389.16660444094583,1,5
3554,Delhi,4951.475075392637,1,4,13.249038645844152,385.76477142927763,1,4
3555,Delhi,1250.733672276183,1,4,33.067410315595986,267.57069808338736,3,9
3556,Chennai,710.0816895467319,1,4,30.40352238495408,465.6184849861045,2,3
3557,Delhi,4007.8925682076983,2,4,5.407479900663131,146.6163691751715,1,8
3558,Hyderabad,1636.637030081259,1,1,32.80072897957532,135.34944853723186,3,7
3559,Mumbai,4233.397124088178,4,4,46.1977454912465,314.62707256420816,2,4
3560,Bangalore,3667.715001655319,2,4,8.055495259291657,318.22257642405873,2,0
3561,Mumbai,4755.5309167286205,1,4,29.85310104714437,42.339218991187515,0,7
3562,Bangalore,2340.172560905024,4,1,17.093268596834704,311.7333019457108,1,7
3563,Hyderabad,3478.8642775278536,4,2,22.980583588680197,199.7293555275269,2,6
3564,Delhi,2591.8465136597183,5,1,14.350008953948496,378.77241215386834,1,6
3565,Chennai,3337.6491378884457,4,4,17.706531817384764,407.89071898173097,3,7
3566,Hyderabad,2523.195077034818,3,2,1.445591163327864,285.03383338257754,1,0
3567,Mumbai,1348.845108908337,1,4,49.07758689586103,20.81841512108724,2,2
3568,Chennai,2785.538372015214,1,2,31.239996103637413,325.45558887998817,3,3
3569,Delhi,2878.6289064684906,1,4,25.035279524694264,379.4630142396485,3,5
3570,Hyderabad,4147.717317170725,4,4,19.185767475016334,139.51196779112684,0,9
3571,Chennai,3809.8431760711155,4,2,26.968727941201383,243.03008054757862,3,9
3572,Hyderabad,3487.0623077364985,1,2,19.005299935790198,483.5487792376584,2,8
3573,Hyderabad,1010.2419299865765,2,4,17.995396374683665,163.09546562916967,0,3
3574,Delhi,3742.7733079867176,2,1,23.197327086100657,127.11356050003558,2,5
3575,Bangalore,2751.3732035953167,3,1,13.79915168355954,121.21029942944487,2,8
3576,Chennai,4523.447912477716,5,1,9.002494998339273,288.22440048991825,0,8
3577,Delhi,4639.419203587442,3,1,27.830294909014675,475.8978086278431,0,5
3578,Hyderabad,748.2046577080346,1,2,42.13827180751505,312.17126201617026,1,4
3579,Delhi,4192.887021595155,1,2,7.641408886294615,165.5950977140768,2,2
3580,Bangalore,669.6382569020178,1,1,1.6367170302109324,326.51349347237795,1,4
3581,Chennai,2152.263315627602,5,3,12.340587257701808,319.92430284693796,3,2
3582,Bangalore,2940.349890294856,4,3,48.98603217269054,306.52406515023404,3,4
3583,Mumbai,1166.4535938220733,5,3,41.437903687166965,96.52457930638496,1,9
3584,Chennai,3858.4121565608457,3,4,29.79330267642983,324.59206368559717,0,9
3585,Bangalore,537.5961687746236,4,1,46.4624457621568,226.4789372069598,3,0
3586,Hyderabad,1258.6957179531657,4,4,22.26395584186223,28.924188139056017,0,5
3587,Chennai,3113.5857343406406,3,2,49.1640301287587,279.08695383079765,1,6
3588,Chennai,3714.744029167816,4,2,14.815102255964202,494.84803770484046,0,1
3589,Delhi,4624.893962122623,2,3,12.015287475796955,187.8750036051121,2,2
3590,Hyderabad,3674.734933705807,3,3,31.90241005735055,483.46842479295594,3,9
3591,Mumbai,3523.006716146897,3,2,18.90769839751802,66.17875599804538,0,8
3592,Bangalore,2274.5351585779895,2,3,31.318277098812892,371.576055616307,0,7
3593,Delhi,505.7799148706064,5,3,15.24977591513429,74.87839743816096,2,3
3594,Bangalore,1040.7166643102987,5,2,30.895912841899552,151.3143553065316,0,7
3595,Mumbai,2905.495451402176,5,4,13.787313029251818,294.0036009546197,1,7
3596,Mumbai,3538.084486299889,4,3,2.548603440944497,304.5342531088395,1,5
3597,Chennai,2378.517277534081,2,4,45.60679509615917,392.1014322724022,1,0
3598,Mumbai,3788.055551877756,3,3,44.16026009367311,315.34947546917084,3,1
3599,Bangalore,2848.3803289948046,3,1,48.5399074636336,304.93505810266913,0,3
3600,Hyderabad,833.7928801744049,3,4,35.826358811070236,457.92948175478637,3,3
3601,Hyderabad,1364.0731293557697,4,4,34.13605888676515,237.03716106039545,3,1
3602,Chennai,4279.992004597743,4,3,27.950153503741536,128.1275737736264,0,8
3603,Bangalore,3762.107359809978,5,4,6.2971208176261335,97.65852081134253,0,1
3604,Bangalore,4526.428941556227,4,1,9.461765547463502,211.9974064685599,1,5
3605,Mumbai,1029.0076210442146,5,2,14.47348443362681,362.12132249297395,3,4
3606,Bangalore,4956.001405767833,5,1,44.50781812866972,40.42087276635243,3,3
3607,Delhi,1442.330212774701,3,2,8.648476230153756,81.94562552451494,0,5
3608,Mumbai,553.0094432898891,4,1,46.143658724394534,70.93446084974693,3,3
3609,Delhi,4988.403225740994,5,1,26.13928665257086,300.92007346470024,2,8
3610,Chennai,1764.832484503009,2,4,35.77848177365361,136.5750322550078,0,9
3611,Hyderabad,3506.0875363065197,2,1,5.512224334028327,99.80452558467033,1,6
3612,Chennai,1295.0704137933735,4,3,13.451677438795546,304.5299454766507,2,2
3613,Hyderabad,3111.028394896138,3,3,47.92593040907131,385.42875941714203,2,9
3614,Chennai,4568.157439045517,3,3,13.307497346486569,179.4343598972789,1,3
3615,Bangalore,1940.8152534279736,5,3,14.826086019557305,297.53821072476615,2,0
3616,Delhi,3516.1428921996167,4,4,9.879869242053974,67.09971833574089,2,5
3617,Hyderabad,1345.5661495928744,2,3,6.453683265341476,468.8916946196336,2,1
3618,Mumbai,3311.5792942342637,5,1,11.662882072699897,181.71016895109096,3,3
3619,Delhi,2014.0265831787956,5,3,32.11634459753992,498.8027327232806,2,4
3620,Mumbai,1450.4371636457827,1,4,22.768386675178178,489.7221228078954,2,7
3621,Delhi,1909.319228166358,4,2,27.68779181689493,393.8352556811895,0,2
3622,Delhi,1304.784808285097,5,1,6.118241438301214,29.632205795344024,1,5
3623,Chennai,4558.622485270473,2,1,40.105822358145005,280.86796178449436,3,0
3624,Hyderabad,2287.3409884270795,1,4,39.2047350289924,61.681481811205515,3,8
3625,Hyderabad,1603.756872384653,2,2,1.0794955571337694,449.66625246152773,1,0
3626,Delhi,2517.835284571698,3,3,19.175754725515247,399.0254012707534,3,1
3627,Bangalore,1942.41275062923,1,2,3.438530098557391,486.7233807659278,3,0
3628,Bangalore,3849.886642159967,1,1,39.60528897074791,312.02381751190177,3,7
3629,Mumbai,4870.489603484725,5,1,36.86348415628522,270.64294615248224,0,3
3630,Mumbai,2471.1514551394107,3,1,45.0994047146578,269.1074508533061,0,1
3631,Chennai,4374.650299875082,5,2,11.82019794765573,205.49521973808555,3,6
3632,Delhi,3046.3838310182878,4,3,22.814794156389944,244.97123226998767,1,7
3633,Mumbai,1207.5604929240508,2,1,9.224393858219887,324.99803990496815,1,8
3634,Mumbai,3607.802339366037,2,4,18.561746723705973,467.814851627013,0,4
3635,Delhi,2810.4552370661904,5,3,26.1121625783442,306.0244823628949,0,2
3636,Chennai,3427.7293546344654,2,1,2.6665394919294485,431.41565231233625,2,0
3637,Mumbai,4503.593356572492,2,3,35.74352053386926,434.13435742520034,0,7
3638,Chennai,2481.9555679522073,4,4,27.164668018553762,269.03968440716443,3,5
3639,Hyderabad,4555.2993044781,3,2,41.447950860533666,186.78542791885837,0,4
3640,Chennai,3878.010564267447,1,1,13.589025059559862,326.9954591993989,2,6
3641,Bangalore,2698.7221664509316,5,4,45.166055263462724,234.02112411912452,2,4
3642,Bangalore,3214.4996104608367,5,1,49.93471265152217,59.09161631452779,1,3
3643,Chennai,1965.1150963355515,4,1,45.964921918883725,201.34836820756814,1,4
3644,Bangalore,4926.187848824484,4,2,38.89462379165771,497.15462626367594,3,6
3645,Hyderabad,3503.080233726782,1,2,40.618440143689035,43.28569761261786,0,5
3646,Delhi,697.3108362348346,3,3,28.687212127229323,354.4001177124448,2,9
3647,Bangalore,1969.7985758660393,5,4,9.507693145630524,423.7705784341986,2,9
3648,Bangalore,3304.9149519157586,4,4,33.85203425738587,331.3884336681818,1,8
3649,Chennai,753.4997500965791,5,2,35.637650102996574,293.4791509583792,1,9
3650,Hyderabad,607.4788609361425,2,1,49.26925701339528,359.6261201498036,0,1
3651,Delhi,2525.1090778751113,5,3,27.06506581281609,226.0845139038347,2,6
3652,Chennai,1997.105808617015,3,2,13.56845075125282,63.853633908260846,1,0
3653,Chennai,2472.3437361492465,3,3,34.18362608697534,481.93844206562324,0,7
3654,Hyderabad,1682.1198944600233,5,3,48.96879098332273,227.50436959241412,0,3
3655,Delhi,1241.2298612434142,2,4,8.8606954134547,339.3868338406484,0,7
3656,Hyderabad,3601.1451064115195,3,3,16.299895926780135,275.02900970686176,1,7
3657,Delhi,2815.570023205102,4,4,27.094047688634053,46.243074549226186,1,3
3658,Hyderabad,1400.6939506221506,5,1,8.51073174410024,477.31836847641847,1,3
3659,Chennai,1938.1524181699924,2,1,1.1110319759969178,400.4178685348752,3,4
3660,Chennai,3163.135584484967,4,2,16.84915612206253,91.56698934530957,3,6
3661,Mumbai,825.0320672261503,5,1,43.268540075052904,491.19146061836807,3,5
3662,Bangalore,1163.538541697808,2,4,2.173419966185741,373.7126586424198,1,0
3663,Hyderabad,829.6052184832555,4,3,21.446452950845874,246.71439220558827,1,5
3664,Mumbai,4155.4279972135355,3,3,38.110038646304126,313.4576271485951,3,2
3665,Bangalore,3885.841549454042,5,1,47.659129845544264,71.23360736700681,2,8
3666,Hyderabad,3889.908193456657,5,4,49.27376995022161,288.9975248074933,2,2
3667,Delhi,3723.464045642126,3,3,21.098469030437084,55.357314568188514,2,8
3668,Bangalore,3512.2344065144116,1,1,47.51921471895588,281.53052341726493,2,4
3669,Chennai,2646.4636192017874,4,4,1.770948664043187,285.293930606137,3,9
3670,Mumbai,3390.2517357820175,3,4,37.29584689992782,439.7306168771571,0,7
3671,Bangalore,672.626996545886,5,3,32.137301731680644,368.0276001307011,0,8
3672,Bangalore,3296.5899019555304,4,2,12.476092879307615,139.7851482632576,2,8
3673,Chennai,4000.4496749159475,4,2,25.365925033982446,446.4445482501713,1,6
3674,Hyderabad,2751.612621729756,1,4,6.477686888024781,295.15647912704276,2,9
3675,Delhi,2108.8099779225663,5,4,43.57985754757805,311.0621497155362,2,0
3676,Chennai,1748.420306604406,2,1,17.894904277282397,101.1110572266456,0,7
3677,Delhi,3392.6092257293712,1,4,31.30222352328583,431.7313260651747,1,6
3678,Hyderabad,3617.6053938345894,1,1,7.938814314363113,466.8632552079411,0,3
3679,Bangalore,4419.3541993814415,2,1,10.308242231560355,391.9955117575559,1,5
3680,Delhi,2040.5033710744583,2,1,49.597818540157604,471.561177269603,3,9
3681,Mumbai,3963.975383235135,1,4,37.65431972206647,165.10395397872603,0,1
3682,Mumbai,3026.1012088520206,4,4,48.09859348870354,433.33720081413014,3,3
3683,Chennai,4472.764208051356,3,1,14.792558260602206,254.66870857459642,3,7
3684,Hyderabad,2875.1544873302933,3,3,8.22814383099102,98.68025741292075,2,3
3685,Chennai,2829.3342277908523,1,4,25.153423173941547,341.02428753603255,1,9
3686,Chennai,3100.446866484091,4,2,24.733414111367168,348.37772993882186,0,3
3687,Chennai,3871.9190981409547,2,3,8.747325687899393,157.72376660321126,2,3
3688,Mumbai,4841.107154728074,1,2,36.66097847907051,33.19679918123363,0,9
3689,Mumbai,831.0350939709454,5,4,18.088876721936703,115.9266843610704,3,8
3690,Chennai,740.4557107595772,4,3,9.318261546525864,211.89322288346563,0,1
3691,Mumbai,4718.976518333024,5,4,16.59916972716442,100.4301973087369,0,6
3692,Hyderabad,2884.4403148319275,5,4,28.18293498175076,113.13437515501,2,2
3693,Chennai,3267.0635655512124,1,3,36.32354660902216,207.86751890348938,1,3
3694,Mumbai,2670.90620717628,4,4,24.094544302874226,481.657574868109,0,0
3695,Delhi,921.4585367336351,5,3,26.279749491418674,386.8368873956712,3,2
3696,Chennai,3956.4022028839995,4,4,6.94729679713742,173.4792325887508,3,1
3697,Chennai,3862.510902898641,3,1,45.73454623541161,476.7699530809031,2,9
3698,Hyderabad,1902.664946717654,5,2,46.43620989960222,329.9104602841917,3,6
3699,Bangalore,1878.0766035278018,5,1,34.17132952090019,238.61582942726727,0,5
3700,Bangalore,4270.286214074833,4,4,0.8815704467012353,244.7840954984706,1,0
3701,Hyderabad,825.6076598359698,3,4,26.853710795166304,217.1573445609881,0,7
3702,Hyderabad,4464.973167604547,5,4,31.460948604430676,131.83618522205106,2,8
3703,Hyderabad,1654.9776045316148,1,1,49.7327111479055,205.58345226257873,3,0
3704,Bangalore,3168.4313648997227,4,4,49.80334775973984,273.3902643408284,0,4
3705,Hyderabad,4711.973805508,4,3,42.88056176627787,273.45312835050606,0,6
3706,Mumbai,3551.551256914909,5,2,3.1915496013056766,385.6337130620086,3,1
3707,Chennai,2364.9341561016645,3,4,47.663819538936494,192.22297143552925,1,5
3708,Chennai,3602.903940074368,5,4,30.633062357599954,364.0630540658972,1,7
3709,Delhi,2047.9083634236658,2,2,40.04433852395897,297.4840826089686,1,7
3710,Delhi,1747.6628735713375,5,2,20.359642484292678,481.68579417288055,3,9
3711,Chennai,4985.074750706059,2,2,15.98347356172949,204.9367644963117,0,9
3712,Mumbai,3878.556040309045,1,1,23.1622072741904,452.58390284517935,2,7
3713,Bangalore,3401.2398982181794,4,1,7.343725648441346,413.9084227031789,0,5
3714,Bangalore,2098.8033944869344,4,4,17.8533069376653,326.0788566029393,3,5
3715,Mumbai,721.2237311977167,3,2,42.88087498841393,334.16694403621625,3,2
3716,Bangalore,639.7559421582002,5,4,1.8975243130440744,60.63196861107713,0,1
3717,Hyderabad,2993.8156495195944,1,4,7.543902341230224,476.10781068484755,3,4
3718,Chennai,3929.14724467573,2,4,6.255807982474276,71.32931047795708,0,8
3719,Chennai,2918.206356997348,3,1,20.153777135011403,290.3519881968834,0,3
3720,Mumbai,4283.5328237260155,1,2,49.849345044543085,178.43398421559417,1,4
3721,Bangalore,650.4193989194973,1,4,8.667896510569134,226.32894957912885,3,5
3722,Delhi,2150.3843439167304,2,1,7.274132479963008,312.8878452016722,3,5
3723,Delhi,1566.8167602838012,2,3,45.75278648880772,456.2486613835144,1,3
3724,Bangalore,2512.728356707049,4,3,44.102525848298285,239.63221931470468,1,3
3725,Delhi,825.6937693735512,5,4,1.612018499827722,494.11018654709176,1,7
3726,Mumbai,4793.592387069826,3,4,37.58529800896575,304.54979136871987,2,4
3727,Mumbai,1504.6493048121242,5,2,32.77328507382148,97.06589246824376,3,4
3728,Bangalore,4650.384989676131,3,2,38.38704049263545,111.2044615190011,0,8
3729,Delhi,2416.519197665068,1,4,24.725122739796106,363.7332970828405,0,3
3730,Mumbai,4934.858599648481,2,1,49.56896092241478,44.19094123682324,0,6
3731,Mumbai,2993.2627255709485,2,4,2.1923509355481596,250.5639565866689,3,4
3732,Hyderabad,4688.747888791134,1,2,11.718579320190287,91.14517270568797,2,8
3733,Hyderabad,524.0704491240028,1,2,19.827299348680754,227.9449448853656,3,7
3734,Mumbai,3867.0746278140505,3,1,22.48889707828516,379.96036259442536,3,7
3735,Bangalore,4563.7279389613195,1,4,46.068370134975936,240.2302055558884,3,9
3736,Chennai,1128.7425514052934,3,2,28.000218203862943,98.45653231084495,3,9
3737,Chennai,932.5663327946818,5,4,2.255549776019694,140.92417777118837,3,2
3738,Mumbai,2410.5767323368,2,2,20.393148171283094,196.41900255304756,2,8
3739,Mumbai,4701.555077598208,2,3,20.824520618453494,53.38936807347906,1,7
3740,Mumbai,2940.739520856974,2,3,48.27454692188924,300.4820653189385,0,2
3741,Bangalore,2873.554086747795,5,3,29.959854551055408,311.6162198134641,3,9
3742,Hyderabad,1135.0675323469484,5,2,31.78255355794694,49.83292502363238,3,0
3743,Mumbai,503.5527999194845,4,1,35.66265156256354,213.10943416359777,3,4
3744,Mumbai,4145.630408354576,3,3,38.50196578410616,218.72032778466797,0,3
3745,Delhi,894.0855334380719,3,2,31.75255351012446,180.23339290524856,2,7
3746,Bangalore,3352.3241843089577,4,4,11.859717556696776,287.7150753589337,0,5
3747,Mumbai,4615.7740453183615,2,3,43.702295717058206,186.05959522885365,2,9
3748,Delhi,1438.9336092129397,3,1,36.60599002053151,219.8764541493469,1,4
3749,Chennai,3493.7277630660988,3,1,37.09352425484779,402.8113027719707,3,8
3750,Mumbai,854.1435951837925,2,1,49.82783696173746,97.8124906064967,2,5
3751,Mumbai,3216.8981472692585,1,4,40.1263267431658,317.175053745642,0,2
3752,Delhi,1237.6927442894123,1,4,41.45757015775766,262.68531281160585,2,5
3753,Bangalore,3811.791022318301,4,1,47.57027578550792,166.43438599008755,2,3
3754,Mumbai,1855.5408265725869,5,1,7.556699992444694,369.21663511539714,1,4
3755,Chennai,2585.259539620908,3,1,24.886368823903393,284.570412579751,3,5
3756,Mumbai,3197.4374391242977,3,4,29.02835117953938,249.13353294113375,3,8
3757,Chennai,1270.730347998078,4,4,16.463786461122883,340.48127109017605,0,2
3758,Hyderabad,3837.370183779294,4,2,41.97016719472528,405.0993478310532,0,0
3759,Hyderabad,1861.8815328656656,3,3,38.12098108228617,486.88101921611656,1,1
3760,Chennai,3480.6733696073907,2,4,36.044153725406204,322.08817682065927,2,7
3761,Bangalore,1212.2737281471814,2,1,49.85747198790834,439.7311929921838,2,3
3762,Mumbai,3596.529466428576,5,3,12.969068670419526,20.523939691019333,0,6
3763,Mumbai,1076.846327647078,3,4,36.772862583771065,274.5131325084278,3,1
3764,Hyderabad,2414.1042332149264,3,3,27.57022374529503,123.03082340969509,2,9
3765,Chennai,1612.4273318249457,3,2,15.649459124693804,65.21237939990584,1,7
3766,Mumbai,3867.6886224268214,3,4,8.029343536156292,275.3460881909082,0,9
3767,Mumbai,1679.1575202809356,4,1,44.794191853377356,378.47672295156514,2,8
3768,Bangalore,4467.727878779283,1,1,29.772774135392265,217.89081078770226,3,6
3769,Delhi,4513.190951329758,3,2,41.246691882039734,341.65157568532874,3,9
3770,Hyderabad,1383.9859185025364,1,2,27.26724920007724,255.06524184365597,1,0
3771,Hyderabad,3262.306752534759,2,2,10.998854032700978,229.8012156605245,1,1
3772,Delhi,894.7293877398395,5,2,16.87744065501626,159.32318740921312,0,8
3773,Mumbai,2261.916948207331,2,2,19.076942123677327,203.64488696048218,0,9
3774,Bangalore,3709.9477827557253,3,4,48.64674062518512,187.9019027813254,3,6
3775,Bangalore,3467.404610824623,2,4,0.281663919069125,330.16984832714314,3,2
3776,Hyderabad,3311.1530123297357,4,3,49.28330115122535,75.68888541398698,2,4
3777,Bangalore,1771.433886480996,1,2,49.02308175549153,64.46545697014687,2,0
3778,Delhi,2201.112272454809,3,1,49.80753952650683,336.806237220061,2,9
3779,Mumbai,963.2576511512877,4,1,23.829408945981733,282.22307354186273,1,2
3780,Delhi,3735.6026919512046,1,2,48.19044848104998,226.49604643647564,1,3
3781,Chennai,2767.499585560731,4,2,19.779959092491367,93.1725845157937,2,3
3782,Hyderabad,3689.445345555446,2,2,1.3147220334193355,217.29301369726952,3,6
3783,Bangalore,1620.2458615859275,3,2,11.217359318588226,399.0712463936056,0,4
3784,Chennai,1959.972028857798,2,2,47.26481224686923,447.0181931788434,1,8
3785,Bangalore,2003.969017670516,5,1,0.688234666769999,357.23675358282566,1,6
3786,Mumbai,615.8408438624729,3,3,27.299706771148752,48.7578444228228,2,1
3787,Mumbai,2034.7154277378058,2,2,3.7800794447339525,341.7966927685369,0,7
3788,Mumbai,4114.8705808311515,3,2,14.319828921378924,135.6730829822214,1,1
3789,Bangalore,4537.843230873823,1,2,4.404642535594333,171.32059665267442,0,6
3790,Chennai,2831.9824203616736,3,4,42.97643105565282,114.01913982079257,1,4
3791,Mumbai,2549.7576284864913,3,1,29.55353548238529,392.3627794976982,0,9
3792,Chennai,638.7107841471661,1,1,45.105323285915645,331.32901886589394,0,5
3793,Bangalore,4456.419519134222,2,3,34.41765997701142,313.6808262076068,1,3
3794,Chennai,558.5459604164272,3,4,48.551456562254984,340.6268526412525,0,4
3795,Bangalore,4751.375360945953,4,4,25.49388273802033,133.65068547387364,3,4
3796,Bangalore,2701.473119096408,3,4,31.935529088143728,233.42931887617357,1,6
3797,Hyderabad,2038.7052210862698,2,3,28.81544099445283,323.9617863435148,1,3
3798,Bangalore,4658.9829567919705,1,3,24.213021472330638,325.5651332567842,3,4
3799,Bangalore,609.7594689954353,2,3,42.29796827115063,400.08889412246265,0,3
3800,Delhi,3116.412026910892,5,4,32.22625678351801,157.80990401029305,3,3
3801,Mumbai,2970.196360247019,3,1,40.06561324277364,389.7613384144748,1,7
3802,Hyderabad,1486.9418054512194,3,4,39.31819683012066,231.28855069612914,3,4
3803,Hyderabad,2429.993441075948,1,3,9.552258032764765,341.6828921882887,0,8
3804,Hyderabad,3435.188026746966,3,4,32.508176625882186,238.74530243133765,3,4
3805,Delhi,3772.0903859686737,4,2,9.982400959066705,475.3328814996528,1,7
3806,Bangalore,503.225864179609,4,4,29.166023912188543,106.06508707598934,0,2
3807,Mumbai,4715.840435409569,2,4,33.87173422231503,344.0024425195314,1,6
3808,Chennai,1240.3641757676558,1,1,49.86175357937934,296.7368003687163,1,0
3809,Bangalore,1551.1119540006164,5,1,1.527098907486918,102.91089965491742,2,4
3810,Delhi,1685.630505622317,2,1,4.5621197056860465,51.6830411896006,1,1
3811,Bangalore,670.1906144841589,1,2,3.8513348185615746,403.58930670639853,1,7
3812,Bangalore,1053.734556156462,1,1,19.918064313337002,95.57664015020728,0,5
3813,Delhi,4938.574653248729,2,2,41.079418074290686,109.52320773717247,0,4
3814,Hyderabad,1918.4753181977874,2,3,42.20281663935678,489.6484275147389,0,2
3815,Hyderabad,1018.8549065257221,3,1,36.84897978605758,364.28520870878276,3,0
3816,Mumbai,981.4606752858049,5,4,44.84391209149739,140.23368396858677,3,9
3817,Mumbai,3737.5698545148734,4,4,16.142997208472625,303.6555008727686,0,9
3818,Hyderabad,4345.558988146884,3,2,4.407732212614956,276.3736824332064,3,9
3819,Chennai,1656.2853477881144,1,1,2.9076513994925057,425.3471684066468,2,9
3820,Bangalore,594.0928055085574,5,4,42.606635980969315,370.0739589596597,3,7
3821,Chennai,1503.905083004101,5,3,36.52181471768456,419.2261402367292,2,4
3822,Bangalore,754.320608585408,2,1,34.93076530055605,121.52316222913397,0,8
3823,Hyderabad,965.2772148351868,5,3,16.983816927283442,327.3052180961625,0,6
3824,Mumbai,2441.7865393143907,5,4,18.99525943091131,39.31561204082256,3,0
3825,Mumbai,1534.6326688773465,1,1,47.90567644496596,53.091493894025646,0,0
3826,Chennai,2821.7564533644054,3,2,3.190237204896751,362.4929756982067,0,6
3827,Mumbai,1640.7218896573568,5,4,38.68658684688963,31.72164926908705,1,6
3828,Hyderabad,4732.417854963264,2,3,15.481666185419657,298.2872042722444,0,8
3829,Chennai,4576.747855668191,3,1,1.9527309206278043,423.39444725337444,1,1
3830,Bangalore,3050.627472547097,2,3,37.128505537122805,202.37206804065374,0,6
3831,Mumbai,2094.9079639432375,5,3,16.54559428391873,41.523409683158135,2,1
3832,Delhi,2215.16096915631,3,2,36.10737593713983,362.6467758217889,2,9
3833,Mumbai,2353.3352741502363,5,2,35.382719155906,466.2494971827924,0,9
3834,Bangalore,3774.106949607248,1,4,26.739343771655754,364.2422681879686,2,1
3835,Chennai,2532.375479834771,3,2,38.86865646052744,297.6546766413321,2,4
3836,Bangalore,4355.284759276538,2,2,29.051916208562172,130.4138383419488,2,8
3837,Delhi,4748.42653668664,1,4,14.331842642413035,27.380299541358557,3,8
3838,Hyderabad,2011.7576902052024,4,4,36.70576505322095,353.44261206994554,2,9
3839,Mumbai,3023.1251661905603,2,4,29.456990793886177,130.89256440526063,1,0
3840,Chennai,927.75441574654,5,4,0.6363640844960272,431.9180850475316,3,6
3841,Hyderabad,1402.1107149486154,2,3,45.08220888851547,243.8547770396534,1,9
3842,Bangalore,2360.5959501957204,4,3,27.28218091621567,274.705079538779,1,9
3843,Chennai,1427.9122215580048,2,4,43.43136327397659,381.889541247856,1,2
3844,Hyderabad,4444.52220854923,1,4,44.13684194911223,394.1266917456047,3,9
3845,Chennai,1212.2881522659413,2,1,22.248332836754425,328.4723998786727,0,9
3846,Delhi,2550.4736969889136,3,1,25.382999822561548,470.44727139811664,2,0
3847,Delhi,3225.6465820694407,4,1,20.787719383780097,491.5032494338013,2,1
3848,Mumbai,3613.3875867238,2,2,22.471838765402275,474.5050132998161,0,5
3849,Mumbai,2223.8121637692802,4,3,44.75735794858639,415.6060089650929,0,9
3850,Delhi,4410.945809261279,1,3,39.40720069839555,358.7001057172407,1,1
3851,Chennai,3057.4361798506648,3,1,6.326283815778899,338.3964117832004,3,1
3852,Delhi,2477.785012013983,5,1,30.515389077004794,69.80008492185627,1,3
3853,Mumbai,802.5828532341648,2,3,49.795332019317115,150.312486473174,2,2
3854,Delhi,2591.1026080032425,1,2,29.777535061624288,22.730347294100977,0,7
3855,Delhi,4193.311283670786,4,1,39.29358127965528,85.9567377123161,2,7
3856,Chennai,3265.4345819959194,4,4,38.45307366905855,230.8301490412104,0,5
3857,Hyderabad,4244.731041781033,1,1,17.51587629361643,90.33754437875521,3,3
3858,Mumbai,2723.0525176968754,2,3,18.592465135197944,452.7984390448438,1,6
3859,Chennai,1033.0776729251684,5,3,36.20382108952016,406.73560896093534,2,8
3860,Delhi,561.3793062614648,2,1,24.999176580241755,54.37371780296875,3,1
3861,Delhi,1864.4879602336603,3,1,28.5285354565194,139.4785834242877,2,5
3862,Hyderabad,3640.957121740066,2,4,35.64528951824188,413.15450461352424,0,6
3863,Mumbai,4056.169567737622,3,4,38.87875135195251,405.4621407487393,2,0
3864,Mumbai,1830.8877557914823,4,2,13.575828886653568,473.8162640565386,3,5
3865,Bangalore,2730.442643974612,3,2,7.3396879718481465,498.8229255763329,3,7
3866,Mumbai,2395.0350699533674,5,4,14.589732336186263,488.6096303557385,1,6
3867,Hyderabad,2347.352529581425,1,2,25.376916254603778,216.8662331462919,2,1
3868,Bangalore,1541.0692094006772,3,2,17.107065864851954,140.15765302497547,0,1
3869,Bangalore,1113.6699726325628,2,1,28.41813794237969,384.03689140499,2,3
3870,Delhi,1385.098512040459,3,4,2.673286206281422,163.65098851713478,1,4
3871,Delhi,748.9957422350574,4,1,25.48752058068836,407.0721728630383,0,4
3872,Mumbai,1391.5883382060965,3,1,18.399245346885394,276.2982705910037,0,1
3873,Bangalore,541.4040393142076,5,2,26.73333774464412,401.0850921127779,1,6
3874,Delhi,3322.662802861902,3,1,21.126667744248838,152.42234226416502,0,7
3875,Hyderabad,1923.689333244573,5,3,14.211292531877124,263.853111465834,3,1
3876,Delhi,4879.151201421088,2,2,45.20539527288179,290.7314209290474,3,3
3877,Delhi,1371.7267284933405,4,3,9.238249421067845,472.6918725056634,0,2
3878,Bangalore,2056.2285663931725,1,2,34.068278779027985,147.9668368786003,2,3
3879,Bangalore,2110.2852138868993,2,1,46.2322356291207,469.61035485674944,0,4
3880,Chennai,538.0317322810724,2,2,26.933497984271654,406.33227942354364,2,5
3881,Hyderabad,4276.435788677565,1,3,43.8204244289741,370.82914596161373,1,1
3882,Bangalore,643.9750706494613,3,2,6.242573921664219,397.6977292088601,3,9
3883,Mumbai,4730.809256281586,3,3,24.689438512820406,310.60402202242733,3,5
3884,Hyderabad,4514.334579921293,3,4,22.85126402404697,137.1584050219932,1,8
3885,Hyderabad,2909.848622386836,4,1,0.40594035184974286,110.95758504312931,1,7
3886,Bangalore,2946.1800871008145,2,3,22.162867067966722,435.8438892081874,3,0
3887,Hyderabad,3442.0006533027035,5,4,18.45148781912989,368.06691324599996,1,8
3888,Bangalore,2241.7250537069913,1,1,33.48993638873077,122.33805572525554,0,9
3889,Delhi,3412.5002752903497,2,4,46.91648892882593,315.24481561971277,0,1
3890,Chennai,701.4577490981909,3,3,4.2895544131018255,234.82231107882743,2,0
3891,Delhi,743.2143230737695,1,1,16.373819335731156,96.15448158228509,2,5
3892,Bangalore,2557.5368882879498,5,4,22.203236869712594,275.2914124914389,2,0
3893,Bangalore,2973.3003549771574,2,3,22.759268901719164,155.1291643838803,0,5
3894,Delhi,4495.179381511185,2,4,38.740486042112686,66.19717959563434,3,1
3895,Mumbai,970.9728525855332,4,1,22.16978329167204,244.1399833017972,2,6
3896,Mumbai,4201.915672372503,2,1,1.3580650726826682,303.2521050049097,0,6
3897,Mumbai,1445.2130178143132,2,1,35.50520472964156,42.515076982952245,3,3
3898,Bangalore,2273.3764182951436,5,3,44.24148475728359,213.00451971727847,1,1
3899,Hyderabad,1924.710956723358,5,4,25.695235627483644,143.67772152160893,0,6
3900,Bangalore,2300.698727894295,1,4,29.05542608492527,34.71228353947156,1,0
3901,Hyderabad,1177.2297413266351,3,3,8.146821948452304,80.31802381352279,2,1
3902,Delhi,2766.065334815997,5,1,11.032297233947851,86.73639623282122,3,1
3903,Chennai,4107.3916542411525,1,2,11.758511956230588,107.77963909662616,0,0
3904,Hyderabad,2486.903046705036,2,1,21.537098744064764,405.6212342902022,2,8
3905,Mumbai,2707.761091541896,1,2,46.4072610447821,230.95609590950681,2,5
3906,Bangalore,4319.454133765914,1,1,26.0892383357443,90.6012762897857,3,2
3907,Delhi,3677.2615158711387,1,3,9.604882260067631,68.14254412538685,1,5
3908,Mumbai,2707.0448383390312,1,2,13.304386793447481,163.01142018993875,2,6
3909,Delhi,1659.6304168513086,5,3,19.200751486359213,403.0474489781371,3,2
3910,Chennai,4482.17036080235,3,2,31.162948784639973,194.94072701102886,3,3
3911,Bangalore,3096.5918076075127,1,4,22.00165765020027,96.75073294109028,0,9
3912,Bangalore,1495.1642454981202,4,2,19.622242208846245,213.97576714215677,2,0
3913,Chennai,1711.0388868710465,2,2,28.236430019949736,286.5495474977876,1,5
3914,Bangalore,4114.098900213106,2,2,12.091749747723274,34.200408146246644,1,5
3915,Hyderabad,698.6550293935495,2,4,3.9451636292291092,321.2680646912831,2,8
3916,Delhi,4964.41484162969,2,3,1.2207157411111058,209.64836144709886,1,1
3917,Mumbai,1086.582558716563,2,4,12.562958173356353,24.668420062973304,3,4
3918,Chennai,4082.3083642862184,1,2,4.579601707223436,343.46691149426283,3,4
3919,Hyderabad,2276.488925472573,3,1,16.81703192603834,361.94606507007114,2,6
3920,Mumbai,2714.972824793601,4,4,38.64667701798778,321.84309850816777,1,4
3921,Mumbai,4462.927598590601,5,1,35.81471652434192,184.12650444724267,3,9
3922,Chennai,2358.10035315146,4,4,30.54638113940144,274.2103299516614,2,3
3923,Hyderabad,2918.7218915295553,5,4,42.62501219397394,205.83569894404897,3,9
3924,Mumbai,721.8484808412647,5,2,14.103381227213834,356.2984304766533,2,1
3925,Mumbai,510.5636324035392,4,3,44.252687651498285,300.11848939217055,0,7
3926,Hyderabad,1601.5994285077666,1,3,19.961958483458957,59.26357463717588,0,4
3927,Bangalore,3562.6239181344527,2,2,20.04466591333133,328.68490794511877,2,3
3928,Mumbai,1045.6920201161151,1,4,20.267580681276076,349.8744388821447,0,8
3929,Delhi,1011.9288146204724,2,3,4.904718312049072,197.9370466950557,0,1
3930,Hyderabad,2349.3227361615645,3,3,48.774524916552785,440.3771748606581,1,2
3931,Mumbai,3415.266673737019,5,3,6.92533889125796,424.6468903255821,0,7
3932,Chennai,3704.3239651156873,4,2,17.044286223459228,104.07993147187418,1,3
3933,Delhi,1303.0280334426866,3,1,15.965016016337858,454.0478280732169,0,8
3934,Mumbai,858.146663174191,2,1,3.733971640835482,231.61873831763722,0,9
3935,Delhi,4731.786652754949,1,1,7.613006505593834,367.3998332644608,3,9
3936,Delhi,1672.9987215294577,4,1,2.242916809269291,410.76656334427327,2,9
3937,Bangalore,4340.059239239257,5,1,14.620224678025673,262.45396211345115,0,9
3938,Delhi,4385.711527082682,3,3,43.33284620144532,211.56893089799155,2,8
3939,Bangalore,3976.35166293145,5,3,16.972110286869224,459.4166569352472,2,9
3940,Hyderabad,1259.7512299365653,2,4,6.184591603368961,130.80970540900313,3,8
3941,Bangalore,4198.106566643902,5,3,32.2846934191959,143.34563730518937,2,0
3942,Chennai,3961.6275165871402,1,2,49.83004560274553,193.5777507264498,2,5
3943,Mumbai,3185.253455477977,3,4,11.616189476596379,432.54357342587144,0,9
3944,Hyderabad,2017.4091582602873,3,3,13.978550268528473,470.61836682227647,3,5
3945,Hyderabad,1681.2887191994485,1,4,48.59235271403943,125.6325030823337,2,7
3946,Chennai,1048.5014543616153,5,4,8.938814377524357,434.65767086299775,0,6
3947,Bangalore,2793.9068010539213,1,1,25.560703372958194,143.93742054491327,3,6
3948,Mumbai,3133.6739397943093,4,4,11.982606650804744,485.90779843994625,0,1
3949,Bangalore,2117.0254573210423,1,3,46.61759489506219,306.7557881511595,3,3
3950,Delhi,2639.1158045639086,5,1,49.0760507288147,23.40150437474355,3,0
3951,Bangalore,2135.8150581617,1,3,40.734892306000766,36.38235395416538,1,6
3952,Hyderabad,3384.5272579431557,2,1,15.739190790640528,90.79257478626006,1,3
3953,Mumbai,4555.666435084535,1,3,20.17437376402525,110.03511575300323,1,8
3954,Bangalore,1237.641179211252,1,1,12.115284183321068,388.45717895676637,2,5
3955,Mumbai,2216.3396445640556,5,1,44.537898350449574,126.92762068013595,0,5
3956,Mumbai,1133.908717778876,4,2,45.727913884407904,485.18797762393274,3,8
3957,Delhi,3312.246966835244,4,3,20.943533112302358,325.3337874574104,0,7
3958,Delhi,3779.917292698681,5,4,32.82665349515009,352.4084044416885,2,5
3959,Hyderabad,4693.607296688551,5,1,8.277658988734693,124.5519292568996,1,5
3960,Chennai,1754.923668174342,5,3,21.746795018170452,448.49903076564067,1,5
3961,Mumbai,4775.950426394435,2,1,31.574955333674882,340.55099495356706,0,3
3962,Chennai,784.6820231930366,3,2,19.27015592590098,434.91469968409467,0,4
3963,Hyderabad,3213.5623851406467,1,2,17.879976284322996,479.11092667098893,3,2
3964,Mumbai,757.0972370449849,5,2,0.049949613347133326,80.30766901260628,0,8
3965,Mumbai,4521.983844928752,5,2,40.214673188855706,66.36187052909392,3,1
3966,Chennai,2884.1407568152435,5,4,44.46688060107241,405.63575676302514,3,6
3967,Bangalore,3512.067578432582,4,4,48.47317647729161,435.7405083652017,1,0
3968,Delhi,4242.082666597036,5,1,35.963569253460776,300.2054820214331,0,9
3969,Bangalore,1176.3978011778595,1,3,27.43961561849423,195.6802629202499,1,6
3970,Chennai,673.6620287216023,5,2,13.46422599043547,333.2622253161074,3,1
3971,Delhi,4454.965156607835,1,2,49.964973798174924,166.7187548443795,1,4
3972,Bangalore,1917.1995235651962,2,4,29.48764272660528,134.42513223366473,1,0
3973,Delhi,1080.4050856722438,3,4,34.05770361652231,254.30970057308744,3,4
3974,Mumbai,2608.0755668918896,4,2,34.120308097765886,123.75383725106225,2,3
3975,Bangalore,3192.3773406320847,1,3,42.26258978785907,252.177731991283,2,0
3976,Delhi,639.3677154012955,2,1,0.4836269423459605,479.17112262251453,0,0
3977,Delhi,1737.0304621568948,3,1,11.01234702156859,423.09633709634744,1,6
3978,Delhi,647.599434246032,3,1,33.2767000085007,471.9828413600107,0,2
3979,Bangalore,2391.5092513797454,3,1,44.757286841228385,407.0379079267321,1,9
3980,Hyderabad,4527.950130798099,1,3,34.26693909606781,190.2804492542128,0,8
3981,Bangalore,4921.935851721061,2,3,20.674564574684005,409.7817145047484,0,8
3982,Chennai,3366.7139907663236,5,3,18.07777479351308,462.99955690554276,3,9
3983,Bangalore,1227.369622030663,2,4,36.89740041416602,474.57717816178615,2,8
3984,Delhi,4576.322254996876,2,2,37.06188485685967,347.93496832879856,2,0
3985,Mumbai,2823.115204400272,2,3,30.35289962528452,121.45598903125432,2,3
3986,Bangalore,1191.8719044631314,1,1,14.573351204866853,39.06999361505161,3,0
3987,Bangalore,4647.770012532476,1,3,46.25774091952718,90.65610951687476,2,0
3988,Delhi,3908.6107282539633,1,2,27.593997105931955,483.4625205890938,3,8
3989,Mumbai,3792.673727254182,2,4,39.52461781241653,241.8064756125293,1,4
3990,Mumbai,3691.313167074821,1,1,10.715413108091582,430.3932871193876,3,0
3991,Chennai,1401.5291949339903,3,4,17.20203943073639,243.22119370797972,0,2
3992,Bangalore,1449.5301126838672,1,3,43.72897581936712,337.1924400607229,0,6
3993,Mumbai,3597.3184929226477,4,1,2.5053514969984203,31.58757301872015,1,1
3994,Mumbai,1488.752375496786,1,1,25.615765562833104,139.93517250529607,1,3
3995,Hyderabad,2474.02263561372,1,3,24.085273992200452,229.40925442044283,0,1
3996,Hyderabad,4019.008215172736,1,3,37.561509445404106,322.70290263399835,2,8
3997,Mumbai,4027.7863314402844,1,2,14.09468852996662,102.33017026552568,2,8
3998,Chennai,2539.677976366368,4,3,10.953341092979974,386.98470284983523,2,6
3999,Mumbai,4064.854722238603,5,3,46.306641938661684,194.91425894539393,1,6
4000,Delhi,4273.798082891255,1,3,28.58548259792324,412.3689292322645,0,1
4001,Bangalore,3446.490880779171,3,1,5.234478414182725,67.0251633896323,3,9
4002,Chennai,1527.9163353878907,4,2,9.651808110716054,346.2831620875385,1,7
4003,Delhi,1733.0530117349638,5,1,49.94130297571242,160.7975999391249,0,0
4004,Chennai,1916.7851993393092,1,3,9.780449812609621,401.7839235788566,2,7
4005,Delhi,1025.618484802784,5,2,30.523775567683938,213.04180498035709,2,4
4006,Bangalore,1729.218291664753,3,3,21.006403949780903,339.3678234865119,2,3
4007,Bangalore,1442.8365094063945,4,1,44.27995474249177,468.46652894550726,0,9
4008,Hyderabad,2548.9793741387098,4,1,37.758429614766385,29.90078336660689,2,1
4009,Delhi,4587.968965425192,5,3,29.84756981309079,25.336055520499343,0,2
4010,Hyderabad,970.1614253928113,1,2,0.5369490898991247,389.73404104482245,1,9
4011,Delhi,3741.20565776328,2,1,43.98976037467298,330.2686647238775,3,1
4012,Hyderabad,3592.773519859075,4,3,22.233373541935812,160.63026584212767,2,3
4013,Bangalore,930.8938939851095,2,4,46.578882650928826,257.31041733164597,1,2
4014,Chennai,4651.5758220761,4,3,24.776950642710062,40.129119487457,1,4
4015,Hyderabad,3058.124909705688,1,3,34.711224459136275,112.37389057339557,0,6
4016,Delhi,2136.764845110579,1,2,3.4646324733321077,223.75825977304038,1,8
4017,Delhi,3904.42362572888,4,3,37.25758267633929,420.3413197863115,0,4
4018,Bangalore,1658.1445628073532,5,4,16.899801565596146,250.24024777284072,0,7
4019,Delhi,3620.7942667084417,1,3,17.567950716589042,301.45400217246976,1,1
4020,Mumbai,678.7004340751125,1,4,5.932792235469497,439.40182015701464,0,5
4021,Chennai,4277.336169241724,3,1,7.342857432010113,168.23307852264574,0,7
4022,Hyderabad,2516.768811595933,1,3,9.287952810310507,356.33567412898685,0,8
4023,Chennai,3365.118114610738,3,2,16.41030842857112,433.6002841655616,1,3
4024,Bangalore,1495.5701891300764,1,3,44.59849563878027,117.25553633416483,3,3
4025,Hyderabad,3546.8317069630157,1,4,18.413011911504025,191.1095192709596,0,6
4026,Hyderabad,3975.0812415197447,5,4,36.21813532816092,490.30888346689045,2,3
4027,Mumbai,2629.4593409797944,5,2,4.13737519449357,491.9449111021813,1,4
4028,Bangalore,3279.7711582780744,1,4,29.55493996359963,127.1503665410902,1,1
4029,Delhi,2553.4666572007936,4,3,24.094561563521978,51.894002668461496,0,1
4030,Mumbai,4523.411161660304,4,4,48.89789734772523,150.04237342882539,1,9
4031,Mumbai,2740.411312314436,1,3,42.310388493948146,210.9113395057699,2,4
4032,Chennai,4288.139190629685,4,3,22.741488621932486,231.68268844695857,3,9
4033,Chennai,4106.084262216118,1,4,38.75713820226694,317.02702751860335,1,9
4034,Chennai,2347.2716960676044,5,2,9.651937064688877,451.76132486314225,1,1
4035,Mumbai,1535.3802133586378,2,1,28.116816369588904,178.56704571543798,1,5
4036,Delhi,2327.3695965189695,3,2,3.730952778435409,427.9925770396201,0,5
4037,Hyderabad,4217.9781909884905,4,1,17.404451612584154,64.86988204478092,2,7
4038,Chennai,1524.3464111872656,4,2,11.293109081108515,40.09985550714306,3,0
4039,Delhi,2859.963556359872,5,3,35.94549076626055,261.9416878992614,2,6
4040,Bangalore,4127.435365823363,4,3,24.50453456071807,48.637867198690344,2,6
4041,Chennai,2090.6486380777046,1,4,37.553523942400524,208.39510459243047,1,8
4042,Hyderabad,3389.9433665121383,1,1,25.76477188157228,450.4534960972325,3,3
4043,Bangalore,1605.3420832196655,2,1,4.324222107581926,135.91185737958722,2,6
4044,Bangalore,991.7575041567197,2,4,36.76838248662634,358.8683720599535,3,5
4045,Hyderabad,4074.7290129178537,2,2,41.66146319939028,165.1353883472321,0,3
4046,Chennai,945.3588053391807,1,4,45.17656129563963,41.56162651622509,1,9
4047,Mumbai,1721.2162778581308,2,2,28.599597265335408,287.2114790769485,0,7
4048,Hyderabad,4347.992398988481,2,4,37.67926794997475,420.72967545764084,3,2
4049,Hyderabad,2059.111791854002,1,1,37.602216844131355,216.54485520445732,1,7
4050,Hyderabad,4878.704072813725,5,1,7.787487989947217,316.30103669988176,0,4
4051,Bangalore,4908.804506482369,4,2,8.211034372978537,452.01132687570845,1,3
4052,Delhi,1707.2420920410052,3,1,3.544275290456306,399.0533661137541,0,2
4053,Mumbai,684.402000124507,1,1,15.995681757015074,113.06067170855327,2,9
4054,Chennai,3672.784778924206,1,1,23.675429387053228,372.0243004952028,1,6
4055,Chennai,2529.439261917547,3,1,49.894892637710846,260.90865207687295,3,6
4056,Delhi,953.3877978180933,3,3,21.549667103408478,378.0640677853207,1,5
4057,Hyderabad,3683.8526854011925,2,4,36.312129425368546,257.36746425066474,3,2
4058,Mumbai,640.2870910036455,3,4,34.66985131362673,81.41991877198537,0,8
4059,Chennai,4415.88510721509,4,3,10.22409751252898,293.5565344108348,0,1
4060,Chennai,1123.9363810098666,4,1,2.9253575724718206,256.22431635072314,3,2
4061,Hyderabad,1072.9034543602625,4,4,27.30033757667937,268.60243214789205,0,0
4062,Delhi,1290.5253408586304,4,4,35.015279615723806,441.8731777500177,1,6
4063,Mumbai,4821.198613214299,4,4,49.9125895093128,449.52178241900066,0,1
4064,Delhi,3619.262121142307,2,2,17.930552614058538,237.6978112475448,3,9
4065,Delhi,4106.171909586365,1,3,44.81822810405484,238.75137981444243,3,7
4066,Mumbai,2289.3574357973885,3,2,19.09662279345932,267.28974025885566,2,8
4067,Mumbai,2013.4072737723,1,2,34.47058542152564,269.40285360044334,3,1
4068,Chennai,1555.1780305242648,3,3,29.912646525852598,476.1858292059741,0,5
4069,Chennai,2662.91612740584,2,4,2.648939665129846,331.7122243411969,3,0
4070,Mumbai,2983.2293009037585,2,2,3.919421348512925,153.1793575462131,0,7
4071,Bangalore,3342.9867964373993,5,4,1.0382044862230488,275.13766253791516,0,4
4072,Chennai,1657.0332679941253,5,2,18.541704229699473,321.0673197958318,2,8
4073,Bangalore,4768.943364063458,2,4,37.290052438300535,327.09042608670296,0,2
4074,Mumbai,1263.9132419321113,2,1,8.637769699536136,300.9220285943277,3,1
4075,Chennai,4845.4392864488555,3,1,30.29264841919479,105.31335421833793,3,6
4076,Delhi,566.8525512837671,2,1,14.441389001553894,36.124730758163594,3,6
4077,Mumbai,2665.065613175805,1,3,39.8496311989536,182.16466513609012,0,9
4078,Hyderabad,2000.1552715245325,3,1,39.91980745014955,225.21063418892172,3,4
4079,Bangalore,2521.0553626861283,2,2,38.770725748321176,49.666034996521574,1,6
4080,Mumbai,3067.990605413551,3,4,26.24167569006884,411.18432224952613,1,5
4081,Mumbai,2460.1512110571907,3,4,14.228335503992584,185.1571700049314,3,8
4082,Chennai,2366.8108263571776,4,4,40.47220219393173,458.5437181656822,0,2
4083,Chennai,3797.2553693598793,5,4,9.305028096962076,94.11685176428728,3,3
4084,Chennai,3586.443237889091,3,2,14.487980101432802,47.32877932991045,1,8
4085,Hyderabad,4249.720769161315,3,4,9.19738530803108,251.51173010543445,0,9
4086,Chennai,1624.81541557773,4,2,33.71050801938239,110.78208167633919,3,7
4087,Mumbai,3242.8782938932864,2,2,34.3118014057909,469.95165227737334,0,9
4088,Chennai,3133.3765342678425,3,4,32.625499639337654,24.945631257794698,3,5
4089,Delhi,2163.8201489270996,4,4,20.78007334323339,218.0574440283368,2,2
4090,Chennai,2687.258938562064,1,4,5.008550360071662,464.8389302456808,0,8
4091,Hyderabad,1912.0196448757792,4,2,45.55847922575106,204.5207392302888,1,8
4092,Delhi,1138.2997892764333,5,3,25.38654820061191,64.69245468822116,1,5
4093,Mumbai,1462.1054479822978,5,2,20.348609745554576,165.3895725736578,1,1
4094,Mumbai,974.8114088054049,2,3,29.44124466241466,259.0449890405281,1,6
4095,Bangalore,3573.8130883555586,2,4,9.63952179095529,108.87280992479988,3,8
4096,Delhi,3473.273268991182,5,2,6.627438955243719,243.94961846876572,3,8
4097,Bangalore,4777.728672109428,5,4,20.276261072897178,421.444733977202,0,2
4098,Delhi,3783.5528614125856,3,3,11.361034704995527,438.85662569437426,2,1
4099,Delhi,734.2062744025915,5,3,12.214514726858228,43.645152661151414,2,4
4100,Hyderabad,4479.103282680294,2,2,44.625574388926466,97.23361186523528,0,9
4101,Bangalore,4382.038233255766,5,2,26.537958859291244,152.139265168066,1,6
4102,Hyderabad,2494.9414434771443,2,2,24.173453216167555,305.53560842604884,2,2
4103,Delhi,3136.3837273756467,1,2,34.47397968642987,193.27748422038422,2,3
4104,Mumbai,4892.352496126335,5,1,47.57740568383698,425.1396384541162,0,9
4105,Delhi,2895.369637316748,2,1,5.609928223528204,364.0024967758101,1,1
4106,Hyderabad,4573.9482276924045,4,4,41.67672835546286,68.21889109448394,3,9
4107,Bangalore,873.6744101458389,3,3,29.200958993392295,319.78760120580375,3,1
4108,Bangalore,1359.733409189073,2,3,7.3082676905918635,74.24606016654964,2,6
4109,Hyderabad,2483.3972454859304,5,4,14.857465934449582,142.41712142550085,3,1
4110,Bangalore,3131.405637517871,5,4,24.118070823236977,105.37790409642946,0,0
4111,Chennai,4173.0253333826,1,4,34.55885722887115,103.06973561633838,2,3
4112,Mumbai,4947.17951814434,4,1,12.130350847672611,315.8698518928924,2,5
4113,Mumbai,2249.831734133524,2,4,26.743940773379492,290.53036282599754,1,9
4114,Mumbai,713.3703626303821,4,3,34.23358137079309,104.4935133381089,3,9
4115,Bangalore,4105.271764828962,1,4,22.43703754237531,495.28294660084725,1,3
4116,Bangalore,3219.7132358726367,3,2,43.15129805600879,222.481631536781,2,0
4117,Delhi,1393.4428649069075,4,3,43.47295514202022,66.59327751436959,3,0
4118,Delhi,2726.7280547963906,1,3,23.534560882022287,77.87312813845526,1,8
4119,Mumbai,3840.39610490176,2,3,48.646285520444984,300.2689825887655,3,0
4120,Chennai,3966.853041808897,3,1,3.7792546202723654,489.95331362406694,2,6
4121,Delhi,2748.282853994429,5,1,0.16811891614683105,294.5365287772149,2,6
4122,Delhi,1873.465385579866,1,3,19.03341319019595,475.53990877598585,2,0
4123,Bangalore,4881.84161917322,5,2,30.054853068625466,233.18376836385286,0,0
4124,Chennai,3485.131749304218,3,3,31.460007872483043,229.20372975296576,1,5
4125,Mumbai,2337.068837058344,1,1,23.82228681469143,260.0035324716235,1,7
4126,Delhi,1762.0845089209358,1,2,6.244165662032309,354.7642199146665,2,6
4127,Chennai,3789.9634235160297,3,3,8.524876089394711,196.45566389663966,1,5
4128,Chennai,1589.8255051719545,2,1,42.60739919260046,434.66529568589937,2,9
4129,Mumbai,1272.6949503815968,1,2,43.39555658696306,34.05506468871019,1,2
4130,Chennai,2884.2525003293163,3,4,33.69492689303601,231.0868136136523,3,6
4131,Chennai,1804.9432668986383,4,4,33.21089861394412,265.27608799036057,1,5
4132,Chennai,3330.0731521562675,5,3,29.884106401390376,311.37547436628614,2,7
4133,Delhi,1030.7240369340507,1,4,10.146294285099412,152.51451793561438,1,3
4134,Mumbai,3447.2349705529473,4,1,21.41253501299516,225.19038607320095,3,8
4135,Chennai,1774.83437598966,1,2,34.794732573168936,252.5781201027472,3,0
4136,Chennai,501.09320495530727,2,3,26.862613600166934,349.7167897679424,3,6
4137,Delhi,1071.2122595337937,3,2,0.929016702754959,391.30120867319073,2,8
4138,Mumbai,4701.269200257923,1,2,47.67784033600492,374.15711712501786,0,9
4139,Bangalore,4403.09587601911,3,2,42.24080262860717,183.95986509900095,2,0
4140,Delhi,1551.2406441630658,1,1,13.027250705486892,499.7362510361425,3,9
4141,Mumbai,4002.6735704547104,2,3,30.822946758314806,427.3593496578461,1,2
4142,Chennai,3238.5721692828843,2,4,46.16196918640939,144.81121910958507,3,6
4143,Mumbai,4869.071201524413,4,2,4.800550605682568,113.65078672295722,0,8
4144,Mumbai,2181.225467903266,2,2,25.15147403983503,170.73020028002742,0,0
4145,Mumbai,3566.572756327271,3,2,22.812151292314724,237.12552943982953,3,5
4146,Bangalore,785.9107509076337,2,1,20.510250264176616,428.3837015934146,2,1
4147,Mumbai,2283.113060673827,1,4,41.77943044464625,393.61388662137654,0,4
4148,Bangalore,4837.179475346812,2,2,19.03230733487287,428.5981392828205,3,6
4149,Chennai,2925.4139350255423,3,1,3.18316666205038,150.53941515695766,2,6
4150,Bangalore,1795.4577650068006,1,1,3.291887108215125,304.8613867768814,1,9
4151,Chennai,1041.2193340787308,4,2,2.1372303262304495,155.95954989313975,2,6
4152,Chennai,3665.877530816887,4,2,20.457271093701863,72.3311171453567,0,3
4153,Bangalore,3401.8521954337707,4,1,35.920313884917995,348.4149168678467,2,5
4154,Delhi,2182.724211216986,1,1,10.186123096525773,88.63882457381061,2,9
4155,Hyderabad,4779.236083396254,4,2,32.323426021577475,340.4949256191063,1,5
4156,Mumbai,599.9126584453264,2,1,34.35442360518521,331.0228663545964,3,6
4157,Hyderabad,1866.7573323432161,1,1,12.760106200779898,408.91925332352815,2,8
4158,Mumbai,4644.812688348116,1,2,30.027882803031464,86.9862101905109,1,5
4159,Mumbai,1944.2094724374817,1,2,34.243417001342365,396.0704712842292,0,9
4160,Chennai,1635.1377523482668,5,3,23.330681140106286,499.65273245419377,3,0
4161,Mumbai,2903.991844690613,3,4,16.835829864004754,428.50037532123304,0,7
4162,Mumbai,4207.107874642421,5,2,30.957577578716368,380.86979663727976,3,1
4163,Bangalore,964.1604239526248,5,2,48.89235436640285,337.83937025345966,2,2
4164,Hyderabad,4743.593193405813,5,2,21.342070468448902,222.4551126490061,2,4
4165,Bangalore,4077.827965315238,3,4,19.586754814256054,370.64008058796907,3,5
4166,Mumbai,1315.6261499819839,5,3,23.213345121305668,367.60545686741756,0,6
4167,Chennai,3704.035825391732,4,1,3.810919672252411,323.1191756898984,0,3
4168,Bangalore,2232.3142518690074,1,4,27.6581639835695,402.21362158295767,0,2
4169,Bangalore,2310.3260513434343,1,2,16.434869360863182,235.40666644488064,2,8
4170,Delhi,4024.8054159748986,2,2,6.071106116563124,78.20130182354751,3,3
4171,Mumbai,4832.531635913295,4,3,23.31283705586867,288.35250925243395,3,8
4172,Chennai,1069.9514278123727,3,3,0.16919932869887133,147.22089378144446,0,8
4173,Bangalore,2392.836065954687,1,3,20.089262258137946,204.5278867659921,2,2
4174,Bangalore,2664.237236379366,5,1,5.286763396322525,28.35915389178849,3,2
4175,Chennai,2193.403176297489,2,4,1.2146351699890146,203.739482200584,3,7
4176,Mumbai,2134.3510567230123,2,4,41.2237523122251,408.2245309450182,0,0
4177,Delhi,735.2090040271844,1,3,45.81244016413174,280.5067361303623,0,5
4178,Bangalore,3584.923792531805,4,1,10.383732417955333,24.7042529283061,3,5
4179,Delhi,2462.9648770402046,2,4,26.964913191713062,245.52503371512668,2,8
4180,Hyderabad,1376.5721118976703,1,2,13.897907856549246,159.89679086979555,1,1
4181,Mumbai,4172.150760359307,4,2,24.67887193360911,249.22431459064214,3,7
4182,Hyderabad,4111.523366682326,1,2,21.831566044708012,214.25250629498098,3,6
4183,Hyderabad,2688.762326400022,1,4,13.452552754024282,467.3500253875431,2,1
4184,Hyderabad,1843.0279751649223,4,3,35.01967898176488,39.765103502247584,3,0
4185,Mumbai,3371.417266084036,4,2,6.3245479660127115,348.1222454153275,1,3
4186,Mumbai,1796.6846109983137,4,3,2.653639108568356,428.4927662248359,2,1
4187,Chennai,1562.035686456704,1,1,38.38377165186396,480.4345206322282,1,2
4188,Delhi,3787.31594311847,2,2,33.29650156103399,105.26538874126203,1,1
4189,Delhi,681.4635787442782,3,1,24.926306207319897,275.0263049437731,3,8
4190,Chennai,926.4581196556728,3,3,23.38948852362708,40.92299711226172,1,3
4191,Chennai,530.546783106154,1,4,24.87056897457131,259.60809173844245,3,0
4192,Hyderabad,1188.2443391394177,1,3,21.851203804933643,80.21988297967133,3,7
4193,Chennai,810.4550391970675,2,2,19.644614791558958,422.19040385538244,2,3
4194,Bangalore,4981.110655009634,4,2,24.984530144306017,74.65760125057513,2,9
4195,Delhi,1799.644864793403,1,3,26.425758557988022,266.37841298551774,2,7
4196,Chennai,1171.7060570116128,5,2,34.59511570418105,270.12611311652176,3,7
4197,Bangalore,1584.4831609816308,4,2,35.56035803670113,486.3922390071706,1,8
4198,Bangalore,4712.565071930606,1,1,18.881454007007232,334.3907331386663,1,9
4199,Bangalore,2840.7210036097804,5,4,20.677026137174437,158.16334067686492,2,6
4200,Bangalore,2141.6814333853563,2,3,18.68485848681115,135.58366877030647,2,3
4201,Hyderabad,4430.261560591487,5,1,26.826788681285517,81.55913870963116,3,1
4202,Bangalore,2277.456217470646,1,2,22.667676895709764,383.12706754354855,0,5
4203,Hyderabad,2007.538564809631,3,1,44.47982315680968,351.5631949675225,0,3
4204,Hyderabad,1432.77135147381,1,4,34.81806334582363,312.74102110789084,3,5
4205,Bangalore,2200.085707592352,3,3,44.93281918772228,39.6034126159944,0,7
4206,Delhi,1925.079602076167,2,4,35.456849577971276,386.15785586926137,0,2
4207,Bangalore,3547.8678168416345,2,4,48.549607426190704,328.10603703127003,0,0
4208,Bangalore,1803.122171018272,4,1,31.786838912763454,482.6666566930344,2,4
4209,Bangalore,3097.3988589015266,4,1,48.177506908152736,301.8570223408698,1,2
4210,Delhi,796.5147426438772,3,4,7.908494520471304,165.8969151976199,1,5
4211,Mumbai,1360.8012051343146,3,2,2.6238840414701925,203.12986505087372,2,2
4212,Mumbai,2333.3237222510697,2,3,28.95625926019296,104.4035385815516,2,0
4213,Hyderabad,4716.271642589129,5,2,49.17466028998874,366.99880745666485,2,8
4214,Hyderabad,2197.6339357206293,3,2,20.88026236511984,359.70639681042815,0,4
4215,Delhi,3488.3335453992536,3,3,10.60216810964798,116.31200742928459,3,1
4216,Chennai,1647.8925008962917,5,1,26.077072459675698,96.07487512749373,3,1
4217,Mumbai,1071.6510918795427,4,2,32.43993122894443,56.9623679370534,0,8
4218,Hyderabad,763.4147003602257,4,1,15.758934775794447,457.74835696724415,0,0
4219,Mumbai,1874.3607434423811,3,3,35.738467924962976,131.87352017352853,2,9
4220,Delhi,1209.4746205860858,4,2,48.75572535228629,185.1984928408659,2,2
4221,Delhi,1283.047016072559,4,1,44.848156085530846,154.6421640211955,1,9
4222,Chennai,3923.4168877412753,4,1,14.579268675609763,218.5398092531797,2,6
4223,Chennai,571.271319251934,2,2,16.336184157229916,362.743423703592,0,0
4224,Delhi,3010.145565809455,1,3,18.57706122247943,437.88590418861656,1,1
4225,Hyderabad,2207.5762126705913,3,4,19.727638919682267,107.64739977369928,2,5
4226,Mumbai,2779.4749995884627,3,1,5.015974959663971,349.4779249957593,1,8
4227,Bangalore,3032.736067465713,2,3,38.098141944464466,189.22982827639288,1,8
4228,Chennai,1910.154625057752,1,2,18.266963180535022,490.65304078270054,2,7
4229,Bangalore,1827.9898708292837,1,1,43.99099883527261,163.48119645635688,3,2
4230,Hyderabad,3800.3083220070757,2,1,46.347031156005436,23.452618883772782,0,1
4231,Chennai,4420.746446545207,5,1,1.2215654653844055,267.5071875295257,0,0
4232,Bangalore,1366.6173460633754,5,3,49.42515349641031,92.35092045245011,1,8
4233,Hyderabad,939.2844224081703,1,1,35.50113657500923,41.35732487283157,3,4
4234,Mumbai,4540.081128764117,5,1,26.019611299648115,355.1692313349001,3,2
4235,Hyderabad,2074.529586413294,5,2,19.476380418627663,371.4844556040591,2,9
4236,Chennai,2980.9282579826636,5,1,25.925906630485645,241.1355262959212,2,9
4237,Delhi,2117.9441503400158,1,3,16.231236198922222,344.9050480431571,0,4
4238,Mumbai,1066.110513557231,5,2,31.134390684827412,278.35493515862424,2,2
4239,Bangalore,3151.992402264776,3,4,4.649013822239562,322.3045317065272,2,8
4240,Chennai,2863.1338329633336,1,2,31.05613014559051,306.41790713022135,1,0
4241,Delhi,1413.4710163603875,2,1,13.767242506922205,339.59492674668434,3,0
4242,Hyderabad,2533.41070093525,5,4,0.8817414526173184,115.82271136312221,3,2
4243,Delhi,4086.2637680704065,4,2,27.635288308143878,148.9791776176161,2,5
4244,Chennai,3156.917463985511,1,1,28.92238779263482,231.18231176369216,2,1
4245,Chennai,936.1279718014769,2,2,21.328450235576803,234.14144452120948,2,0
4246,Delhi,2966.096737531108,3,3,3.6143116275158427,391.71762156171405,0,7
4247,Hyderabad,3662.322346803141,2,1,44.66714764020958,196.34895643017538,0,9
4248,Delhi,4067.165326013381,5,3,30.571540361394444,98.00247490840754,1,8
4249,Chennai,3331.0291038542005,4,1,5.785664978448479,140.70366583571644,0,9
4250,Chennai,1186.9617404335268,5,3,25.546528829707384,123.07208114442963,3,0
4251,Bangalore,3695.779699655723,2,4,24.862715797423572,371.19680924289054,0,2
4252,Bangalore,3548.0383073668236,1,3,3.020093439646349,245.76301502047139,3,4
4253,Mumbai,609.9209732328495,4,2,30.342985180147373,360.14273502607205,0,6
4254,Chennai,2352.864504156094,4,1,40.416319946078225,219.78544676366093,0,9
4255,Bangalore,1998.27611133068,2,2,37.45040271242391,447.0730892018745,1,3
4256,Delhi,3512.3542891413954,5,3,10.148470708209167,492.0897477069126,2,5
4257,Hyderabad,1472.6111553991432,2,1,43.11462647771057,341.5244041772536,2,0
4258,Delhi,3158.923653384163,4,3,17.127108282967544,434.63002747338504,2,3
4259,Hyderabad,4609.426828163776,2,4,47.325418914597066,263.80796824259005,1,7
4260,Bangalore,4090.110674938735,4,4,3.587398211285686,468.6180033698758,3,4
4261,Mumbai,4646.559812974387,5,4,24.310434425992135,419.16151312295744,0,7
4262,Delhi,4903.276851197105,1,3,29.856218858877458,496.0537144476988,1,0
4263,Delhi,548.0155715277324,1,3,12.382504923730236,319.0849929573347,3,9
4264,Delhi,3302.335743698649,2,4,38.569009436011385,394.0192353287497,1,8
4265,Hyderabad,2357.7772899150787,4,3,31.344783990535852,280.57670718954245,1,3
4266,Bangalore,4369.345206508047,1,2,0.9054718643977777,144.37765005028297,3,8
4267,Delhi,1633.1661590410927,4,3,30.418429534811793,190.28248214228373,2,7
4268,Delhi,4914.632701017843,5,2,24.57391172092232,449.12259907103174,0,7
4269,Mumbai,3261.685862946863,2,4,9.801460085175384,46.85501436733787,2,1
4270,Mumbai,4070.918310029739,4,3,49.78741135297648,303.9103453157159,1,2
4271,Bangalore,885.1979877024575,2,4,44.858109741380744,198.79233560197216,3,9
4272,Bangalore,1325.5604814148928,4,1,14.625384751453174,205.61241824266673,1,8
4273,Chennai,3912.8165286539142,4,3,27.053546039930815,444.5941790786083,2,2
4274,Mumbai,598.9393491769563,5,3,15.825106995514538,429.83473978218876,2,7
4275,Chennai,4175.950936522022,2,4,38.774787581803906,307.44434027478496,2,4
4276,Hyderabad,562.7705841136016,3,4,46.51657165982275,151.00104675408028,0,6
4277,Chennai,3457.03477577573,4,4,17.941430345719176,248.21904615777154,2,3
4278,Delhi,2142.9226410431265,4,1,40.27921245718137,215.9808290188237,0,7
4279,Chennai,3251.726837236396,1,1,24.920377135660242,189.73665401719774,0,3
4280,Bangalore,3632.141331451012,2,4,19.828928065578864,69.33707770750229,2,4
4281,Hyderabad,2041.138486338369,3,3,46.921092604938494,280.6946656233538,3,0
4282,Delhi,985.8310164987599,5,3,25.520234435951572,164.87902297975214,1,9
4283,Chennai,813.4064048671954,3,4,23.370525012873244,337.18781260521365,1,7
4284,Hyderabad,3150.212101531465,5,2,33.62172009811715,173.21788919625476,0,6
4285,Hyderabad,2842.949091803502,3,1,13.061710050914222,226.95847670470482,0,4
4286,Delhi,3839.9045410450963,3,1,16.239643539415788,45.13297961331561,0,5
4287,Chennai,2793.809795017717,2,2,46.60229181193113,496.41827355462925,1,0
4288,Hyderabad,2401.006055138956,1,4,33.92649227184712,263.65298397208437,0,7
4289,Hyderabad,2291.392302063039,3,3,41.33185738855028,31.63404519880295,3,8
4290,Mumbai,619.0110616895035,4,3,13.555588096771482,279.79071620534916,3,4
4291,Hyderabad,2010.0074076349572,4,1,27.189509496493603,437.76991966671187,0,9
4292,Mumbai,4892.090708860224,4,2,48.56981334947491,390.82502444777725,1,6
4293,Chennai,4431.000093021899,1,3,15.93519495141088,356.435208382138,2,9
4294,Chennai,1982.2013016539795,3,1,8.023823815852094,86.94303420753675,1,3
4295,Chennai,3145.0793227986746,5,3,25.544300411233202,335.71379791398675,2,5
4296,Bangalore,4312.835354909723,5,3,19.39105443624381,387.82322144588494,2,1
4297,Chennai,2485.734515375309,2,3,7.978861639335677,294.7611507034384,0,3
4298,Hyderabad,580.8103868756793,1,1,44.4275691351684,448.5195221697687,3,4
4299,Delhi,835.2970781838803,3,2,49.53619552768889,152.955095256745,0,8
4300,Mumbai,2796.7672460691797,4,4,28.429109034499888,136.22945587484026,2,8
4301,Bangalore,4862.477190541453,1,2,38.7338384186727,437.3934775724701,0,7
4302,Chennai,3619.442939984905,1,3,42.951918477314976,320.1911566358972,2,3
4303,Chennai,819.1228614735628,3,2,35.04910030109134,20.694665850079677,0,5
4304,Delhi,1352.1239410633825,2,3,2.2078024555865605,189.5030760853052,3,6
4305,Delhi,3970.954144475825,2,1,7.88171158584089,431.77087319104373,3,0
4306,Bangalore,4286.478919803101,2,1,3.5494595575693233,33.11336558803678,1,0
4307,Mumbai,3279.6256378486587,4,1,0.493980332102828,21.559005565524263,2,3
4308,Chennai,3399.9042633341746,4,3,15.299820437861827,155.0044594520623,2,2
4309,Bangalore,627.5185267252309,3,2,19.617798024077988,458.7200177644534,0,9
4310,Hyderabad,4228.386168116788,2,4,12.051486616796286,452.7092391056078,1,3
4311,Hyderabad,4047.238436768733,3,4,3.230232404316047,269.0057339847238,3,8
4312,Bangalore,1665.6581484650621,2,1,26.49315454183388,285.55369814701885,0,1
4313,Chennai,3689.0452398447815,1,4,13.665965997857082,179.36384543225063,1,3
4314,Bangalore,1466.8457289124913,5,3,39.80185774317812,136.99359777334874,3,6
4315,Chennai,681.4857247318084,5,2,0.4026310812640599,411.3064900218167,0,1
4316,Delhi,1405.1144416566976,2,4,42.12635256438052,71.02153303982789,3,7
4317,Bangalore,1303.8299453943478,3,4,47.737683947297846,253.93009802174515,2,9
4318,Chennai,2019.8659853068125,4,2,35.80675315767848,324.51068455860053,1,3
4319,Bangalore,2383.0227372895615,2,4,36.68220326312833,69.76653937809402,3,8
4320,Bangalore,2788.4250117396855,2,2,46.67811558013666,269.4114058267262,1,0
4321,Chennai,2645.3924397874766,4,3,10.453564265017457,297.2102181979727,0,6
4322,Chennai,1718.0357268438022,2,3,49.728278410428835,376.3981090435351,1,0
4323,Mumbai,631.2680085833351,1,3,38.67406016892709,132.72130359081578,0,9
4324,Bangalore,3222.957300067178,4,1,36.328535416389684,160.797201579564,1,8
4325,Hyderabad,2280.8517343130948,1,3,18.054528949764638,293.37015038385607,0,9
4326,Bangalore,1844.0247082439737,5,4,27.288874270280527,491.9006767911748,0,9
4327,Bangalore,4401.2346927373055,4,1,32.69588941366735,124.39672775365493,0,0
4328,Chennai,3860.344885091719,4,1,31.017143065860797,493.23383701926275,3,2
4329,Bangalore,4359.9449676759905,3,1,35.24923192387904,362.884415866151,2,6
4330,Bangalore,2727.4225762060746,3,3,4.119086953920531,416.5193934224111,1,0
4331,Hyderabad,1089.1906345704988,4,1,17.78242164158484,63.02780875344283,2,4
4332,Chennai,3632.996462545726,5,3,21.700000829773856,164.2016899667035,2,5
4333,Bangalore,1427.3320097172887,2,3,13.031464893748323,47.7134142324709,2,2
4334,Delhi,2485.5335109127254,3,1,8.631363513461189,198.3425576015241,2,5
4335,Mumbai,792.5035502699982,5,1,6.946373995643141,491.01903676162493,1,3
4336,Hyderabad,4213.887810903421,5,4,18.319169612829256,70.53106985904247,1,5
4337,Bangalore,1066.7328847137526,3,1,24.672085028128294,289.93893553817577,2,5
4338,Delhi,4563.938781721894,2,3,3.1488220073330355,22.913898950629914,1,3
4339,Bangalore,4389.037710177007,3,4,47.32290472952748,362.08775170115007,1,0
4340,Bangalore,2590.6224399766074,5,4,38.262166143037916,114.65249233857972,0,2
4341,Chennai,3849.656919367958,1,3,36.54258865927333,82.2005778198862,1,9
4342,Chennai,3287.50283218169,3,1,8.643026249436348,181.76854983717806,3,6
4343,Chennai,4113.840390519852,5,1,30.19003840060945,390.10126301071114,2,1
4344,Delhi,2443.122953536604,3,2,26.486247340433373,71.17428142938118,1,3
4345,Bangalore,4036.138179099575,5,1,49.12344228933469,130.32271798337376,2,5
4346,Mumbai,2581.0556767931657,2,2,37.383588504007896,24.062922376308578,1,4
4347,Hyderabad,4734.346045292572,5,4,28.78809418581156,484.8391340938967,2,5
4348,Chennai,2688.674453713164,4,4,42.540633323506114,304.22988799465463,3,4
4349,Chennai,2581.786723701783,1,4,7.754713543035474,365.55182546465574,1,8
4350,Bangalore,4032.8233770358074,5,2,0.7608264845488599,332.66392215488696,1,1
4351,Bangalore,4197.09961292377,3,3,34.51166667072616,89.29498825744369,3,3
4352,Delhi,2995.2010144452684,3,3,4.9155730118618735,305.5711707171172,1,0
4353,Delhi,1309.0901607278392,5,4,5.77168199917546,83.07948566780581,2,6
4354,Chennai,2604.912039309108,4,2,37.234036321226526,212.5934979023014,3,0
4355,Bangalore,4856.326263093552,5,2,13.526742206699454,293.10230524414067,0,5
4356,Mumbai,3888.437868676333,2,4,31.431560778444645,288.2629347690348,2,9
4357,Hyderabad,4150.231717456095,4,1,45.87034630463742,77.15524447171566,1,9
4358,Bangalore,647.7147446865806,5,4,15.823726581892917,36.529265430330646,2,8
4359,Bangalore,2605.3675818537195,1,2,10.857207891995941,403.15247065943066,3,1
4360,Delhi,3409.795101458999,4,1,5.328144187052586,368.4427697580826,1,0
4361,Hyderabad,4235.147076326336,5,3,6.523118070986306,59.27307419107427,1,9
4362,Chennai,721.7314411224716,1,1,3.1111347689421365,81.15944902474565,3,2
4363,Bangalore,4335.97498538843,5,3,4.382118941487007,448.4402126670177,0,5
4364,Chennai,2967.8042153386027,2,2,21.600229440457696,389.18187277845436,1,6
4365,Bangalore,1387.9128675922698,3,4,16.043252251198485,498.1569421840036,1,7
4366,Chennai,1927.6484740236501,5,4,35.3280407161499,141.9139756184104,1,3
4367,Hyderabad,1768.6829828820235,4,4,43.512082912350095,254.14543465703116,0,7
4368,Delhi,2888.865654298141,5,4,39.23866015711921,133.50059650993074,2,6
4369,Hyderabad,732.5855596000932,5,4,26.53186283328261,318.9440664691087,0,7
4370,Mumbai,1213.412713249656,5,2,5.122105811632672,75.39883476383264,2,4
4371,Delhi,4157.11869519102,5,2,35.48836419707768,81.07672291665588,1,9
4372,Hyderabad,1096.7179583606498,4,4,18.14143623634368,54.50618787445887,2,6
4373,Mumbai,1550.2832125615714,4,1,4.282519695770509,352.92131948680014,2,3
4374,Bangalore,2540.1677252187083,5,4,42.12332036063128,257.15483716793926,2,0
4375,Bangalore,2827.043996509987,3,3,16.91082585912528,316.51098385022243,2,2
4376,Chennai,3936.2471582637136,5,3,10.912441625578568,442.0645023628923,1,9
4377,Delhi,2512.995919997845,4,3,43.57260323094216,375.3576726825721,3,8
4378,Bangalore,4054.3907946599247,2,3,45.10669342235025,241.62700072001167,0,3
4379,Delhi,3282.5583817045585,5,4,16.948541859577993,492.4908744292287,2,4
4380,Bangalore,1008.9488274072011,5,3,17.74007096406867,239.00292854814717,1,2
4381,Chennai,1203.4914727677738,5,1,28.981426379157206,73.97632315209593,1,5
4382,Hyderabad,2466.6517645239687,5,4,36.67207469053291,496.47427868130364,1,3
4383,Chennai,2286.0022689006782,1,3,3.157460095343173,30.953950407126705,1,4
4384,Mumbai,3845.9492133678255,5,4,29.667182859423587,283.94410855412104,2,6
4385,Bangalore,3113.317129088083,4,4,47.64100308917908,168.36583457586045,0,6
4386,Mumbai,2246.5988645101215,4,4,13.104694858997684,261.7050324881527,1,8
4387,Mumbai,1268.4212755267354,1,2,45.44136070484669,288.18221724537034,0,1
4388,Delhi,1520.766960464728,5,3,47.50841703815468,135.24603021367403,0,3
4389,Bangalore,3089.7545831107655,3,2,13.457682048554487,287.2922027538857,0,7
4390,Mumbai,2405.474622049066,5,1,37.71009329426753,382.909333762658,3,3
4391,Hyderabad,2817.1737898730244,4,1,11.938750415978,147.92472187711923,1,2
4392,Mumbai,1268.0484588600516,2,2,36.880558086606634,204.04454399067538,1,9
4393,Hyderabad,3483.078135550546,2,3,39.870998564441294,148.7564927187478,1,5
4394,Delhi,4336.424333851852,3,4,12.360285185532472,413.86867087433717,0,2
4395,Mumbai,1660.7277805410527,5,1,35.79347717916175,367.9914844206064,1,1
4396,Chennai,2711.8140162432196,1,1,40.60522694320449,438.17428986483554,1,8
4397,Delhi,4889.872980594058,5,1,17.928943605345587,101.62394859279645,0,2
4398,Hyderabad,1999.5878324782743,3,3,8.385138799486347,55.31822631668074,1,0
4399,Delhi,3177.708552156925,3,2,4.598228365875679,77.30408185216321,2,8
4400,Mumbai,905.8806509010997,3,2,28.769085180497093,97.28879975563346,3,4
4401,Bangalore,3227.067511157494,2,3,48.90490596578566,275.87967712390514,2,6
4402,Bangalore,903.3429798707806,5,1,41.14751600111081,486.0377937741271,2,1
4403,Hyderabad,4816.559458957199,5,3,21.79198194672764,191.47299997605538,2,0
4404,Hyderabad,3720.481934325401,1,3,26.83104514274793,480.0839692928985,0,5
4405,Bangalore,4046.719046610679,3,2,13.976394270590948,38.33638159480627,1,4
4406,Hyderabad,3668.469623472366,3,3,8.153293368003178,464.898657351036,2,9
4407,Delhi,3153.780662344096,4,3,24.104057911613662,106.95325150638617,2,5
4408,Chennai,2524.607514884774,4,1,23.17507830835926,457.9879931452874,1,1
4409,Chennai,4362.680208924781,2,4,26.09649764018801,46.989166455421355,0,6
4410,Delhi,4805.760503943784,5,1,47.64022927819704,475.14533479761565,2,0
4411,Chennai,2745.6627780683657,1,2,30.194765007238612,116.3831668730532,1,7
4412,Mumbai,4691.907721198679,1,4,30.288591831118687,165.30274883511714,1,6
4413,Delhi,3124.998094948329,3,1,6.401238143053839,255.6523251694199,3,6
4414,Hyderabad,2922.7288410339493,1,3,49.82444330884102,202.7460229930281,2,5
4415,Delhi,2545.172298299105,3,3,38.64224721173343,340.413425246312,2,9
4416,Bangalore,1441.7949268855393,5,4,43.86016720470024,487.90772828003713,3,4
4417,Hyderabad,516.7384736812663,1,4,20.715020591549703,311.08471558637154,1,8
4418,Bangalore,1586.7780208522756,3,3,25.106404789281246,366.3129965295436,1,2
4419,Hyderabad,2793.7542722160433,5,2,26.104190458113823,62.24252014673672,2,8
4420,Chennai,2209.8197851688865,5,1,9.704726964480258,321.3499659536026,2,4
4421,Delhi,2518.1835260118523,3,3,34.47445781634786,237.84789298227832,3,7
4422,Mumbai,4912.916988038223,3,1,45.148836180872834,445.1755318014216,2,2
4423,Hyderabad,2076.2256680119744,2,1,8.185290906920951,206.34132782868895,2,6
4424,Hyderabad,2534.8232271204856,5,1,4.315913674308225,346.1379891439612,0,9
4425,Bangalore,1100.8199810876881,3,1,36.91094527701711,129.51378956435798,3,3
4426,Chennai,715.8097959664444,5,2,13.660091583649104,144.49881609161406,1,4
4427,Bangalore,3989.3428156662258,1,2,31.193127080866468,200.53876684269133,2,3
4428,Bangalore,3068.074287823904,4,2,34.78791689960904,165.9504980031213,1,8
4429,Chennai,3923.1716271975274,4,3,16.09553817909109,141.8618429072359,2,6
4430,Mumbai,1174.3825949894822,3,3,40.75722987128922,43.84097883238846,0,5
4431,Bangalore,3073.229470322109,3,3,27.499449105710845,421.6382392411804,3,5
4432,Bangalore,1641.39113453619,5,2,43.449970397590135,50.86473482781648,3,9
4433,Hyderabad,1526.2781760500895,3,1,38.16467762794738,445.93544748942446,1,6
4434,Chennai,551.8670632384336,5,2,43.42878160187269,80.22338675266893,0,4
4435,Delhi,1086.5332560608235,3,3,1.0080691058947044,51.32563379007634,1,9
4436,Mumbai,1891.706501748629,5,4,12.175313036929737,290.2422867107346,0,2
4437,Mumbai,1025.9544226592257,3,3,4.500397022296932,261.17206043586646,2,2
4438,Chennai,4936.362981849219,2,1,22.10415085946746,255.79259303930485,2,6
4439,Hyderabad,1888.8469183577781,5,2,44.49800608076591,295.76207720067094,0,9
4440,Hyderabad,1086.4577601604767,2,4,23.37701311334346,157.78717093719476,2,0
4441,Chennai,1395.8704077258099,2,4,42.485652229019706,338.2156512462134,3,3
4442,Hyderabad,3144.664527536644,2,1,16.358911900965893,261.15306545944793,0,9
4443,Mumbai,788.1958573915483,2,2,16.97850364026262,180.6768641395161,0,7
4444,Mumbai,4380.953585635206,1,4,44.778086516343876,416.7203201507495,1,3
4445,Delhi,4826.748556567163,4,3,21.290857325585076,369.30612623682083,0,0
4446,Chennai,1610.363393003214,1,1,39.48827438973332,208.93296413341855,1,4
4447,Bangalore,2525.428708658867,3,4,11.832177394095067,426.8565369098589,0,0
4448,Bangalore,599.6050296327368,3,1,47.44004148388177,461.72396005365164,3,8
4449,Delhi,3383.196011272497,4,2,28.728912326528555,277.69580820049396,3,7
4450,Delhi,2362.66726123665,4,2,37.966178428920095,123.17717607532197,3,6
4451,Hyderabad,1715.2630974570006,4,2,4.475784989744275,459.5802351425537,1,4
4452,Delhi,1430.7669977747382,2,3,24.633211291526436,110.95021764584827,1,3
4453,Delhi,3443.103849464422,1,4,45.05192488670116,43.243148680289195,2,6
4454,Bangalore,2372.976639645415,3,2,43.851931452165225,177.1937642591028,1,2
4455,Hyderabad,1308.4668006346042,1,3,2.3406978617113774,368.9438453412991,1,7
4456,Delhi,3600.990866690708,1,2,15.184923456447336,463.17156144970374,3,4
4457,Delhi,3042.8252736651216,1,2,22.166000323954005,325.8971104709311,0,4
4458,Hyderabad,4364.024247182733,4,4,8.613240717789411,476.8825025439968,1,0
4459,Chennai,1028.641544944218,4,3,36.49991554949852,64.33800285243038,2,9
4460,Hyderabad,4035.499708750053,3,2,9.225599779935578,49.16179020224963,0,7
4461,Bangalore,3530.8255406776657,3,3,17.331984718494308,310.01213635695876,1,6
4462,Chennai,1017.5492157264401,3,3,33.164031842890914,483.7358347965223,0,0
4463,Mumbai,3626.693284422743,1,2,24.104467226223996,261.3062282982675,0,3
4464,Hyderabad,2486.9627999592367,4,2,36.92855193174469,44.72730845086646,0,3
4465,Bangalore,4752.431535001294,2,1,48.060395061142984,126.18495491717896,0,8
4466,Chennai,1137.251077780547,1,4,5.827334385759874,137.5005950795699,0,9
4467,Hyderabad,3392.750258670821,5,2,35.478385819903046,182.171421985736,1,1
4468,Delhi,2218.910204583257,1,1,11.517207781605727,40.92962412138206,0,3
4469,Hyderabad,4805.66601765895,4,4,20.72383637037846,454.3484962389998,0,9
4470,Mumbai,1984.887028806244,5,2,1.6431362897569912,267.4706934663177,2,2
4471,Hyderabad,4829.836592713101,1,3,6.795369114634947,342.04678061797233,2,9
4472,Chennai,4556.686329953371,4,4,15.988864452444984,52.2429617096043,0,4
4473,Chennai,1716.7245588979536,4,3,17.099290264399247,45.97542454575171,1,6
4474,Hyderabad,4115.937995718925,2,1,44.97926082310479,301.50453057946265,2,4
4475,Chennai,4980.218908115777,1,2,37.09064546332576,445.90208504201985,2,4
4476,Delhi,1636.9835097707705,4,1,48.60914840935205,273.67136046058255,0,3
4477,Hyderabad,2465.4972619549385,3,2,29.953575516762026,441.3532028336343,1,8
4478,Delhi,2840.8133145504185,4,2,12.085686604565899,409.27581106651485,3,5
4479,Delhi,1827.1901111173895,2,3,16.382751496082143,56.40981718156196,1,9
4480,Bangalore,568.6917784071339,4,1,15.991796164598354,116.93958770513115,2,5
4481,Hyderabad,1490.5815988888698,1,3,16.32471638316258,335.7011211945644,2,5
4482,Chennai,1768.715979537913,1,3,33.648208655590786,232.88066362401995,2,5
4483,Delhi,2496.198655931842,5,3,26.54039640452081,159.53591055052186,2,0
4484,Bangalore,1269.9611528603084,1,1,19.271208904332216,220.94425090302997,2,5
4485,Hyderabad,4429.644605112527,5,2,7.45448843643583,233.6958302099045,0,3
4486,Hyderabad,3672.1000972910124,3,2,1.1069581471072953,457.0650803943663,0,1
4487,Mumbai,883.4021490184789,2,1,10.94173387938463,69.65997617837745,0,5
4488,Mumbai,3425.4160301296915,3,2,5.373570198434063,154.2707584676552,2,0
4489,Delhi,3441.454143825292,5,1,39.27225154261197,278.0311119597027,0,0
4490,Mumbai,4802.995281396325,4,1,5.624897890694269,355.177724782684,2,4
4491,Delhi,513.5939211027256,4,2,36.21141186534181,322.70589870043693,1,5
4492,Chennai,1615.6960241261324,3,4,19.28293448880413,471.98851411394935,3,1
4493,Delhi,4675.0616571889195,4,3,3.6689194871887985,401.8922839133471,1,9
4494,Mumbai,4694.602619292274,5,1,40.63650247157929,287.39688414772655,3,7
4495,Chennai,3742.6388871678682,2,1,28.981528511830668,123.0476920032836,0,3
4496,Mumbai,3945.93494471393,1,4,11.788075643178653,236.4196310730751,3,3
4497,Delhi,911.673310683412,5,1,44.7340587166334,352.8234772133491,1,9
4498,Bangalore,2812.441256502051,5,1,2.2629156935275727,422.2218439213208,1,4
4499,Hyderabad,1542.1234608004972,1,2,10.090980409888145,480.67338772274593,3,9
4500,Mumbai,1315.4811962612775,1,2,37.60234639029305,310.6173277462005,1,3
4501,Delhi,4146.364846054997,2,4,35.46889651549446,272.9212963061276,0,4
4502,Chennai,1107.6716150624634,2,1,14.463584686223902,28.49212309815119,1,9
4503,Mumbai,2608.9323664837334,2,3,3.101243767639156,54.60755319208637,3,2
4504,Mumbai,4723.602078137149,4,2,42.90390361124719,94.93039886595213,0,7
4505,Hyderabad,1336.2442500440416,5,3,15.684881903495128,46.284766971021476,3,5
4506,Delhi,4900.970406822055,1,3,9.785670746413262,212.4143546263647,2,7
4507,Bangalore,4974.295935924765,5,4,25.803091118048854,181.70170166665864,2,4
4508,Chennai,3000.2771960708133,5,4,45.51135996412236,325.9299957768286,0,6
4509,Delhi,1265.6423307972107,2,1,2.1773288921687675,277.1192518080333,0,9
4510,Chennai,1922.4719957340303,2,4,38.290204401544386,306.06596450617263,1,6
4511,Mumbai,2410.2177470444085,5,2,28.623661396935447,246.54905741007397,3,5
4512,Hyderabad,1891.9590096120032,2,1,21.272455827590846,153.31383130604343,2,9
4513,Hyderabad,1762.8601094443209,4,1,37.204022205253004,477.356151174309,1,3
4514,Bangalore,4875.033691473609,1,3,48.29122122208162,61.4763966848667,2,5
4515,Hyderabad,1190.1417233708553,5,3,11.460310558134552,470.66767974334743,1,8
4516,Mumbai,3799.9755892258804,1,3,7.182368253605981,169.39426249507264,1,3
4517,Bangalore,501.8463024762869,4,1,45.64408726113485,266.07749377630273,2,5
4518,Delhi,3182.8220123106958,2,4,33.44765387286518,72.24431495722214,1,5
4519,Hyderabad,4621.743517793236,3,4,21.899301078098297,54.04691281808445,2,2
4520,Bangalore,1795.7034234194855,4,4,28.662978513214156,226.1818153849294,0,3
4521,Mumbai,1334.8668886597363,3,1,37.2806952588122,376.0147406622455,3,2
4522,Chennai,3432.5590769529213,1,1,38.65159493528586,149.2950932233035,1,2
4523,Chennai,3706.7063328427694,5,1,45.99470904094823,289.9269866889536,2,9
4524,Mumbai,3596.137335283916,2,1,21.342139444781132,153.7521634509528,2,3
4525,Mumbai,1936.9259600961832,4,1,14.67054550096975,206.53426922865958,3,3
4526,Chennai,1634.910809716989,2,4,31.983213339492096,455.0942328674359,3,5
4527,Bangalore,4801.634599829199,3,1,20.78639496397652,430.8030202375614,3,3
4528,Chennai,4654.847787214682,3,4,29.729922697448895,267.6884208404623,1,5
4529,Mumbai,2557.9247445176916,5,1,20.99928992279751,134.2907011865978,2,1
4530,Hyderabad,4307.87239769468,3,4,7.649789333908724,112.72827811185095,1,3
4531,Delhi,2535.4556493543323,5,2,23.47133758294792,477.96192945714284,1,1
4532,Hyderabad,2409.750581326297,4,2,34.54589109705164,117.30396632513,0,7
4533,Hyderabad,1205.4332641968258,5,4,39.964190383382494,407.9207892380188,3,8
4534,Mumbai,2418.8272542138775,3,2,24.666313839827342,197.1057005770579,0,6
4535,Chennai,2918.3762236991315,1,2,8.261894510520046,493.1167268279544,0,5
4536,Bangalore,601.2694734290891,5,4,20.73438548247158,196.71475537413818,1,7
4537,Hyderabad,2498.508523289329,2,1,39.31469644208491,188.72797995714853,1,3
4538,Chennai,4016.1029827784014,1,1,20.642963530853642,325.9825418612591,2,9
4539,Bangalore,3560.2072536842143,5,4,34.82653968021111,481.5280671808732,0,1
4540,Hyderabad,3358.2064498877075,2,3,25.360684083904488,488.5806107822878,3,3
4541,Bangalore,4592.999427967411,1,3,12.061156255469834,359.4589503041529,0,4
4542,Chennai,581.144044213535,5,2,39.80752540115372,382.21105550544974,2,8
4543,Delhi,3006.7141378650535,4,3,4.210672703534351,290.43304446705326,0,4
4544,Chennai,4043.069817843682,2,2,26.24451413775753,382.7723547835193,0,8
4545,Mumbai,2936.0092221557024,4,1,10.444551712170247,432.69423438583834,0,8
4546,Bangalore,1957.5299866117061,3,4,3.353281427068783,253.32574553361115,2,7
4547,Delhi,1113.1275429139005,5,1,25.146696854162442,317.53388615844943,0,4
4548,Bangalore,4494.033823172861,5,4,24.97810779674618,277.91201371186287,1,1
4549,Bangalore,2618.430765744213,2,3,35.34504508378604,289.98589449376504,0,4
4550,Hyderabad,4451.518386435657,5,1,37.237534652595244,447.22299673949163,1,0
4551,Mumbai,3136.3345509492574,3,1,36.38957443464484,190.6960784986737,0,7
4552,Bangalore,3533.8645247675036,5,2,20.47793664583775,119.92833228829963,1,1
4553,Chennai,4119.175194703025,1,4,31.584489361328128,239.014452931342,0,6
4554,Chennai,3466.199950700605,4,3,28.847262132198015,119.88089143100729,3,1
4555,Hyderabad,2291.2467830552196,3,1,21.07808780584598,259.2322043177692,1,4
4556,Mumbai,2811.3502276789295,3,4,29.86063470929966,453.68389057138813,3,9
4557,Mumbai,4113.7048610414595,4,3,47.36239383531313,316.3680898315893,1,6
4558,Chennai,2181.426333678429,4,1,9.644687184068868,430.6077695854773,0,5
4559,Delhi,2246.546555458237,3,4,45.28860478927631,99.77164141544566,2,4
4560,Hyderabad,930.6055222610053,4,2,2.672775699159918,452.41932441784485,0,5
4561,Hyderabad,4615.629958497865,2,1,15.419460645083033,308.8578389154156,2,1
4562,Chennai,909.6634172544877,4,4,14.407262430576411,35.24469859543031,3,9
4563,Chennai,3416.9412985185013,1,3,31.318255394045284,323.8970985368177,2,0
4564,Delhi,2359.3751546125895,1,3,6.561247588864516,476.6705390052406,2,0
4565,Delhi,2325.2872561494905,2,2,44.11738059198769,58.0001602281738,2,7
4566,Mumbai,3557.9832645770775,4,1,41.427570423252064,299.57894262539463,2,2
4567,Hyderabad,801.9217968344542,1,2,32.603290984263886,459.42972937746305,3,2
4568,Hyderabad,3171.676023281456,5,4,22.920691589609888,24.65368080049979,2,8
4569,Chennai,3974.1430368755964,4,3,46.64780210710392,322.8382047035951,0,5
4570,Mumbai,4226.957410489674,2,2,41.5373277360278,247.95310007886206,1,3
4571,Hyderabad,1267.3867522719888,4,1,24.965757404062245,186.5548729513331,1,3
4572,Mumbai,4538.385725351782,3,4,35.09366772271556,321.2175151737805,0,6
4573,Mumbai,3452.65741331349,3,1,28.34649760898423,45.29700540196012,3,5
4574,Chennai,4468.346603693073,1,2,29.397111919413227,381.4702622179521,0,1
4575,Mumbai,2683.763226995892,3,3,16.548803471873562,22.15014892145966,0,8
4576,Delhi,2939.1500529374093,2,3,23.104230231244838,167.32915702032906,2,1
4577,Delhi,4635.67224662902,1,2,3.9060715394872103,261.90014608864567,2,7
4578,Bangalore,4549.592945096023,2,1,17.867434583229624,200.97068027194481,3,3
4579,Chennai,2516.723930160509,2,1,34.7914257681076,167.5884488986796,3,9
4580,Bangalore,1734.856842360568,3,1,47.66080152530932,418.8008698246861,1,0
4581,Delhi,2269.2669555391885,3,1,48.153205638151015,468.7196356505163,3,0
4582,Bangalore,2244.939478383874,2,3,27.786143456244584,439.38208875482655,0,8
4583,Chennai,1790.9009374225727,3,1,30.331112590479105,270.76703026399986,1,3
4584,Chennai,1708.6082194983496,3,2,9.286059275048375,444.39880409287184,1,0
4585,Mumbai,4374.783214158737,3,2,34.765405404676535,462.013551287141,2,2
4586,Hyderabad,814.3786430809776,4,2,3.532939633719312,216.43443058278177,2,2
4587,Mumbai,3549.2503194481737,2,2,14.234284289972226,156.05401256261382,1,6
4588,Chennai,1277.6902315540353,5,1,33.41816736427211,67.16729879039376,2,5
4589,Delhi,2050.2765202732844,2,3,15.515506577174465,249.96412210362993,2,7
4590,Delhi,776.9436536067658,1,4,2.492343705722716,474.22252181045184,2,6
4591,Mumbai,1714.8813658495792,3,1,41.59352046754819,289.2356134737781,1,0
4592,Chennai,3957.8948200275895,3,4,15.516500356728152,340.4298088573624,1,2
4593,Delhi,4482.568960462664,5,3,3.1552612429339213,74.18423287608684,1,8
4594,Chennai,1496.8721835606516,1,1,3.739408225143259,88.889438788283,0,3
4595,Delhi,2585.9652766651484,4,4,12.587939939437682,242.94716574064282,1,2
4596,Chennai,2616.4582157174286,2,3,8.900797361076313,476.60710351218836,2,4
4597,Bangalore,4431.088875918804,4,4,38.71500588900754,193.17662796393387,1,7
4598,Chennai,3932.5957379411243,1,2,16.084202333351723,441.1923398324161,0,0
4599,Chennai,2808.847482656224,5,2,40.23478925199163,77.73852484434153,2,1
4600,Mumbai,3518.3624021229803,1,3,8.69229989115764,316.16825932818085,3,6
4601,Bangalore,4313.09774259215,5,3,24.64395897720419,308.2942289170487,1,0
4602,Hyderabad,542.9252931149523,4,4,34.40185667765644,432.73988003372887,1,4
4603,Mumbai,2313.0051397252187,4,3,32.59954269329274,21.592018114352722,3,9
4604,Hyderabad,4582.594252746854,1,2,30.056470496513437,111.16720025483463,2,7
4605,Delhi,3831.4086387977814,1,2,46.24108009655849,125.45006020615122,1,5
4606,Hyderabad,2942.786184503336,3,1,11.426257385337218,475.9837222835539,0,2
4607,Chennai,2883.4003716581005,5,4,24.68596022310527,93.77295500954958,2,6
4608,Hyderabad,2064.96543921997,3,3,44.199627503620434,37.74192810586898,1,2
4609,Mumbai,2842.3424013868153,2,3,3.894688279757852,276.54151747606784,2,4
4610,Mumbai,3449.2243975855395,2,3,2.7944134126537623,273.70806196816716,1,6
4611,Hyderabad,2382.633672929569,1,4,11.66511437791457,425.14254337657485,3,1
4612,Mumbai,3713.689158764783,4,2,31.651060976900926,475.452632085345,1,9
4613,Mumbai,4375.545022671737,2,3,12.993981322490345,278.50181222726286,2,3
4614,Hyderabad,1196.0818168318751,2,3,9.511994190439948,466.39720756143464,1,1
4615,Bangalore,2531.9616026784097,3,2,22.940115767914605,368.07639262391825,1,6
4616,Bangalore,2336.0904107828646,3,3,30.679903438470575,146.9883814378808,2,2
4617,Delhi,3593.5916182237765,2,1,12.42788535083702,465.6419412530846,1,8
4618,Mumbai,1624.4035936606822,1,2,15.034559336187103,340.3727245672999,1,5
4619,Hyderabad,3381.129117285243,3,2,30.677965240575695,218.76604771646421,2,0
4620,Mumbai,4448.7015877916965,2,2,47.286921099472636,346.51620056812675,3,9
4621,Chennai,2381.5921990713023,4,1,33.73708637190441,212.63015731700042,0,7
4622,Mumbai,4599.57064990649,3,2,39.145207179227995,74.80820863422045,0,6
4623,Mumbai,4969.236825200653,2,4,18.34050473777344,365.1097986449119,0,0
4624,Bangalore,977.4142247657843,5,4,13.612717969223304,415.56205384195704,0,2
4625,Hyderabad,1548.739345931864,3,4,22.713387160131127,369.8269755293061,0,2
4626,Mumbai,4776.7088816694195,5,2,40.35664143558368,129.97504052320474,0,2
4627,Bangalore,4812.474589166241,3,2,22.814982089527792,479.1848064692542,2,6
4628,Delhi,939.6827392404132,3,2,42.33627043949305,32.12218961175484,2,5
4629,Bangalore,567.493251697115,5,1,49.43859903475635,179.68894274030748,2,1
4630,Bangalore,1224.9501046539,1,4,3.601333286516817,144.84436857674984,1,4
4631,Bangalore,4982.057525220117,2,3,2.2705078041851845,43.10058925512847,3,5
4632,Mumbai,1309.9982747480908,1,3,7.479485145668091,214.75025263456087,3,1
4633,Mumbai,2761.4642302491043,1,2,19.21848378671731,319.0951232781318,0,0
4634,Delhi,4317.8797689373,2,1,6.5521104572716204,443.62537447284865,0,3
4635,Chennai,591.8072480969286,4,2,43.5332238809378,495.0510637719056,2,3
4636,Chennai,3220.2004201630675,1,3,1.15731255135319,407.8830014741111,3,3
4637,Chennai,1746.6145199133096,1,4,15.789635816791126,244.9666489821559,1,0
4638,Delhi,4380.507123978792,1,3,9.234731474710268,367.37812446417473,1,2
4639,Chennai,1775.5751716883562,4,4,46.57696650787662,424.93941852302754,2,6
4640,Chennai,3590.40074126859,3,4,33.4740502445014,243.34745428096704,0,3
4641,Bangalore,3533.988346013286,5,1,45.60151282256872,396.82612833223993,3,1
4642,Mumbai,1496.72096986838,5,3,48.61643551551967,251.67316079018084,1,7
4643,Mumbai,656.5963994075755,4,2,24.85491218386846,205.5180756208269,0,0
4644,Bangalore,2341.623082034288,1,1,11.715955402401313,272.52360213620534,3,8
4645,Bangalore,1801.3691838464135,5,4,9.686439309829463,344.41027406102955,1,4
4646,Bangalore,4140.399873261689,4,3,11.145943084292027,368.90338703292673,0,1
4647,Mumbai,4101.638848049053,2,2,35.42966538110014,191.23340906821176,1,3
4648,Chennai,2556.6077848668147,5,1,2.0222864061500365,294.2337207468967,0,2
4649,Bangalore,3229.3050139544853,2,2,2.5680536516357435,456.7380195586146,0,6
4650,Delhi,3219.1678219411633,1,3,30.4071471191575,488.63019205310707,0,5
4651,Bangalore,4222.2116679243045,5,2,32.10285733687033,129.07908376829818,3,8
4652,Hyderabad,2412.510863554389,4,1,33.263146216123005,112.5589595424039,2,3
4653,Bangalore,1739.5100590572908,3,2,18.594025229429562,344.80910404575127,0,2
4654,Mumbai,1692.6571316324637,5,3,40.297244435707654,219.04826519525304,0,6
4655,Bangalore,2912.8652567699187,5,1,26.68122938633088,31.626722440705777,1,5
4656,Hyderabad,2521.1669122949565,5,4,5.273281500470972,186.49369791069637,1,4
4657,Delhi,2480.543469432213,5,1,39.85496535336726,407.237476866681,3,9
4658,Chennai,910.1180259036826,4,3,47.653389313522915,402.76492658392766,2,6
4659,Bangalore,3733.71683310588,4,2,3.001815650117934,257.44887143195933,1,4
4660,Hyderabad,1461.8150959185982,3,4,19.567566935028996,246.83740874601693,3,8
4661,Hyderabad,1386.291335939246,4,4,24.375802241737382,298.1635723685012,3,3
4662,Delhi,2357.4124412482706,4,2,7.323538003915847,125.31042107051648,3,0
4663,Mumbai,1525.0025372801065,1,3,43.385447389143856,272.5009399476586,0,9
4664,Bangalore,3127.362202886069,1,1,14.2074822445022,25.302252827191225,2,4
4665,Hyderabad,2171.585027005122,2,3,39.150426996908,248.26858629590419,2,0
4666,Delhi,2520.102751667556,3,4,33.5497241014158,181.30450220028445,2,0
4667,Chennai,2917.26194721813,1,1,29.902291123351173,343.93741083375664,0,0
4668,Hyderabad,1415.9098511681218,3,1,9.60714243482772,326.40972039326124,0,0
4669,Delhi,1200.882302894884,3,2,11.035176027545285,202.80122248774833,1,7
4670,Mumbai,4461.898562931221,5,3,2.367420237328466,23.491031109723952,1,1
4671,Mumbai,2451.7566627413944,3,1,12.035621489113318,141.09134210958103,1,8
4672,Hyderabad,2354.4212433464263,5,2,17.272180473025706,324.0069680907979,3,6
4673,Hyderabad,660.2546762277866,2,3,41.65726519312127,54.73920464840218,2,2
4674,Bangalore,2740.8933616432696,2,4,18.319633335740264,71.66836248006264,0,8
4675,Delhi,2993.7637472495003,2,4,37.731089138280325,330.57681179220185,1,3
4676,Hyderabad,3014.783919295999,5,3,21.972114064774377,382.7683524556603,3,6
4677,Bangalore,3681.6402619529795,5,1,39.24341559969442,174.3438598461018,0,2
4678,Bangalore,1298.668257459553,2,1,48.81358002185199,255.0430714479497,3,4
4679,Hyderabad,1635.0041040377846,5,4,11.992077902879005,473.9414551921561,3,3
4680,Mumbai,4148.287093536857,4,4,43.11708059819381,473.86090984446537,3,5
4681,Delhi,4762.267775795273,4,1,31.091204315288735,167.60133174244646,2,8
4682,Delhi,1111.697363152943,5,3,40.86471307943274,408.79418000820334,0,4
4683,Mumbai,2739.422995273482,5,4,32.57929511339026,305.09314534729225,0,0
4684,Hyderabad,1463.7931373281408,1,1,21.197475363707508,488.2325568081824,3,4
4685,Delhi,770.329257597421,1,3,11.403746972089518,249.2545134613263,2,4
4686,Hyderabad,1964.7650215676094,3,2,3.501761266558251,391.85929664746953,3,8
4687,Hyderabad,1146.5943133289575,3,3,26.77591822303585,388.7058222151381,1,7
4688,Bangalore,3694.6988304541082,3,1,49.51630472634328,258.76777646387654,0,4
4689,Mumbai,2901.7643615215,2,3,36.90209025071031,401.9024548627077,0,4
4690,Hyderabad,1147.255119456399,4,1,16.36727706995083,145.29935998735832,2,1
4691,Chennai,541.5871478248147,2,4,41.36024000433676,78.68145741930987,0,8
4692,Mumbai,4136.706720608958,5,2,38.44920000882033,224.0785974345518,0,3
4693,Delhi,1292.874827739114,1,4,14.08178966767284,472.94271518412063,0,6
4694,Bangalore,3227.974889993447,5,4,0.7153744897117342,260.3574119372138,2,9
4695,Delhi,2016.148608845355,5,1,5.90813192669748,324.92438655052496,3,5
4696,Delhi,3134.6867224176603,1,1,43.86530951560288,319.59797883578017,0,4
4697,Mumbai,1920.441321420458,5,1,41.82815176524359,83.6349762893746,3,4
4698,Delhi,891.2280231151437,3,1,14.760450043918121,207.34250354106092,2,6
4699,Hyderabad,1503.2750385098911,1,4,14.25977131422102,359.3307070024999,3,1
4700,Delhi,1346.2635491558403,5,1,39.64324935512356,486.5552473187486,1,8
4701,Bangalore,2426.087085978397,3,1,46.8868734947711,100.64851438257256,0,1
4702,Bangalore,3462.277025417708,3,4,38.956862839879996,217.0121073627758,2,8
4703,Chennai,1687.127337258609,4,2,30.278933851538074,65.6450239053101,2,3
4704,Bangalore,554.3147088527808,3,2,12.133567516590226,136.3407006316429,3,9
4705,Delhi,2835.218139191406,2,3,26.287395704763032,200.8444847965521,0,9
4706,Bangalore,3225.917702115374,1,4,11.675592929663232,279.5087590171282,2,5
4707,Mumbai,4832.917223008144,1,1,40.40057100483868,130.67210347475884,1,0
4708,Bangalore,3152.6186139196107,1,3,19.348053975886863,129.23007736576915,3,4
4709,Hyderabad,2620.2765172016384,5,2,41.68486084970131,393.3583899872978,1,5
4710,Mumbai,3080.307316539667,5,2,19.080460899136263,482.067998214503,1,8
4711,Chennai,4675.552834379122,2,4,41.207470259994565,175.33422452069897,3,8
4712,Hyderabad,4227.701655207408,3,1,16.665890758262098,350.23616894512645,1,8
4713,Delhi,1953.404300137136,5,1,22.006635230883493,143.87862145180196,3,2
4714,Delhi,1567.6446364571177,3,3,30.774420967132876,465.4170823835034,3,3
4715,Delhi,1681.8512556473313,3,2,3.514380701495934,342.99313287939117,2,7
4716,Hyderabad,2769.8946787184586,5,3,47.41035309077322,405.2848902260336,2,7
4717,Hyderabad,3848.2225305286,5,3,28.68028930619016,43.68994073559911,1,1
4718,Hyderabad,2764.4864323233296,2,3,25.391000734540114,307.2828647554998,1,7
4719,Mumbai,805.0837812265066,4,1,41.969698555995606,273.2539190520235,1,6
4720,Mumbai,3756.113151979914,1,2,43.28813649484138,160.63851531753537,1,8
4721,Delhi,4126.865579019292,5,3,26.1130202264508,145.96639282751266,1,4
4722,Bangalore,1802.7403930387384,5,2,46.36311628968187,298.41190511214546,2,1
4723,Delhi,3488.565826775077,3,2,3.2368883038240313,359.1131048034681,1,4
4724,Chennai,2419.6635547447704,4,3,5.661289612560877,35.9229233768907,1,1
4725,Mumbai,4501.037100773492,5,3,29.839411500722008,292.3527593233781,0,4
4726,Hyderabad,4303.51501172333,4,4,17.703293089679185,101.82057389438174,3,8
4727,Mumbai,2864.44399239339,1,1,23.211258309459943,87.37411106532826,3,6
4728,Hyderabad,3611.774956161175,3,2,16.403960894858326,319.0973542854486,2,6
4729,Chennai,4475.073654599468,2,3,20.23626557224678,169.21765626438707,3,0
4730,Chennai,2730.72654535224,1,3,41.132317357314975,231.62251190473472,1,8
4731,Mumbai,1909.628332199699,4,2,29.673809992715235,192.799428531091,3,5
4732,Hyderabad,3891.4976205931157,4,3,49.86722746417491,331.2014336732114,2,6
4733,Chennai,1490.298146531113,1,4,39.343959891048144,245.65748771190505,3,1
4734,Delhi,2248.3901660271895,4,2,13.683312705091332,482.4601577782148,3,0
4735,Delhi,4395.772566980571,2,3,13.217255886334812,189.14372437110336,0,3
4736,Hyderabad,3759.900531211918,2,2,16.794913505850356,375.3364833261609,0,8
4737,Mumbai,2317.1495236137466,4,3,42.16297403238713,143.50043243986136,1,8
4738,Chennai,1466.3502608376084,4,3,1.36438253252828,264.2014844605505,3,2
4739,Mumbai,2101.8577587450645,2,1,11.509063943562886,285.23348091293934,1,0
4740,Delhi,1778.4686715234484,4,2,45.24592101721335,177.97245491011145,3,1
4741,Chennai,1292.4017957473427,5,1,31.994821804162598,246.45465387806198,1,8
4742,Mumbai,3844.998111045455,3,3,11.34235477505282,154.05374619127625,1,8
4743,Bangalore,1634.3144908257718,5,2,10.957248411629017,22.880375203511356,3,0
4744,Hyderabad,2543.7536157549375,4,2,43.13090508797153,123.51118478618179,0,8
4745,Hyderabad,2236.367510762491,4,4,44.687875413852325,356.0308027967363,2,0
4746,Bangalore,4919.348203860339,3,4,12.806554548105764,390.06225175298096,1,9
4747,Delhi,2259.9150986669924,4,3,21.025517903826614,154.49737622668158,2,3
4748,Chennai,859.9211725853966,3,3,41.72978693141586,215.86063943267453,3,4
4749,Hyderabad,904.2158865743781,2,3,38.55037193049427,37.93551686653332,1,7
4750,Bangalore,3158.3917460887915,3,3,40.695805328304225,133.79019252688667,3,4
4751,Bangalore,3197.1359828221953,3,4,25.91990953939844,394.0252560187036,1,4
4752,Delhi,2384.4154571719473,5,2,45.577452415258655,310.87340972722745,0,3
4753,Delhi,2443.2966154041333,4,1,16.297577197721765,118.76985053809827,1,8
4754,Mumbai,742.6966227839205,2,2,7.833606717375901,143.57215765876742,1,7
4755,Hyderabad,2824.45929675168,1,2,35.436616628243236,412.0649710349889,1,8
4756,Mumbai,2771.3276392115827,3,4,26.967720800344818,120.3604174135524,3,6
4757,Bangalore,1172.9719335062505,1,2,42.72928844047405,180.395708406623,0,6
4758,Chennai,967.2772374991741,4,2,4.057962456235748,338.8921719942293,3,4
4759,Chennai,1056.076207697707,3,3,42.18462017190334,289.33394513987776,2,9
4760,Delhi,954.6271092106633,1,1,14.66473266044111,241.21769851223087,0,0
4761,Chennai,3243.686879915419,5,2,32.74278335840915,451.87572367027724,1,5
4762,Chennai,1384.1719358131338,1,2,2.0064394539127894,125.4610221032248,1,9
4763,Chennai,1631.4356848435855,5,1,30.479064815180035,375.88154761423993,1,5
4764,Bangalore,1281.0746486814787,2,3,35.8635844593668,96.35064349672801,2,9
4765,Chennai,4810.258870018264,4,4,18.437510725281015,315.55224007142965,2,3
4766,Chennai,4345.778584183259,1,4,10.770535263107012,437.89931043743036,1,1
4767,Chennai,1537.2267680818438,3,2,26.88153383017725,239.79285702950617,1,0
4768,Mumbai,1974.048322649567,4,3,41.65954022178233,367.6613634518379,2,2
4769,Bangalore,1444.517790372487,1,4,16.17736791483254,413.78880943951435,3,8
4770,Delhi,2713.441817573707,3,4,12.623464876063977,85.29268394124932,0,0
4771,Mumbai,588.2473961341411,3,4,13.946765431884383,358.79690973541284,0,4
4772,Hyderabad,3521.1560400355806,3,4,47.45660764583322,461.52369151456463,2,9
4773,Bangalore,2854.2116741793875,3,4,17.963845788227985,296.6578927306612,2,5
4774,Bangalore,4543.875177354965,1,2,0.18021199441435876,109.3386773738029,3,8
4775,Hyderabad,1239.7670794778637,2,4,39.084060397980984,80.93241516269262,1,0
4776,Hyderabad,4118.491607275093,5,2,34.96373976676951,144.67295862403898,2,4
4777,Hyderabad,4063.8245651002208,5,1,6.428413230148444,69.68636912800763,3,0
4778,Delhi,1072.315351475991,5,1,49.24521245674563,266.4291543608228,2,1
4779,Chennai,2293.516508648574,2,3,30.40311426525556,53.4582476992326,1,1
4780,Bangalore,1265.686885150326,3,2,25.038974547030072,127.23421982538869,2,4
4781,Chennai,1646.24225205897,3,3,19.11096338114455,231.15701307786287,1,9
4782,Chennai,1684.6077867374495,4,1,44.9336377781819,247.47908019297032,3,3
4783,Hyderabad,3003.0637731159773,5,1,12.198174070928165,291.39127287054293,0,5
4784,Delhi,2351.3491929220945,5,1,14.288445010995094,358.69518212034876,3,4
4785,Mumbai,4764.797618028374,3,1,6.120540334328345,42.669747039424415,0,1
4786,Delhi,1068.665638761523,5,4,37.955954779213,58.69805704437596,3,8
4787,Chennai,4881.614606825895,3,1,29.777464020292665,49.212392866294756,0,9
4788,Delhi,1537.8738809641877,3,4,30.453308462724916,223.11215142315694,3,7
4789,Hyderabad,3977.932713718339,3,4,10.923521550973181,40.08701354380847,1,8
4790,Mumbai,2025.3646677776962,1,3,32.558419456354194,378.1190080790366,0,5
4791,Hyderabad,1143.8662793779126,1,4,38.272922362343195,127.04008689846937,0,4
4792,Mumbai,4360.501333608079,1,3,17.894426536284463,470.82199677918015,1,4
4793,Chennai,1889.8740465640844,1,4,40.06735719808561,253.4738024466135,1,1
4794,Mumbai,3464.84931902079,2,4,17.439529426601048,234.23636117225678,0,3
4795,Mumbai,3048.9965828898194,4,1,37.906923075464384,394.65857246696015,0,1
4796,Mumbai,2622.903392258934,4,2,1.6865053728859491,362.31391226863576,0,1
4797,Delhi,2731.187626918426,3,4,27.558230073682633,311.50833965510856,2,7
4798,Delhi,3795.070613415294,5,2,48.47632803199433,468.8704190001776,3,3
4799,Chennai,894.9781135554827,1,2,49.06223003411954,222.68444527379697,1,3
4800,Mumbai,3506.812978810573,4,2,14.08762891708703,408.0952043706975,1,6
4801,Bangalore,4531.154456293604,4,4,22.069954554017773,202.44461395799289,3,3
4802,Chennai,760.0468865893887,1,2,3.1488953993316526,422.4059236621303,1,8
4803,Mumbai,1132.9400265515003,2,4,43.667065380229985,144.54782190366495,1,8
4804,Mumbai,3724.843715159141,2,1,28.42860765701071,158.84819496129558,0,2
4805,Delhi,2467.7674171007793,4,4,19.25503394702585,345.3773763283779,1,5
4806,Chennai,2315.9687936615974,2,3,5.638527924457653,122.10238157686226,2,6
4807,Mumbai,1116.3498554490614,1,1,47.33836427484446,129.9940097722058,2,2
4808,Mumbai,2780.4651832300465,4,2,26.510952391049685,166.52596592835908,0,3
4809,Chennai,1069.4539003836976,1,2,14.146396454145194,345.8858094369804,0,0
4810,Bangalore,2644.7920533974316,2,3,17.510756506575476,446.9062843631513,1,8
4811,Chennai,3936.268845327455,1,1,13.534859046107384,343.7924725409536,0,6
4812,Chennai,1662.1896104922357,2,3,30.09049044284903,417.3508372851801,0,9
4813,Bangalore,2663.537756808773,2,2,46.498178789025495,280.90908305334546,3,6
4814,Chennai,4964.07186228576,1,4,42.83469016632822,53.08314624566974,0,8
4815,Mumbai,3589.9269050931675,2,2,23.019043771298875,68.22378152408032,2,5
4816,Chennai,4286.105470873394,3,3,41.32496811505039,286.1081496161194,1,7
4817,Bangalore,2366.814229522456,1,4,21.155274063816492,177.34446494821262,0,4
4818,Hyderabad,3955.3741540663486,3,4,12.6153570379319,125.87267534573246,3,7
4819,Chennai,682.2912782359483,1,2,49.170755763321395,243.80332510525798,1,9
4820,Delhi,1053.1003214401026,2,4,15.194378398541092,339.91843563406474,1,0
4821,Mumbai,1413.8176681402797,2,1,16.18621154934542,204.79613491321206,1,2
4822,Mumbai,2308.783660768488,4,2,49.48464338932611,405.220283435524,3,3
4823,Delhi,4305.851952465934,4,2,6.696374658282744,374.491158354269,2,8
4824,Delhi,2058.1972285456873,3,1,38.02669940048475,372.75914343659207,3,7
4825,Chennai,3445.795370819583,2,2,46.79063792413633,492.89105104514647,3,7
4826,Delhi,3691.9143266156752,4,3,25.58974971377093,161.7103891383847,1,1
4827,Hyderabad,3137.8205933975364,2,3,0.12608808514100178,329.4682814436297,3,6
4828,Bangalore,2107.588856765613,1,2,18.752947205655314,430.6296032769505,1,2
4829,Delhi,3096.7400377109493,4,1,5.578449619241354,298.1717282786773,0,5
4830,Delhi,2040.195167553858,3,4,20.809383046684786,398.96104453538845,0,3
4831,Hyderabad,877.4318234840543,4,1,39.50133808211424,218.9370492031579,3,5
4832,Mumbai,4967.617901837065,2,3,21.935577444190024,303.43584591430624,2,3
4833,Mumbai,1072.3210413462991,5,2,21.596256067296128,46.71986854607758,1,2
4834,Chennai,825.5677272622581,5,1,27.83947384594233,493.1684507959104,3,1
4835,Hyderabad,4453.388371432202,2,4,29.08452923738401,404.0088710952403,3,3
4836,Bangalore,1858.2559740180282,1,4,42.81481543994857,437.02835438309575,2,9
4837,Bangalore,3426.3363833307844,4,4,15.417771961447574,353.2612535086141,1,1
4838,Hyderabad,1980.5257834800477,5,4,41.0835632184008,109.30401574817574,3,6
4839,Bangalore,2261.54421857512,1,1,28.29668743460236,34.89365236065549,2,0
4840,Mumbai,1679.5083740755842,2,4,15.026477485857349,435.03517171328656,1,0
4841,Bangalore,2043.698026068546,1,3,14.756302200303855,210.2387137933391,0,4
4842,Bangalore,2348.151802639444,2,4,18.056875855286226,146.65514049916158,2,6
4843,Hyderabad,3741.872310915543,4,3,31.134662130998773,289.60302024269333,3,0
4844,Hyderabad,2801.912874056563,1,1,11.540586567997458,222.0312907883453,0,3
4845,Bangalore,4746.043477206396,4,3,46.01667808361337,332.79967793002737,1,4
4846,Delhi,688.4617722744898,1,1,28.745629208895018,252.22075186616652,2,1
4847,Hyderabad,2763.8074518441267,2,4,46.00078884980034,354.6719074113299,0,6
4848,Chennai,3129.0115497427314,2,2,2.320217928957735,429.6431693643886,0,3
4849,Chennai,4640.886437334233,1,3,17.13056852307367,113.86736525877873,3,7
4850,Mumbai,721.2133562964241,2,3,1.1403830343811538,178.12778267143366,0,0
4851,Bangalore,3080.7481322084723,3,2,13.612590754898491,229.6714815539067,3,9
4852,Delhi,4341.334678375806,3,1,43.10032361342941,481.7880550532663,1,0
4853,Mumbai,1588.6747765365647,4,1,1.8304857921100426,195.36013450279293,3,0
4854,Bangalore,4443.315568357719,3,4,21.807354995787243,202.92792780446217,2,3
4855,Hyderabad,585.6953417343132,3,3,5.8783535236613895,333.66681102058936,0,0
4856,Chennai,3796.0458311017837,5,1,20.842032963018386,221.21586074717564,1,4
4857,Delhi,4699.009495258939,5,4,41.94257921321886,476.5873979070105,3,5
4858,Chennai,3457.38947738028,5,1,31.153551670125957,449.34500502821305,3,6
4859,Hyderabad,2475.631597912016,5,2,36.83781726657116,266.436213332323,3,7
4860,Bangalore,701.9645741272311,2,2,17.455205772479047,329.4921122949679,1,7
4861,Hyderabad,4640.51215995183,4,2,47.21988475050708,47.85466970413786,1,1
4862,Hyderabad,2616.3330021120864,4,4,35.46310468897501,353.9506534555511,2,3
4863,Chennai,630.4853495117661,3,3,21.089940964226546,359.45641901553546,1,6
4864,Delhi,3604.1948209794286,4,2,21.323240011352745,192.41566190873988,3,8
4865,Hyderabad,2668.2676410931617,3,2,45.93420889716488,125.44778414013088,1,8
4866,Chennai,1059.5539284908482,4,1,28.82023467176959,459.23763287216804,3,2
4867,Delhi,1464.223141896168,1,2,35.31896049515208,224.8183523864613,2,6
4868,Bangalore,790.2080620513082,1,3,20.85176122565854,333.77893030482113,2,3
4869,Bangalore,3084.320928688581,4,4,11.184638238235706,35.99782158860286,3,8
4870,Mumbai,3299.1326566340417,2,2,36.17796459972093,218.75223995688143,1,6
4871,Chennai,2775.8403425994998,3,4,30.39118860706939,412.28422928666237,1,5
4872,Delhi,4176.959598511767,4,4,25.067144021238967,206.03648019234322,0,8
4873,Hyderabad,4374.539695886061,3,3,31.201046999723193,309.5173568657009,2,6
4874,Bangalore,3270.3097850740696,5,1,10.414279303211682,120.73078423257894,2,7
4875,Delhi,557.4041586834375,4,1,39.69693532659782,219.93231144298858,3,4
4876,Chennai,3628.53345086481,2,4,47.40814025101529,465.26610466552955,0,3
4877,Mumbai,2380.996476141582,5,2,44.55515720838514,291.8968398564978,1,0
4878,Bangalore,3045.0086745187414,4,4,16.071787265350856,452.9271003646071,3,7
4879,Delhi,3420.86270908498,1,1,20.300288664103793,452.9692637549808,1,5
4880,Delhi,2076.0647644718456,4,2,40.42011498987806,473.1909442037502,1,3
4881,Delhi,4626.943273273074,1,1,29.75585654123019,449.78799683845057,1,2
4882,Chennai,1102.8869003740156,1,3,27.39572218383246,21.57494192494431,0,4
4883,Chennai,3521.8031327646686,4,1,46.332098376672256,468.3271479591665,2,3
4884,Chennai,519.6181098046119,4,2,26.80124804885254,85.98053076098067,2,6
4885,Hyderabad,4660.929974323313,1,2,25.746933979365494,39.16460053335227,1,5
4886,Delhi,1006.2685995714118,3,4,2.1009295633179823,46.586496597465356,0,2
4887,Bangalore,926.9790356640858,5,2,3.4708479295068817,187.47977368468813,1,9
4888,Chennai,1998.534348735099,2,3,0.37101539403250894,317.9859609290209,1,0
4889,Chennai,2181.0482871758627,4,1,45.662211289181684,213.1093743291188,3,6
4890,Delhi,1464.3503254529537,5,4,20.419333000885032,32.26605663170215,0,4
4891,Chennai,3133.0474741720614,5,4,23.428068806670627,248.71166440386307,0,0
4892,Hyderabad,2493.113441188836,3,2,42.2693473796231,232.22275628978244,2,0
4893,Hyderabad,653.7901506848934,5,3,30.462315518788895,383.2876474407905,2,5
4894,Chennai,1938.4342801488528,4,4,30.475079819529054,154.2141912442104,1,3
4895,Delhi,4146.948111079268,5,3,14.826721467740622,124.41496342129624,3,7
4896,Delhi,3603.656906878409,4,3,41.695418696225964,142.85069968478058,3,1
4897,Delhi,3761.918841109462,4,1,8.29149880197469,165.79511486232704,3,3
4898,Mumbai,3641.526158375856,1,1,2.657479608647395,307.5991392162399,1,7
4899,Chennai,1899.3785962236498,3,1,9.580167875926616,246.33223301699832,2,7
4900,Delhi,948.4876493454915,2,3,13.386860938728235,181.7093912859478,0,4
4901,Hyderabad,1726.102328148932,1,1,14.115552892710337,199.67079597616564,1,2
4902,Bangalore,4243.033850833217,2,4,33.52567993093838,198.04335687630856,3,3
4903,Bangalore,4912.11859002382,4,4,10.891229366432176,486.75521346095235,3,2
4904,Delhi,2722.311566337026,1,2,33.83291522474923,131.83855426541723,1,1
4905,Bangalore,543.65159715369,5,3,4.556608661689987,412.66954893068413,3,3
4906,Bangalore,1130.2016546040306,5,1,7.3601230548954515,359.9412020423298,0,8
4907,Mumbai,1949.362588923196,2,4,25.44107242454975,22.673602689704282,1,5
4908,Hyderabad,3103.634068668274,4,3,46.09479012883213,496.72458470023423,0,3
4909,Hyderabad,837.9214061239129,2,3,42.9783794405557,383.0908979041153,2,0
4910,Mumbai,4745.107844194467,3,1,48.43767212214016,347.5758014483798,3,6
4911,Mumbai,2142.876529779803,5,3,32.523953263908545,214.5558596847859,3,1
4912,Bangalore,4606.628980661703,1,1,33.7907433208046,286.497482678859,2,5
4913,Chennai,4012.348112406598,1,1,31.251149946574603,141.5700299203857,2,9
4914,Bangalore,3899.467726320115,1,1,31.140946142909865,37.032034469934786,2,0
4915,Mumbai,3230.2381090200442,5,3,7.356017253379232,421.290396054067,3,6
4916,Hyderabad,3320.5271767333006,4,3,27.186947808196432,450.3125569669624,2,3
4917,Bangalore,3371.0145584731167,5,1,19.303396672586288,97.98590557483514,1,2
4918,Chennai,3329.2462416151193,5,3,22.126860788864672,397.78692600595184,2,9
4919,Bangalore,2991.7770412926257,1,1,26.180028652961866,375.7532831771162,1,6
4920,Delhi,4938.863083173,5,2,6.41980859011258,105.62000092932342,1,2
4921,Bangalore,3795.3075534156324,1,3,17.974386692605993,222.47782523590104,0,7
4922,Mumbai,3996.258747766345,4,3,3.1724780438301794,222.92380200036962,1,3
4923,Hyderabad,4426.082667876533,3,2,48.98340652111995,384.78284398651925,1,2
4924,Hyderabad,1470.3789322663213,1,2,5.926401441006307,422.07723477250664,2,6
4925,Mumbai,877.1187159277736,2,2,12.926236927247725,65.49205826785808,3,6
4926,Delhi,2673.024964693694,3,1,44.56464633516986,290.2252327540174,2,8
4927,Mumbai,2813.3631302867293,4,1,24.13550231195709,385.63927852586494,0,9
4928,Bangalore,4231.31800977463,3,4,6.781860076031515,397.37148515127603,0,6
4929,Mumbai,2497.0261067705105,1,2,19.211526901967446,91.03689172659628,3,5
4930,Mumbai,3068.838614949407,4,4,5.793399709569291,272.2424687123812,1,2
4931,Delhi,2871.8192233105624,2,1,10.01079985422509,431.6281790540974,0,3
4932,Bangalore,671.9125269082598,1,3,2.6014923474922513,172.88891676093638,3,7
4933,Chennai,3268.467034686113,1,2,21.911374727454998,224.05611147766263,2,5
4934,Chennai,4226.194785984135,4,3,40.331806086262986,406.09208544143956,2,8
4935,Hyderabad,1208.7524663411173,4,1,29.298458934994777,62.8733701682059,2,7
4936,Mumbai,3174.492802669681,3,2,30.317265274230586,432.5567791467096,1,7
4937,Hyderabad,3171.2474500088647,2,4,10.029201504162016,169.35522403078832,1,9
4938,Delhi,1238.8323382536144,3,4,17.194692162618324,20.696151963741034,3,9
4939,Chennai,1055.5860817883122,3,1,42.2621051920416,132.39638962705197,0,6
4940,Mumbai,4910.233743394181,1,3,4.392809216325727,62.9603076298431,2,9
4941,Delhi,2271.736263438669,4,1,42.896532683426685,64.34475535819718,1,0
4942,Delhi,1523.3977792558817,1,3,24.18450131323928,352.56115238844393,1,4
4943,Mumbai,1270.9604500446871,2,1,41.857371566255864,122.70864110675112,0,6
4944,Delhi,3504.2077111245576,3,4,15.900320969720017,468.6763342289516,2,9
4945,Mumbai,3242.503837972755,2,3,16.94214757915104,267.89338236382594,2,8
4946,Mumbai,3395.984553443379,4,1,37.58024341615714,240.8471638183609,0,3
4947,Bangalore,896.0271238015351,4,2,39.24980866961101,228.4560887456728,3,7
4948,Hyderabad,4520.905625742966,5,4,11.482233899507339,352.44206704238326,3,0
4949,Delhi,2251.6987856407172,2,4,48.64356624109528,237.08612601133206,0,3
4950,Delhi,1910.1623289366107,1,2,4.224505212241447,81.72817098809207,0,3
4951,Bangalore,2580.6265126148264,2,1,3.4251481551065446,442.48264670756316,3,1
4952,Bangalore,2255.297295864327,3,3,29.775210764305136,225.62976748431618,0,2
4953,Bangalore,4386.096514126157,4,4,36.137038388581075,55.52219633576119,2,2
4954,Chennai,4681.674388390515,4,1,48.044306461248695,274.09567399892535,3,8
4955,Chennai,1865.539474023228,2,2,20.247289039943077,330.7264920587376,3,6
4956,Chennai,4387.711133569796,2,3,1.2645704494816556,152.2795827957241,3,1
4957,Mumbai,4016.854082898802,2,1,30.14481697232035,404.1633956834443,2,8
4958,Delhi,4688.634525551428,3,1,14.484801029938593,341.4924060979346,0,7
4959,Hyderabad,1605.8764048364953,3,4,21.64735605977011,332.16376124692806,1,5
4960,Mumbai,3096.3161755444057,1,4,24.423474112496763,221.99597737654122,1,5
4961,Delhi,1735.4506313320007,2,3,3.2256305369016913,481.7193446774181,2,1
4962,Delhi,4208.425207179684,1,1,24.29908922820514,151.61080061563888,2,2
4963,Bangalore,523.9588575697892,5,2,21.315983340215737,297.29864048741723,0,5
4964,Bangalore,3041.6862329887826,3,2,35.62721326432966,168.34647558685643,1,2
4965,Mumbai,2026.415440723631,4,3,32.28329556061723,377.50628142634594,3,6
4966,Bangalore,1952.076681850191,5,1,9.260785907528051,42.93991225765829,2,4
4967,Delhi,3402.0784573921264,4,4,10.306945910519849,42.029056580023635,1,3
4968,Bangalore,4331.680021912973,5,1,12.550308938718663,409.21326536901984,3,7
4969,Chennai,3241.379261269968,1,4,8.947522014858865,228.4487173105621,3,1
4970,Bangalore,4339.278403910252,1,2,32.86065998342336,183.76642620817074,0,2
4971,Delhi,1690.687003464635,3,3,49.72150896001353,311.61289384416244,2,9
4972,Mumbai,2837.758346442415,4,3,32.60541702579683,356.9116850571073,3,3
4973,Hyderabad,2527.4144258018423,5,3,30.33407730956456,116.57664648531517,2,9
4974,Bangalore,552.402047763933,2,4,20.496396667553622,109.00699587427114,1,5
4975,Delhi,3005.6546441333307,2,2,15.629012942988036,479.9123589247431,1,4
4976,Hyderabad,3476.859458657787,3,2,45.55368784532396,303.03886706459326,2,4
4977,Hyderabad,3163.6148198858155,4,3,48.45009370710765,207.2559091012487,3,6
4978,Chennai,3813.2595445253964,2,3,24.83880877938639,404.6920134413631,3,7
4979,Hyderabad,3071.027878038847,3,4,14.510024775327873,272.07630021340026,1,5
4980,Delhi,800.3761468284061,3,4,38.506110383488384,135.99814897979905,3,2
4981,Delhi,1024.0048583812013,4,1,6.622839543343923,119.23294670795543,3,3
4982,Bangalore,3184.1355989477856,2,4,38.27941188218408,210.49244776151443,1,0
4983,Bangalore,1737.406363881381,2,1,40.94741871556693,432.75001292474224,0,4
4984,Bangalore,858.4030806564463,2,3,6.245197231358368,49.49499970124428,1,9
4985,Hyderabad,2433.2123455184606,1,2,48.84307343982819,124.8924803622863,2,7
4986,Hyderabad,2994.451691376449,2,4,49.27561451942392,448.7128730492439,0,2
4987,Chennai,1979.3569475732295,5,2,46.83597396636756,78.43259310524024,2,9
4988,Bangalore,3741.951660016001,1,4,24.801740470313216,322.2203447668008,0,3
4989,Mumbai,3396.967736455601,1,4,12.303707113841423,122.48545669809205,0,3
4990,Chennai,1997.6826249125238,1,1,29.10046404409565,310.8160868057064,1,5
4991,Mumbai,3896.926380088523,1,4,20.996691923571788,203.8900000852314,1,8
4992,Hyderabad,3419.1276913986594,3,3,10.297432235859855,68.8049102868761,2,9
4993,Chennai,3368.5042042305595,5,2,21.18382048089238,299.58803242597105,1,2
4994,Chennai,2990.424653541806,4,4,33.19449178387953,347.86051860060127,0,3
4995,Delhi,551.2535063984876,2,2,3.545665539299553,346.53085710358533,1,5
4996,Hyderabad,3634.282325646001,1,2,16.670900072300824,325.7765163549006,2,5
4997,Hyderabad,2192.188059991204,4,2,0.8897445006412597,260.10789484906195,0,6
4998,Chennai,4741.74369571395,3,4,37.47477527308378,269.3468560924763,2,0
4999,Hyderabad,4180.9314698474245,4,1,32.03456338083504,325.10725270782063,3,8
5000,Chennai,3144.625112890905,1,2,3.1336067350982932,351.3244936383877,1,1
